date,brl_usd,brl_usd_mm30,usdt_volume,usdc_volume,usdt_volume_mm30,usdt_close,stablecoin_vol_total,stablecoin_vol_total_mm30,dxy,vix,dxy_var_30d,brl_adj_dxy_30d,brl_usd_var_30d,ipca_mensal,selic_meta,ibc_br,divida_bruta_pib,desvio_meta_ipca,semestre,trimestre,ano,mes_num,variacao_usdt_30d,variacao_cambio_30d,divida_pib_var,ibc_br_var,ipca_desvio_meta,score_copom,irf_v2,irf,irf_v2_mm7d,irf_v2_mm30d,irf_v2_nivel
2022-01-03,5.569300174713135,5.569300174713135,54125933259,2979943098,46888355195.0,1.0001649856567385,57105876357,49597340644.333336,96.23999786376952,16.600000381469727,,,,0.5703225806451613,9.25,97.41454161290322,88.33419354838709,,2022-S1,1,2022,1,,,,,0.0,0.8,,,,,
2022-01-04,5.68120002746582,5.6252501010894775,60765931554,3450318436,50357749284.75,1.000208020210266,64216249990,53252067980.75,96.29000091552734,16.90999984741211,,,,0.585483870967742,9.25,97.44980741935484,88.36129032258064,,2022-S1,1,2022,1,,,0.030675294701931755,0.03620178863208423,0.0,0.8,,,,,
2022-01-05,5.676199913024902,5.642233371734619,77225535519,4834405737,55731306531.6,1.0001219511032104,82059941256,59013642635.8,96.19000244140624,19.729999542236328,,,,0.6006451612903226,9.25,97.48507322580645,88.3883870967742,,2022-S1,1,2022,1,,,0.030665887850478413,0.03618868767985006,0.0,0.8,,,,,
2022-01-06,5.705635070800781,5.65808379650116,71751236899,4569272674,58401294926.16666,1.000195026397705,76320509573,61898120458.66666,96.25,19.61000061035156,,,,0.6158064516129033,9.25,97.52033903225806,88.41548387096775,,2022-S1,1,2022,1,,,0.03065648676661148,0.03617559620634481,0.0,0.8,,,,,
2022-01-07,5.682400226593018,5.662947082519532,82344370614,4710183601,61821734310.14286,1.0002520084381104,87054554215,65491896709.57143,95.73999786376952,18.76000022888184,,,,0.6309677419354839,9.25,97.55560483870968,88.44258064516129,,2022-S1,1,2022,1,,,0.030647091445068497,0.036162514201221185,0.0,0.8,,,,,
2022-01-10,5.632199764251709,5.657822529474895,68455690767,4659945891,61271194698.8,1.000180959701538,73115636658,65026374352.6,95.98999786376952,19.399999618530277,,,,0.6764516129032259,9.25,97.66140225806453,88.52387096774194,,2022-S1,1,2022,1,,,0.09191310564171662,0.10844832496272883,0.0,0.8,,,,,
2022-01-11,5.662199974060059,5.658447878701346,59061400900,3645526457,61070304353.454544,1.0003620386123655,62706927357,64815515534.81818,95.62000274658205,18.40999984741211,,,,0.6916129032258065,9.25,97.69666806451612,88.55096774193548,,2022-S1,1,2022,1,,,0.03060956767628742,0.036110280659706895,0.0,0.8,,,,,
2022-01-12,5.567299842834473,5.647054374217987,62300703831,3486307844,61172837643.25,1.000290036201477,65787011675,64896473546.5,95.0,17.6200008392334,,,,0.7067741935483871,9.25,97.73193387096774,88.57806451612903,4.480645161290323,2022-S1,1,2022,1,,,0.03060020108704986,0.0360972458429476,4.480645161290323,0.8,,,,,
2022-01-13,5.533199787139893,5.634403864542644,63231903910,3601566982,61331227356.07692,1.000404953956604,66833470892,65045473342.30769,94.79000091552734,20.309999465942383,,,,0.7219354838709677,9.25,97.76719967741936,88.60516129032258,4.662580645161291,2022-S1,1,2022,1,,,0.03059084022840608,0.03608422043319681,4.662580645161291,0.8,,,,,
2022-01-14,5.526700019836426,5.623633480072021,60503324000,4005995393,61272091402.07143,1.0002830028533936,64509319393,65007176631.64286,95.16999816894533,19.190000534057617,,,,0.7370967741935484,9.25,97.80246548387098,88.63225806451614,4.844516129032258,2022-S1,1,2022,1,,,0.030581485095160232,0.03607120442026268,4.844516129032258,0.8,,,,,
2022-01-17,5.533299922943115,5.615421338514849,51430977642,3025152126,58394978098.70588,1.0003679990768433,54456129768,61950928856.82353,,,,,,0.7825806451612903,9.25,97.9082629032258,88.71354838709678,5.390322580645162,2022-S1,1,2022,1,,,0.09171640704614958,0.10817459338208213,5.390322580645162,0.8,,,,,
2022-01-18,5.5157999992370605,5.607119560241699,52799723207,3223501722,58084130604.72222,1.0004199743270874,56023224929,61621611971.94444,95.7300033569336,22.790000915527344,,,,0.7977419354838711,9.25,97.94352870967742,88.74064516129033,5.572258064516129,2022-S1,1,2022,1,,,0.030544121711062466,0.036019234133966016,5.572258064516129,0.8,,,,,
2022-01-19,5.565700054168701,5.60393344438993,50127231375,3239858099,57665346434.73684,1.0004899501800537,53367089474,61187163419.42105,95.51000213623048,23.850000381469727,,,,0.8129032258064517,9.25,97.97879451612904,88.76774193548387,5.7541935483870965,2022-S1,1,2022,1,,,0.030534795126047065,0.03600626495310344,5.7541935483870965,0.8,,,,,
2022-01-20,5.43720006942749,5.592023917606899,38591713522,3125580294,56711664789.1,1.0002570152282717,41717293816,60213669939.25,95.73999786376952,25.59000015258789,,,,0.8280645161290323,9.25,98.01406032258063,88.79483870967742,5.936129032258064,2022-S1,1,2022,1,,,0.030525474235054695,0.03599330510826171,5.936129032258064,0.8,,,,,
2022-01-21,5.418099880218506,5.580428981781006,86570105642,7940219543,58133495305.90476,1.000177025794983,94510325185,61846843998.57143,95.63999938964844,28.850000381469727,,,,0.8432258064516129,9.25,98.04932612903228,88.82193548387097,6.118064516129033,2022-S1,1,2022,1,,,0.03051615903277849,0.03598035458951543,6.118064516129033,0.8,,,,,
2022-01-24,5.457099914550781,5.572720915079117,88845381041,7468827146,60724469864.25,1.0004390478134155,96314208187,64764744185.041664,95.91999816894533,29.899999618530277,,,,0.8887096774193548,9.25,98.1551235483871,88.90322580645162,6.663870967741936,2022-S1,1,2022,1,,,0.09152054854220104,0.10790224015979621,6.663870967741936,0.8,,,,,
2022-01-25,5.486100196838379,5.567625578712015,58560287216,4146328235,60637902558.32,1.0006040334701538,62706615451,64682419035.68,95.9499969482422,31.15999984741211,,,,0.9038709677419356,9.25,98.19038935483871,88.93032258064517,6.845806451612905,2022-S1,1,2022,1,,,0.030478955007251507,0.035928645573179985,6.845806451612905,0.8,,,,,
2022-01-26,5.440703868865967,5.560574372609456,70750980627,83252070566791,61026867099.42308,1.000630021095276,83322821547418,3266918539358.077,96.48999786376952,31.959999084472656,,,,0.9190322580645162,9.25,98.22565516129032,88.95741935483872,7.027741935483871,2022-S1,1,2022,1,,,0.03046966817081831,0.03591574153367638,7.027741935483871,0.8,,,,,
2022-01-27,5.429166793823242,5.553658184252288,53950927548,5023632111,60764795264.18519,1.0003440380096436,58974559659,3148105799369.222,97.26000213623048,30.489999771118164,,,,0.9341935483870968,9.25,98.26092096774194,88.98451612903226,7.20967741935484,2022-S1,1,2022,1,,,0.030460386991948418,0.035902846760049734,7.20967741935484,0.8,,,,,
2022-01-28,5.40348482131958,5.546149516105652,50688257403,4809047239,60404918912.0,1.00034499168396,55497304642,3037655495986.107,97.2699966430664,27.65999984741211,,,,0.9493548387096776,9.25,98.29618677419356,89.01161290322581,7.391612903225807,2022-S1,1,2022,1,,,0.030451111465579217,0.035889961242263624,7.391612903225807,0.8,,,,,
2022-01-31,5.362599849700928,5.537409055800665,45082693892,2977541960,58916170665.73333,1.0004849433898926,48060235852,5435830418313.7,96.54000091552734,24.82999992370605,,,,0.9948387096774194,9.25,98.4019841935484,89.09290322580645,7.937419354838711,2022-S1,1,2022,1,,,0.09132552475936695,0.10763125491111136,7.937419354838711,0.8,,,,,
2022-02-01,5.303100109100342,5.526758649132469,43193864245,3093316095,58915868713.833336,1.0004260540008545,46287180340,5435850175092.134,96.38999938964844,21.959999084472656,,,,1.01,9.25,98.43725,89.12,8.119354838709679,2022-S1,1,2022,2,,,0.030414065781281252,0.03583851153066142,8.119354838709679,0.8,,,,,
2022-02-02,5.264500141143799,5.515356105306874,44198324772,2735917325,58584948430.93333,1.000380039215088,46934242097,5435511120616.8,95.94000244140624,22.09000015258789,,,,1.0317857142857143,9.25,98.47734142857144,89.03607142857143,8.30791474654378,2022-S1,1,2022,2,,,-0.09417478840728633,0.04072790388947034,8.30791474654378,0.8,,,,,
2022-02-03,5.260900020599365,5.504753768444061,41979444063,2639131315,57958732181.23333,1.0003859996795654,44618575378,5434857864796.4,95.37999725341795,24.350000381469727,,,,1.0535714285714286,10.75,98.51743285714286,88.95214285714286,8.503099078341014,2022-S1,1,2022,2,,,-0.09426356091631893,0.04071132302094771,8.503099078341014,0.8,,,,,
2022-02-04,5.282899856567383,5.495879611968994,59154422463,5446795900,57356361746.03333,1.0005630254745483,64601218363,5434275907366.634,95.4800033569336,23.21999931335449,,,,1.075357142857143,10.75,98.5575242857143,88.86821428571429,8.704907834101382,2022-S1,1,2022,2,,,-0.09435250094352865,0.04069475564751901,8.704907834101382,0.8,,,,,
2022-02-07,5.326900005340576,5.489380396329439,64635714287,3534437072,55336489425.66666,1.0005550384521484,68170151359,5432187000647.467,95.4000015258789,22.86000061035156,,,,1.1407142857142858,10.75,98.67779857142858,88.61642857142857,9.350080645161292,2022-S1,1,2022,2,,,-0.28332482689054084,0.12203460525817,9.350080645161292,0.8,,,,,
2022-02-08,5.262599945068359,5.480981120356807,72230569455,3736950599,56107201008.833336,1.0006190538406372,75967520054,5432984881340.634,95.63999938964844,21.440000534057617,,,,1.1625,10.75,98.71789,88.5325,9.578387096774192,2022-S1,1,2022,2,,,-0.09470994575336844,0.04062862077571783,9.578387096774192,0.8,,,,,
2022-02-09,5.258399963378906,5.473031793321882,53386706331,2902479207,55604901527.63333,1.0007439851760864,56289185538,5432423999636.634,95.48999786376952,19.959999084472656,,,,1.1842857142857144,10.75,98.75798142857144,88.44857142857143,9.81331797235023,2022-S1,1,2022,2,,,-0.09479973052672896,0.04061212063126707,9.81331797235023,0.8,,,,,
2022-02-10,5.234499931335449,5.46480655670166,77334791717,4195499895,56214014554.86667,1.0007259845733645,81530291612,5433051445111.8,95.5500030517578,23.90999984741211,,,,1.206071428571429,10.75,98.79807285714286,88.36464285714285,10.0548732718894,2022-S1,1,2022,2,,,-0.09488968569305589,0.04059563388343346,10.0548732718894,0.8,,,,,
2022-02-11,5.248700141906738,5.457603009541829,66753002645,4014217487,56362424515.333336,1.000722050666809,70767220132,5433217452060.366,96.08000183105467,27.36000061035156,,,,1.227857142857143,10.75,98.83816428571429,88.28071428571428,10.303052995391706,2022-S1,1,2022,2,,,-0.09497981173789416,0.04057916051600774,10.303052995391706,0.8,,,,,
2022-02-14,5.249956130981445,5.446958208084107,48318327792,2963505590,55464959717.566666,1.000512957572937,51281833382,5432235278348.533,96.37000274658205,28.32999992370605,,,-5.734006674332981,1.293214285714286,10.75,98.95843857142856,88.02892857142857,11.080714285714286,2022-S1,1,2022,2,-10.729801995671483,-5.734006674332981,-0.2852103274457285,0.1216881015379867,11.080714285714286,0.8,,5.0,,,
2022-02-15,5.214000225067139,5.431384881337483,53542330209,3303759191,55864657986.96667,1.0005849599838257,56846089400,5432668535258.033,95.98999786376952,25.700000762939453,-0.2597672543113383,-7.963843957052452,-8.22361121136379,1.315,10.75,98.99853,87.945,11.342142857142855,2022-S1,1,2022,2,-11.88758430960728,-8.22361121136379,-0.09534203447730816,0.040513400524710974,11.342142857142855,0.8,17.91,5.0,17.91,17.91,BAIXO
2022-02-16,5.157899856567383,5.4141082127889,48729582312,3231224663,55774611475.96667,1.000396966934204,51960806975,5432585357831.6,95.6999969482422,24.290000915527344,-0.6127364852792416,-8.51837348969189,-9.13110997497113,1.3367857142857145,10.75,99.03862142857145,87.86107142857144,11.60357142857143,2022-S1,1,2022,2,-36.89965115229155,-9.13110997497113,-0.09543302226227013,0.04049699381540872,11.60357142857143,0.8,18.0,5.0,17.95,17.95,BAIXO
2022-02-17,5.135799884796143,5.395113706588745,59426477844,3964363431,55995503297.2,1.0005149841308594,63390841275,5432830945043.134,95.8000030517578,28.11000061035156,-0.4054469069028288,-9.581788149906767,-9.987235056809595,1.3585714285714283,10.75,99.07871285714286,87.77714285714286,11.865,2022-S1,1,2022,2,-17.1770684209233,-9.987235056809595,-0.09552418387795969,0.0404806003891478,11.865,0.8,18.0,5.0,17.97,17.97,BAIXO
2022-02-18,5.170599937438965,5.378053696950277,52679060916,3506445548,56080564281.9,1.0005589723587036,56185506464,5432924892276.134,96.04000091552734,27.75,-0.2181808669845741,-8.788581570460131,-9.006762437444705,1.380357142857143,10.75,99.11880428571428,87.69321428571429,12.126428571428573,2022-S1,1,2022,2,-36.02591103289867,-9.006762437444705,-0.09561551982293359,0.04046422022985219,12.126428571428573,0.8,18.0,5.0,17.98,17.98,BAIXO
2022-02-21,5.137499809265137,5.361563698450724,72043746349,5035066514,54058224127.6,1.0005019903182983,77078812863,5430635492755.767,,,,,-8.783423452529082,1.4457142857142855,10.75,99.23907857142858,87.44142857142857,12.910714285714286,2022-S1,1,2022,2,5.241427764146778,-8.783423452529082,-0.28712109179322987,0.12134355996427093,12.910714285714286,0.8,,40.0,17.98,17.98,
2022-02-22,5.102700233459473,5.342913707097371,60539262856,4311028906,54166310667.13333,1.000704050064087,64850291762,5430734872439.6,96.02999877929688,28.809999465942383,0.3029046605369512,-10.184218340092476,-9.881313679555523,1.4675,10.75,99.27917,87.3575,13.17214285714286,2022-S1,1,2022,2,2.50224670170327,-9.881313679555525,-0.09598261693541943,0.04039883194053573,13.17214285714286,0.8,20.36,22.52,18.45,18.45,BAIXO
2022-02-23,5.05709981918335,5.325907039642334,54845607157,4088593001,53032984871.0,1.0004980564117432,58934200158,5429488872171.967,96.19000244140624,31.020000457763672,0.2083598104883455,-9.372587318510718,-9.164227508022371,1.4892857142857143,10.75,99.31926142857142,87.27357142857143,13.43357142857143,2022-S1,1,2022,2,-11.966312121004396,-9.164227508022371,-0.09607483207345613,0.040382517875037216,13.43357142857143,0.8,18.0,5.0,18.38,18.38,BAIXO
2022-02-24,5.008699893951416,5.308423709869385,107952010250,9044960990,54679375638.8,1.0006359815597534,116996971240,5431298550698.267,97.13999938964844,30.31999969482422,1.58962204497608,-11.068764555020715,-9.479142510044635,1.5110714285714288,10.75,99.35935285714284,87.18964285714286,13.695,2022-S1,1,2022,2,70.72395985996494,-9.479142510044635,-0.09616722457297389,0.04036621698022547,13.695,0.8,26.03,40.0,19.73,19.47,BAIXO
2022-02-25,5.122200012207031,5.294940376281739,66025345539,5563465156,54521854469.2,1.000473976135254,71588810695,2656257459474.1665,96.62000274658205,27.59000015258789,1.7052660490337157,-9.024281124531996,-7.319015075498281,1.532857142857143,10.75,99.39944428571428,87.10571428571428,13.956428571428576,2022-S1,1,2022,2,9.12680688254417,-7.319015075498281,-0.09625979494615189,0.0403499292402687,13.956428571428576,0.8,22.35,40.0,20.46,19.83,BAIXO
2022-02-28,5.15939998626709,5.2824770450592045,72330789600,5502186592,55598544507.53333,1.0003509521484375,77832976192,59385095212.7,96.70999908447266,30.149999618530277,2.025528167951318,-8.782796739743304,-6.757268571791986,1.5982142857142858,10.75,99.51971857142856,86.85392857142857,14.740714285714288,2022-S1,1,2022,2,40.63662196639368,-6.757268571791986,-0.28905763112146987,0.1210009639174281,14.740714285714288,0.8,25.01,40.0,21.62,20.41,BAIXO
2022-03-01,5.158400058746338,5.270563713709513,75388694286,5617261430,56943377208.53333,1.0004520416259766,81005955716,60839373062.6,97.41000366210938,33.31999969482422,2.3536887004953044,-8.833255409588414,-6.47956670909311,1.62,10.75,99.55981,86.77,15.002142857142855,2022-S1,1,2022,3,42.782366472719005,-6.47956670909311,-0.09663186548843905,0.040284909510335254,15.002142857142855,0.8,25.1,40.0,22.81,20.88,BAIXO
2022-03-02,5.158999919891357,5.257007042566936,68076385283,5351706956,57709833588.23333,1.0004669427871704,73428092239,61684968275.5,97.38999938964844,30.739999771118164,1.734039459421588,-9.041298749701266,-7.307259290279678,1.6019354838709678,10.75,99.55841161290324,86.75967741935483,15.223721198156682,2022-S1,1,2022,3,35.807191850918386,-7.307259290279678,-0.011896485703777326,-0.0014045698728759604,15.223721198156682,0.8,25.02,40.0,23.12,21.25,BAIXO
2022-03-03,5.096502780914307,5.245650466283163,57033279685,3923999317,58171147436.23333,1.0000170469284058,60957279002,62173971564.23333,97.79000091552734,30.479999542236328,2.387183256518832,-8.653226149236172,-6.266042892717339,1.5838709677419356,10.75,99.55701322580644,86.74935483870968,15.405449308755763,2022-S1,1,2022,3,47.78633670279244,-6.266042892717339,-0.01189790113587108,-0.0014045896013614723,15.405449308755763,0.8,25.55,40.0,23.87,21.61,BAIXO
2022-03-04,5.030900001525879,5.232743803660075,61900652306,4810312635,58761225020.7,1.0001970529556274,66710964941,62833195659.03333,98.6500015258789,31.979999542236328,3.0394858231040267,-10.185900382685965,-7.146414559581937,1.565806451612903,10.75,99.55561483870969,86.73903225806451,15.547327188940097,2022-S1,1,2022,3,-28.49650367531892,-7.146414559581937,-0.011899316904839807,-0.00140460933032438,15.547327188940097,0.8,18.24,5.0,23.9,21.35,BAIXO
2022-03-07,5.06056022644043,5.2195258140563965,61333826920,4227523780,58519027002.26667,1.0001230239868164,65561350700,62463734127.76667,99.29000091552734,36.45000076293945,3.8163964336808354,-11.082887689467093,-7.266491255786256,1.5116129032258063,10.75,99.55141967741936,86.70806451612903,15.733859447004608,2022-S1,1,2022,3,-30.965654937428976,-7.266491255786256,-0.03570219903231697,-0.004213887179671527,15.733859447004608,0.8,18.72,5.0,22.86,21.16,BAIXO
2022-03-08,5.110499858856201,5.207005802790324,55667916973,4167069281,59022214477.93333,1.0002820491790771,59834986254,63032986078.63333,99.05999755859376,35.130001068115234,3.273560727261393,-10.119960255265546,-6.846399528004154,1.4935483870967745,10.75,99.55002129032258,86.69774193548386,15.716336405529956,2022-S1,1,2022,3,-4.939132611032926,-6.846399528004154,-0.011904983351629372,-0.0014046882518714554,15.716336405529956,0.8,18.24,5.0,22.27,20.97,BAIXO
2022-03-09,5.058800220489502,5.194275681177775,67017876859,4206640635,59101619897.0,1.0002939701080322,71224517494,63134798283.13333,97.97000122070312,32.45000076293945,2.1052676776535773,-9.12464711055896,-7.019379432905382,1.475483870967742,10.75,99.5486229032258,86.68741935483871,15.658963133640556,2022-S1,1,2022,3,-5.2763986236190386,-7.019379432905382,-0.011906400806649398,-0.0014047079836321252,15.658963133640556,0.8,18.24,5.0,21.3,20.8,BAIXO
2022-03-10,5.011499881744385,5.180353450775146,65784999972,3932910648,58886767580.9,1.0005650520324707,69717910620,62926477968.66666,98.51000213623048,30.229999542236328,2.0934856639886146,-9.786506120719409,-7.693020456730792,1.4574193548387098,10.75,99.54722451612903,86.67709677419354,15.561739631336408,2022-S1,1,2022,3,21.9348822380695,-7.6930204567307925,-0.011907818599277142,-0.0014047277159479066,15.561739631336408,0.8,24.13,40.0,21.16,20.99,BAIXO
2022-03-11,5.009699821472168,5.167227284113566,58051333936,3885937976,59042255167.73333,1.0002000331878662,61937271912,63114747514.46667,99.12000274658205,30.75,1.912400338780884,-9.200012183154428,-7.287611844373543,1.4393548387096775,10.75,99.54582612903224,86.66677419354839,15.424665898617512,2022-S1,1,2022,3,14.526197802499752,-7.287611844373543,-0.011909236729568118,-0.0014047474488632083,15.424665898617512,0.8,23.4,40.0,20.93,21.13,BAIXO
2022-03-14,5.073500156402588,5.157590627670288,52613345077,3579010932,57034139579.13333,1.0002189874649048,56192356009,61033193590.73333,99.05999755859376,31.770000457763672,1.8402395160922904,-7.231275606813525,-5.391036090721235,1.3851612903225807,10.75,99.54163096774194,86.63580645161291,14.8141935483871,2022-S1,1,2022,3,16.704084283517773,-5.391036090721235,-0.03573196559309988,-0.004214301546767718,14.8141935483871,0.8,24.12,40.0,20.73,21.29,BAIXO
2022-03-15,5.121399879455566,5.151533953348795,52961395870,3439991060,57423616435.53333,1.0003340244293213,56401386930,61466555124.86667,99.06999969482422,29.82999992370605,2.620674078417129,-6.046976164115458,-3.426302085698329,1.3670967741935485,10.75,99.54023258064517,86.62548387096774,14.59741935483871,2022-S1,1,2022,3,22.613238698898442,-3.4263020856983295,-0.011914912630184293,-0.0014048263858756904,14.59741935483871,0.8,24.18,40.0,21.58,21.43,BAIXO
2022-03-16,5.1631999015808105,5.148157278696696,74673285342,5396067900,58302115020.53333,1.0004349946975708,80069353242,62426139120.2,98.37999725341795,26.670000076293945,2.0645273123460983,-3.988741137915097,-1.924213825568999,1.3490322580645162,10.75,99.53883419354838,86.61516129032258,14.38064516129032,2022-S1,1,2022,3,68.95048789112961,-1.924213825568999,-0.011916332450789824,-0.0014048461215443453,14.38064516129032,0.8,26.23,40.0,22.65,21.66,BAIXO
2022-03-17,5.073874950408936,5.141923109690349,52913216462,3742857761,58281144562.3,1.000499963760376,56656074223,62419805280.96667,98.01000213623048,25.670000076293945,2.157598126066796,-5.712599541378283,-3.5550014153114877,1.330967741935484,11.75,99.5374358064516,86.60483870967742,14.163870967741936,2022-S1,1,2022,3,26.04553881797793,-3.555001415311465,-0.011917752609791332,-0.0014048658577459072,14.163870967741936,0.8,24.44,40.0,23.53,21.78,BAIXO
2022-03-18,5.039400100708008,5.133806451161703,64969319781,4336717258,58822469144.6,1.0004830360412598,69306037039,62997979616.43333,98.2300033569336,23.8700008392334,2.9880542939662247,-7.597260647871851,-4.609206353905626,1.3129032258064517,11.75,99.53603741935484,86.59451612903226,13.94709677419355,2022-S1,1,2022,3,9.830029735540258,-4.609206353905626,-0.011919173107366454,-0.0014048855944803762,13.94709677419355,0.8,22.72,40.0,24.17,21.83,BAIXO
2022-03-21,5.0177998542785645,5.123503112792969,64828148834,3371335656,59894568448.53333,1.0003470182418823,68199484490,64060342001.3,98.5,23.530000686645508,3.162962439136852,-8.965589684854214,-5.802627245717362,1.258709677419355,11.75,99.53184225806451,86.56354838709677,13.296774193548387,2022-S1,1,2022,3,0.297721699408382,-5.802627245717362,-0.035761781830778716,-0.004214715995420892,13.296774193548387,0.8,19.21,7.08,23.47,21.72,BAIXO
2022-03-22,4.935200214385986,5.11258978843689,71455738693,4026123791,60756056704.9,1.00033700466156,75481862484,64960390415.03333,98.48999786376952,22.940000534057617,3.238989820196614,-9.4602442210595,-6.221254400862886,1.2406451612903229,11.75,99.53044387096774,86.55322580645161,13.080000000000002,2022-S1,1,2022,3,-1.0727186118651977,-6.221254400862886,-0.011924858485479195,-0.0014049645470692873,13.080000000000002,0.8,18.24,5.0,22.73,21.58,BAIXO
2022-03-23,4.909999847412109,5.1009764512379965,68181581345,3777569857,60627317871.43333,1.0004090070724487,71959151202,64789735026.333336,98.62000274658205,23.56999969482422,3.115854638175719,-9.741446422618916,-6.625591784443197,1.2225806451612904,11.75,99.52904548387096,86.54290322580646,12.863225806451617,2022-S1,1,2022,3,27.71265738378972,-6.625591784443197,-0.011926280677554413,-0.0014049842866126205,12.863225806451617,0.8,24.55,40.0,22.8,21.69,BAIXO
2022-03-24,4.82420015335083,5.087299791971843,77842904360,4794381206,61204105921.566666,1.000599980354309,82637285566,65382634819.8,98.79000091552734,21.670000076293945,3.455862525482245,-11.29423836590262,-7.838375840420375,1.204516129032258,11.75,99.5276470967742,86.53258064516129,12.646451612903228,2022-S1,1,2022,3,0.657029820238475,-7.838375840420375,-0.011927703208935991,-0.0014050040266666564,12.646451612903228,0.8,19.19,9.6,22.08,21.6,BAIXO
2022-03-25,4.826300144195557,5.073219792048136,64320675570,3995768300,61519941535.333336,1.00040602684021,68316443870,65695376276.86667,98.80999755859376,20.809999465942383,3.411820411005162,-11.45952720108544,-8.047706790080278,1.186451612903226,11.75,99.52624870967742,86.52225806451614,12.42967741935484,2022-S1,1,2022,3,-3.6437717834737593,-8.047706790080278,-0.01192912607966834,-0.001405023767342417,12.42967741935484,0.8,18.24,5.0,20.94,21.48,BAIXO
2022-03-28,4.7368998527526855,5.056117916107178,86217871591,4736107595,60336856139.93333,1.0004119873046875,90953979186,64259304061.46667,99.08999633789062,19.6299991607666,3.132800218019005,-12.905382415441046,-9.77258219742204,1.132258064516129,11.75,99.52205354838708,86.49129032258065,11.77935483870968,2022-S1,1,2022,3,78.43720081156238,-9.772582197422041,-0.03579164786984279,-0.004215130525597743,11.77935483870968,0.8,26.95,40.0,21.3,21.67,BAIXO
2022-03-29,4.764100074768066,5.041121244430542,80447404974,4605087735,61109849679.76667,1.0004500150680542,85052492709,65040730517.833336,98.4000015258789,18.899999618530277,2.106463340708853,-10.735157833971542,-8.628694493262689,1.1141935483870968,11.75,99.52065516129032,86.48096774193549,11.56258064516129,2022-S1,1,2022,3,50.250100546571815,-8.628694493262689,-0.01193482095904752,-0.0014051027354189394,11.56258064516129,0.8,25.64,40.0,21.72,21.93,BAIXO
2022-03-30,4.756199836730957,5.027731243769328,79713341087,4294916739,61355934729.333336,1.0002779960632324,84008257826,65246573238.96667,97.79000091552734,19.32999992370605,1.8751985538247415,-9.663252432477588,-7.788053878652845,1.0961290322580646,11.75,99.51925677419356,86.47064516129032,11.345806451612903,2022-S1,1,2022,3,63.58305839073453,-7.788053878652845,-0.011936245528576528,-0.001405122478836951,11.345806451612903,0.8,25.99,40.0,22.69,22.21,BAIXO
2022-03-31,4.769700050354004,5.01552791595459,90489848043,4965559497,61859306521.23333,1.0003039836883545,95455407540,65728221633.1,98.30999755859376,20.559999465942383,2.7272734520181308,-9.855663238503563,-7.1283897864854335,1.0780645161290323,11.75,99.51785838709677,86.46032258064517,11.129032258064518,2022-S1,1,2022,3,52.27193555126086,-7.1283897864854335,-0.011937670438211256,-0.0014051422228433808,11.129032258064518,0.8,25.35,40.0,23.7,22.46,BAIXO
2022-04-01,4.737800121307373,5.00110125541687,92250507858,4910693133,62665110607.066666,1.000357985496521,97161200991,66519325258.16666,98.62999725341795,19.6299991607666,2.954064834560799,-11.324463267396446,-8.370398432835646,1.06,11.75,99.51646,86.45,10.91225806451613,2022-S1,2,2022,4,75.11798094711504,-8.370398432835646,-0.011939095688129342,-0.001405161967349411,10.91225806451613,0.8,25.73,40.0,23.87,22.73,BAIXO
2022-04-04,4.657199859619141,4.985091257095337,79820905659,4217884092,64954464675.53333,1.0002280473709106,84038789751,68821889832.7,98.98999786376952,18.56999969482422,3.0716336111209275,-12.420538087570876,-9.348904476449947,1.001,11.75,99.532229,86.46900000000001,10.252322580645162,2022-S1,2,2022,4,10.795051207255767,-9.348904476449949,0.02197802197803078,0.015845619910526132,10.252322580645162,0.8,26.77,40.0,24.95,22.86,BAIXO
2022-04-05,4.593800067901611,4.968127918243408,71594982811,3993328112,65877151793.96667,1.0001939535140991,75588310923,69772260758.1,99.47000122070312,21.030000686645508,3.5822164793652744,-13.55537073641718,-9.973154257051908,0.9813333333333334,11.75,99.53748533333332,86.47533333333334,10.029139784946237,2022-S1,2,2022,4,18.262065696599873,-9.973154257051908,0.007324397568297947,0.005281036490534241,10.029139784946237,0.8,23.63,40.0,25.72,22.97,BAIXO
2022-04-06,4.650700092315674,4.954581260681152,92098510461,5849605363,66902641245.333336,1.000154972076416,97948115824,70851819595.56667,99.5999984741211,22.100000381469727,3.5450628403840945,-11.581284022454884,-8.03622118207079,0.9616666666666668,11.75,99.54274166666666,86.48166666666667,9.804354838709678,2022-S1,2,2022,4,67.92322163078721,-8.03622118207079,0.007323861139596488,0.00528075761179192,9.804354838709678,0.8,25.73,40.0,25.55,23.23,BAIXO
2022-04-07,4.715199947357178,4.944797929128011,61906251582,3809231231,67110585732.3,1.0002620220184326,65715482813,71047836147.53334,99.75,21.549999237060547,2.6868443759015426,-8.546647374852899,-5.859802998951357,0.942,11.75,99.547998,86.488,9.577967741935485,2022-S1,2,2022,4,-42.653914977002486,-5.859802998951357,0.007323324789454411,0.005280478762537122,9.577967741935485,0.8,17.48,5.0,24.38,22.95,BAIXO
2022-04-08,4.752099990844727,4.932461261749268,64297486911,3965817036,67019906067.36667,1.000288009643555,68263303947,70949129029.3,99.8000030517578,21.15999984741211,3.291244271143712,-10.516655627207438,-7.225411356063727,0.9223333333333332,11.75,99.55325433333331,86.49433333333333,9.349978494623656,2022-S1,2,2022,4,-2.616962643503906,-7.225411356063727,0.0073227885178717145,0.005280199942658825,9.349978494623656,0.8,17.18,5.0,23.12,22.77,BAIXO
2022-04-11,4.698100090026856,4.91708459854126,73914574528,5102389285,66866191919.2,1.0003479719161987,79016963813,70776290259.6,99.93000030517578,24.3700008392334,3.329543223230269,-12.27050336332579,-8.940960140095521,0.8633333333333333,11.75,99.56902333333332,86.51333333333334,8.656397849462365,2022-S1,2,2022,4,2.189641419316124,-8.94096014009551,0.02196675697445638,0.01583976345687077,8.656397849462365,0.8,22.21,20.33,22.68,22.68,BAIXO
2022-04-12,4.693600177764893,4.901591269175212,68489224153,4605505010,67740209025.76667,1.0004349946975708,73094729163,71710410867.9,100.29000091552734,24.26000022888184,2.9565723695154977,-11.967115865329724,-9.010543495814227,0.8436666666666667,11.75,99.57427966666668,86.51966666666667,8.422,2022-S1,2,2022,4,-9.151863151821772,-9.010543495814227,0.007320644216690653,0.005279084957754421,8.422,0.8,15.95,5.0,21.28,22.38,BAIXO
2022-04-13,4.673099994659424,4.885394605000814,57894656914,3725782044,67916252753.66666,1.0002750158309937,61620438958,71891346966.2,99.87999725341795,21.81999969482422,2.556728493042981,-11.975219145823722,-9.418490652780742,0.8240000000000001,11.75,99.579536,86.526,8.186000000000002,2022-S1,2,2022,4,-14.956329315479355,-9.418490652780742,0.007320108337594,0.005278806285025084,8.186000000000002,0.8,15.64,5.0,19.69,22.06,BAIXO
2022-04-14,4.690199851989746,4.871851174036662,52908937427,3957318706,67914504138.9,1.0001269578933716,56866256133,71906842606.3,100.31999969482422,22.700000762939453,2.5871753304127054,-10.559366191293009,-7.972190860880302,0.8043333333333333,11.75,99.58479233333333,86.53233333333334,7.949999999999999,2022-S1,2,2022,4,-7.231466050662205,-7.972190860880302,0.007319572536967911,0.0052785276417832705,7.949999999999999,0.8,15.33,5.0,18.5,21.72,BAIXO
2022-04-15,4.701000213623047,4.860854514439901,42988969647,3220618832,66858360282.4,1.000239014625549,46209588479,70778183780.86667,,,,,-6.557470587822712,0.7846666666666666,11.75,99.59004866666666,86.53866666666667,7.713999999999999,2022-S1,2,2022,4,-30.55166941619919,-6.557470587822712,0.007319036814745772,0.005278249027962367,7.713999999999999,0.8,,5.0,17.3,21.84,
2022-04-18,4.7006001472473145,4.848855845133463,68691204704,4013104508,65798588130.76667,1.0002180337905884,72704309212,69645270978.83333,100.77999877929688,22.170000076293945,2.159145687249886,-9.272193711308462,-7.1130480240585765,0.7256666666666667,11.75,99.60581766666668,86.55766666666666,7.006,2022-S1,2,2022,4,11.995628111704981,-7.1130480240585765,0.021955503512871566,0.015833911330642714,7.006,0.8,22.68,40.0,18.17,21.98,BAIXO
2022-04-19,4.651999950408936,4.833572514851888,57975539645,3629844066,65803201941.0,1.0003429651260376,61605383711,69672759651.6,100.95999908447266,21.3700008392334,1.6819399270285862,-10.653663263498537,-8.97172333646995,0.706,11.75,99.611074,86.56400000000001,6.77,2022-S1,2,2022,4,4.145336842977687,-8.971723336469928,0.007316894709896715,0.005277134866665811,6.77,0.8,16.86,34.02,18.11,21.93,BAIXO
2022-04-20,4.664999961853027,4.820445839564005,66021482830,4170091755,65842979740.86667,1.000201940536499,70191574585,69739162654.76666,100.38999938964844,20.31999969482422,1.3426225154790528,-9.127082100213745,-7.784459584734693,0.6863333333333332,11.75,99.61633033333332,86.57033333333334,6.533999999999999,2022-S1,2,2022,4,-1.486758572039415,-7.784459584734693,0.007316359379561099,0.005276856399838437,6.533999999999999,0.8,13.47,5.0,16.66,21.77,BAIXO
2022-04-21,4.620800018310547,4.807422510782877,77014328066,4474827385,66028266053.3,1.0001569986343384,81489155451,69939405753.66667,100.58000183105467,22.68000030517578,2.664081430877862,-10.460147930990091,-7.7960665001122305,0.6666666666666666,11.75,99.62158666666666,86.57666666666667,6.298,2022-S1,2,2022,4,17.069739452427648,-7.7960665001122305,0.007315824127585024,0.0052765779624097675,6.298,0.8,18.6,40.0,17.1,21.58,BAIXO
2022-04-22,4.620800018310547,4.794459184010823,60728483573,3882678798,65779829460.9,1.0002340078353882,64611162371,69694472792.63333,101.22000122070312,28.209999084472656,2.75098875820241,-10.513925002301317,-7.762936244098906,0.647,11.75,99.626843,86.583,6.061999999999999,2022-S1,2,2022,4,4.61169357443445,-7.762936244098906,0.007315288953901877,0.0052762995543576,6.061999999999999,0.8,16.09,37.28,17.17,21.32,BAIXO
2022-04-25,4.795199871063232,4.785182507832845,73256647805,4720363070,64749766652.4,1.0001449584960938,77977010875,68616138065.5,101.75,27.020000457763672,2.653346630893494,-8.138717218458169,-5.485370587564676,0.588,11.75,99.642612,86.602,5.353999999999999,2022-S1,2,2022,4,39.235868196155145,-5.485370587564676,0.021944261575601587,0.015828063527023595,5.353999999999999,0.8,22.63,40.0,18.39,21.27,BAIXO
2022-04-26,4.876200199127197,4.777009185155233,69068297656,4221564998,65081920556.66666,1.000072956085205,73289862654,68982569133.53334,102.3000030517578,33.52000045776367,3.2707506289282984,-8.058497848433355,-4.787747219505056,0.5683333333333334,11.75,99.64786833333334,86.60833333333333,5.117999999999999,2022-S1,2,2022,4,30.412532603061095,-4.787747219505056,0.007313149041965339,0.005275186215847327,5.117999999999999,0.8,18.09,40.0,18.35,21.06,BAIXO
2022-04-27,4.997799873352051,4.771495850880941,61043327313,3849488651,64242769080.73333,1.0001529455184937,64892815964,68113863692.8,102.9499969482422,31.600000381469727,3.9164199711011705,-7.119860306194903,-3.2034403350937324,0.5486666666666666,11.75,99.65312466666668,86.61466666666666,4.882,2022-S1,2,2022,4,-18.252790092970272,-3.2034403350937324,0.007312614259591399,0.005274907954655461,4.882,0.8,11.3,5.0,16.72,20.55,BAIXO
2022-04-28,4.963600158691406,4.767820024490357,68392086439,4611631886,63840925129.566666,1.0001909732818604,73003718325,67712237880.0,103.62000274658205,29.989999771118164,5.326291562771934,-7.499675668516237,-2.173384105744302,0.5289999999999999,11.75,99.658381,86.621,4.646,2022-S1,2,2022,4,29.253315167707218,-2.1733841057443137,0.007312079555421569,0.005274629722751278,4.646,0.8,17.4,40.0,16.8,20.31,BAIXO
2022-04-29,4.93779993057251,4.764433352152507,67899674445,4076411418,63447136241.5,1.0000200271606443,71976085863,67311165481.23333,102.95999908447266,33.400001525878906,5.050501826703213,-7.0666181918480175,-2.0161163651448044,0.5093333333333333,11.75,99.66363733333333,86.62733333333334,4.409999999999999,2022-S1,2,2022,4,4.510366852966441,-2.0161163651448044,0.007311544929455849,0.005274351520245801,4.409999999999999,0.8,13.89,36.57,16.86,20.0,BAIXO
2022-05-02,4.97130012512207,4.762883361180624,63751566652,3902762410,60773179798.43333,0.9999549984931946,67654329062,64551678753.23333,103.73999786376952,32.34000015258789,5.609278548850849,-6.535974122745547,-0.926695573894698,0.4764516129032258,11.75,99.67286451612902,86.66935483870968,3.728118279569892,2022-S1,2,2022,5,-1.660670868077252,-0.926695573894698,0.048508367693411714,0.009258324342353852,3.728118279569892,0.8,20.37,5.0,17.11,20.04,BAIXO
2022-05-03,5.084700107574463,4.767866690953572,52924035065,3691702287,60297877752.333336,1.0000449419021606,56615737352,64086660234.73333,103.47000122070312,29.25,5.045686518480319,-2.0164296151294003,3.0292569033509187,0.4829032258064516,11.75,99.67157903225808,86.69870967741936,3.544354838709677,2022-S1,2,2022,5,-25.93452109930453,3.0292569033509187,0.033869917186191145,-0.0012897029469161048,3.544354838709677,0.8,16.59,17.12,17.18,19.98,BAIXO
2022-05-04,4.958099842071533,4.769470024108887,72222517203,4446134900,60044598137.13333,1.0000380277633667,76668652103,63840988979.8,102.58999633789062,25.420000076293945,4.162857714538859,-3.183224391642203,0.9796333228966558,0.4893548387096774,11.75,99.6702935483871,86.72806451612904,3.386709677419354,2022-S1,2,2022,5,5.9267265121834,0.9796333228966558,0.03385844935743787,-0.0012897195805106065,3.386709677419354,0.8,20.02,43.92,16.81,19.83,BAIXO
2022-05-05,4.918799877166748,4.772623348236084,85679638685,5202645491,60514086666.26667,0.9999880194664,90882284176,64350788088.23333,103.75,31.200000762939453,5.201781697978869,-3.24084059253551,1.960941105443359,0.4958064516129032,12.75,99.66900806451612,86.7574193548387,3.255182795698925,2022-S1,2,2022,5,10.06737144436114,1.960941105443359,0.03384698929169705,-0.0012897362144825841,3.255182795698925,0.8,20.72,47.84,17.18,19.88,BAIXO
2022-05-06,5.027999877929688,4.7793466726938885,81327879764,5376284197,60155065643.03333,0.9999819993972778,86704163961,63975989692.8,103.66000366210938,30.190000534057617,4.929651484411091,-0.7504722434202638,4.179179240990827,0.502258064516129,12.75,99.66772258064516,86.78677419354838,3.149774193548387,2022-S1,2,2022,5,26.441271089404395,4.179179240990849,0.03383553698113051,-0.0012897528488764465,3.149774193548387,0.8,22.29,56.72,18.75,20.02,BAIXO
2022-05-09,5.080399990081787,4.790796677271525,120710294040,8493986111,63139714493.333336,0.999908983707428,129204280151,67210796844.66666,103.6500015258789,34.75,4.898293782888774,2.353287377930746,7.25158116081952,0.5216129032258064,12.75,99.66386612903226,86.87483870967742,2.9902580645161283,2022-S1,2,2022,5,40.00611684387783,7.25158116081952,0.10147227725350039,-0.003869308451176501,2.9902580645161283,0.8,46.77,69.01,22.95,20.7,MEDIO
2022-05-10,5.160900115966797,4.8040233453114825,128692083965,8611992228,65984730240.16666,0.9997910261154176,137304076193,70265688455.76666,103.91999816894533,32.9900016784668,4.8743586734877775,3.454602409850671,8.328961083338449,0.5280645161290323,12.75,99.66258064516128,86.9041935483871,2.989322580645161,2022-S1,2,2022,5,59.970460211354634,8.328961083338449,0.03378980513308871,-0.0012898193908150724,2.989322580645161,0.8,32.53,73.32,25.61,20.94,MEDIO
2022-05-11,5.13129997253418,4.81652668317159,159700404396,15143285239,68844257902.43333,0.9958720207214355,174843689635,73459912649.83333,103.8499984741211,32.560001373291016,5.5386146989122365,2.347936511707993,7.88655121062023,0.5345161290322581,12.75,99.66129516129033,86.93354838709678,3.0145053763440863,2022-S1,2,2022,5,100.34338320068814,7.88655121062023,0.03377839148042128,-0.0012898360273627674,3.0145053763440863,0.8,30.64,71.55,27.08,21.1,MEDIO
2022-05-12,5.134252071380615,4.82867841720581,141052751792,18612052637,71263042157.06667,0.99760901927948,159664804429,76345581825.36667,104.8499984741211,31.770000457763672,7.2195495372704865,0.4235311004638475,7.643080637734334,0.5409677419354839,12.75,99.66000967741935,86.96290322580646,3.065806451612904,2022-S1,2,2022,5,55.87687994013753,7.643080637734334,0.033766985535854666,-0.0012898526643545516,3.065806451612904,0.8,24.63,70.57,28.23,21.08,BAIXO
2022-05-13,5.133399963378906,4.841865078608195,87009885196,8025797259,72233549766.46666,0.9982389807701112,95035682455,77459423275.26666,104.55999755859376,28.8700008392334,6.357440906531342,1.9924225731962288,8.34986347972757,0.5474193548387096,12.75,99.65872419354838,86.99225806451612,3.1432258064516123,2022-S1,2,2022,5,-5.680860500049301,8.34986347972757,0.03375558729157291,-0.0012898693017682206,3.1432258064516123,0.8,21.2,38.4,28.4,20.92,BAIXO
2022-05-16,5.058300018310547,4.855235083897909,62504490441,6650512579,73768647628.26666,0.998778998851776,69155003020,79250026895.66667,104.19000244140624,27.46999931335449,5.637235468741331,2.9752392109304147,8.612474679671745,0.5667741935483871,12.75,99.65486774193548,87.08032258064516,3.375483870967741,2022-S1,2,2022,5,-21.694085120979246,8.612474679671745,0.10123259021939113,-0.0038696578188335273,3.375483870967741,0.8,41.85,39.45,31.42,21.44,MEDIO
2022-05-17,5.059700012207031,4.870765082041422,55745978864,5271575140,74261361044.53334,0.9989089965820312,61017554004,79829173714.1,103.36000061035156,26.100000381469727,4.414590201927315,5.727338863745701,10.141929065673017,0.5732258064516129,12.75,99.65358225806452,87.10967741935484,3.452903225806451,2022-S1,2,2022,5,-22.137031569431322,10.141929065673017,0.033710071161596744,-0.0012899358557083573,3.452903225806451,0.8,31.3,45.0,32.7,21.7,MEDIO
2022-05-18,4.93809986114502,4.880345074335734,56067250693,5791540700,73840562577.5,0.9988020062446594,61858791393,79467656453.46666,103.80999755859376,30.959999084472656,4.363120825002387,1.816588963298416,6.179709788300802,0.5796774193548387,12.75,99.65229677419354,87.13903225806452,3.530322580645161,2022-S1,2,2022,5,-39.12252172987942,6.179709788300802,0.03369871130203261,-0.001289952495275859,3.530322580645161,0.8,21.24,29.72,29.06,21.55,BAIXO
2022-05-19,4.96750020980835,4.888755083084106,59651836770,6580258237,73896439148.33333,0.9989709854125975,66232095007,79621880163.33333,102.72000122070312,29.350000381469727,3.132532926085041,2.218253154420058,5.350786080505099,0.5861290322580646,12.75,99.65101129032256,87.1683870967742,3.607741935483871,2022-S1,2,2022,5,-3.641659371047268,5.350786080505099,0.033687359096146174,-0.0012899691352874498,3.607741935483871,0.8,22.38,26.4,27.61,21.72,BAIXO
2022-05-20,4.929999828338623,4.894685077667236,54960961209,5519038708,73527755094.3,0.9988179802894592,60479999917,79298161007.73334,103.1500015258789,29.43000030517578,3.4085228329613138,0.3350818436371083,3.743604676598422,0.5925806451612904,12.75,99.6497258064516,87.19774193548388,3.685161290322581,2022-S1,2,2022,5,-14.520825230577882,3.743604676598422,0.03367601453618807,-0.0012899857756765165,3.685161290322581,0.8,17.59,19.97,25.74,21.73,BAIXO
2022-05-23,4.880199909210205,4.900755071640015,58585612765,5594245864,72140265367.4,0.9990879893302916,64179858629,77960408953.8,102.08000183105467,28.479999542236328,2.284567845267937,1.5914632246088356,3.876031069876773,0.6119354838709677,12.75,99.64586935483872,87.2858064516129,3.917419354838709,2022-S1,2,2022,5,-20.7387539749595,3.876031069876751,0.10099403284340447,-0.003870007249562324,3.917419354838709,0.8,38.91,20.5,27.78,22.31,MEDIO
2022-05-24,4.813499927520752,4.90475172996521,51053417289,4616931095,72524733175.53334,0.9991070032119752,55670348384,78410471895.76666,101.86000061035156,29.450000762939453,1.9313522458538568,0.6231846813403941,2.554536927194251,0.6183870967741936,12.75,99.64458387096774,87.31516129032258,3.99483870967742,2022-S1,2,2022,5,-25.457737446477214,2.554536927194251,0.03363071260154005,-0.001290052341662573,3.99483870967742,0.8,18.74,15.22,27.43,22.41,BAIXO
2022-05-25,4.817800045013428,4.90957506497701,50311844127,4580073336,71759906386.26666,0.9989759922027588,54891917463,77640968782.03334,102.05999755859376,28.3700008392334,1.7648784793184324,1.3315682160095488,3.096446695327981,0.6248387096774194,12.75,99.64329838709678,87.34451612903226,4.072258064516129,2022-S1,2,2022,5,-13.09760380524223,3.0964466953279812,0.033619406155671605,-0.0012900689842054724,4.072258064516129,0.8,20.67,17.39,24.4,22.58,BAIXO
2022-05-26,4.822800159454346,4.91399507522583,67771285444,6850921932,71716672645.86667,0.9989070296287536,74622207376,77685380272.76666,101.83000183105467,27.5,1.952347448197389,0.8748307456773574,2.8271781938747464,0.6312903225806452,12.75,99.6420129032258,87.37387096774194,4.149677419354839,2022-S1,2,2022,5,28.09042997226321,2.8271781938747464,0.03360810730959063,-0.0012900856272146655,4.149677419354839,0.8,25.92,51.31,23.64,22.94,BAIXO
2022-05-27,4.768199920654297,4.916235065460205,67961870830,6832701659,71947290763.1,0.9988629817962646,74794572489,78015438823.6,101.66999816894533,25.71999931335449,1.3456922629862644,0.0837845287082306,1.429476791694495,0.637741935483871,12.75,99.64072741935485,87.40322580645162,4.227096774193549,2022-S1,2,2022,5,58.09141597964012,1.429476791694495,0.03359681605559217,-0.0012901022706235388,4.227096774193549,0.8,25.3,45.72,24.22,23.02,BAIXO
2022-05-30,4.729599952697754,4.917201725641887,65155466235,6484139842,70058266415.06667,0.9993759989738464,71639606077,76203458035.73334,,,,,0.616938359826702,0.6570967741935484,12.75,99.63687096774191,87.49129032258064,4.459354838709678,2022-S1,2,2022,5,-5.1472943067980665,0.616938359826702,0.1007565971581359,-0.003870356743485015,4.459354838709678,0.8,,7.47,24.52,23.03,
2022-05-31,4.752399921417236,4.920548391342163,62841794272,5896228360,70105647462.73334,0.9993879795074464,68738022632,76322129760.86667,101.75,26.190000534057617,0.9624937809608268,1.195717140762742,2.158210921723569,0.6635483870967742,12.75,99.63558548387095,87.52064516129032,4.536774193548387,2022-S1,2,2022,5,8.39363403393465,2.158210921723547,0.03355172680783447,-0.0012901688486111063,4.536774193548387,0.8,25.13,48.63,25.78,23.32,BAIXO
2022-06-01,4.730400085449219,4.922728395462036,68866735590,6158677984,70276153094.0,0.9992600083351136,75025413574,76567832577.93333,102.5500030517578,25.690000534057617,1.574885084888722,-0.1729531635385361,1.4019319213501855,0.67,12.75,99.6343,87.55,4.614193548387097,2022-S1,2,2022,6,4.309586271072252,1.4019319213501857,0.03354047339982902,-0.0012901854941849145,4.614193548387097,0.8,21.05,40.77,22.8,23.58,BAIXO
2022-06-02,4.815499782562256,4.929218387603759,50520845556,4994899697,70196046777.03334,0.9993169903755188,55515745253,76531166174.63333,101.7699966430664,24.71999931335449,1.374636180703348,2.838914794889291,4.213550975592639,0.625,12.75,99.68905133333332,87.49833333333333,4.640161290322581,2022-S1,2,2022,6,-34.40071889908008,4.213550975592639,-0.05901389682085867,0.054952293872023716,4.640161290322581,0.8,16.47,21.85,22.42,23.51,BAIXO
2022-06-03,4.795700073242188,4.935048389434814,43789145735,4266590882,69248267728.1,0.9991700053215028,48055736617,75577402325.1,102.13999938964844,24.790000915527344,1.5510017202168047,2.2340583178410034,3.785060038057808,0.5800000000000001,12.75,99.74380266666668,87.44666666666666,4.614677419354839,2022-S1,2,2022,6,-27.89356302242868,3.7850600380578303,-0.05904874378560576,0.05492211291115989,4.614677419354839,0.8,14.87,20.14,21.46,23.47,BAIXO
2022-06-06,4.775000095367432,4.934375063578288,51540243030,4623471415,65549484333.16666,0.9993109703063964,56163714445,71773267151.63333,102.44000244140624,25.06999969482422,1.205296587621052,-1.6265465091873432,-0.4212499215662912,0.445,12.75,99.90805666666668,87.29166666666666,4.229516129032259,2022-S1,2,2022,6,-29.644278609098173,-0.42124992156629126,-0.17725089578409792,0.16467589525228643,4.229516129032259,0.8,8.56,5.0,18.56,22.98,BAIXO
2022-06-07,4.7941999435424805,4.931641721725464,67008901675,5926284249,65186442272.26667,0.9994140267372132,72935185924,71426701185.1,102.31999969482422,24.020000457763672,0.5601962602695076,-2.2418387736223067,-1.681642513352799,0.4,12.75,99.962808,87.24,3.9982258064516127,2022-S1,2,2022,6,-2.9816805262191104,-1.681642513352799,-0.059188544152743994,0.05480171986127491,3.9982258064516127,0.8,8.26,5.0,15.72,22.64,BAIXO
2022-06-08,4.867526054382324,4.92729926109314,52176620958,4466105669,62901986502.86667,0.9992619752883912,56642726627,69007982734.3,102.54000091552734,23.959999084472656,0.2346020103715096,-2.8412253700690115,-2.606623359697502,0.355,12.75,100.01755933333334,87.18833333333333,3.7154838709677422,2022-S1,2,2022,6,-14.52526712630836,-2.606623359697502,-0.059223597738033984,0.054771704025502466,3.7154838709677422,0.8,7.88,5.0,14.6,22.52,BAIXO
2022-06-09,4.898099899291992,4.925115919113159,42359067750,3391661643,60024219295.7,0.99931401014328,45750729393,65956204507.63333,103.22000122070312,26.09000015258789,0.2622673923892149,-1.5818793132793665,-1.3196119208901511,0.31,12.75,100.07231066666668,87.13666666666667,3.3812903225806448,2022-S1,2,2022,6,-38.06437271396782,-1.3196119208901513,-0.05925869286792507,0.054741721052065095,3.3812903225806448,0.8,7.45,5.0,12.08,22.18,BAIXO
2022-06-10,4.903299808502197,4.923965915044149,49685289881,4483108536,56357048811.86667,0.999180018901825,54168398417,61933694800.36667,104.1500015258789,27.75,0.5114830778310875,-1.2101772848746806,-0.6986942070435931,0.265,12.75,100.127062,87.085,2.995645161290323,2022-S1,2,2022,6,-26.825437254127028,-0.6986942070435931,-0.05929382961632479,0.05471177088705037,2.995645161290323,0.8,6.94,5.0,10.06,21.94,BAIXO
2022-06-13,4.984000205993652,4.924389251073202,107410569162,13815639937,53902187057.36667,0.9985939860343932,121226209099,59220640930.2,105.08000183105467,34.02000045776367,2.059054744981781,-1.8035867476383196,0.2554679973434615,0.13,12.75,100.291316,86.92999999999999,1.5300000000000011,2022-S1,2,2022,6,68.48302685378845,0.2554679973434615,-0.17798702417178847,0.16404556043001506,1.5300000000000011,0.8,12.98,41.02,9.56,21.69,BAIXO
2022-06-14,5.113399982452393,4.925345913569132,81024425505,9261666900,54803670743.2,0.9989539980888368,90286092405,60277158118.3,105.5199966430664,32.689998626708984,1.7158268902553342,-1.1513909496739585,0.5644359405813759,0.085,12.75,100.34606733333334,86.87833333333333,0.9900000000000002,2022-S1,2,2022,6,53.095706715271795,0.5644359405813759,-0.05943479427891196,0.054592297236721876,0.9900000000000002,0.8,11.8,42.26,9.12,21.52,BAIXO
2022-06-15,5.116099834442139,4.930612579981486,89017006423,10865090032,55687421275.93333,0.9989420175552368,99882096455,61301394566.13333,105.16000366210938,29.6200008392334,1.633326008957359,1.5533785230875674,3.186704532044926,0.04,12.75,100.40081866666668,86.82666666666667,0.4500000000000002,2022-S1,2,2022,6,23.25381317407529,3.186704532044926,-0.05947014023441888,0.054562510308908685,0.4500000000000002,0.8,13.62,52.75,9.85,21.3,BAIXO
2022-06-16,5.052000045776367,4.935052585601807,52400892767,6216714654,55575918406.03333,0.9989299774169922,58617607421,61221396346.7,103.62999725341795,32.95000076293945,1.0137449582335425,1.6942360927528766,2.707981050986419,-0.005,13.25,100.45557,86.775,-0.0899999999999998,2022-S1,2,2022,6,-38.840903660143624,2.707981050986419,-0.059505528255521245,0.05453275586835282,-0.0899999999999998,0.8,7.4,15.83,9.72,20.84,BAIXO
2022-06-17,5.052199840545654,4.935859251022339,43836219287,5283451774,55168217359.16666,0.9990360140800476,49119671061,60796759002.3,104.6999969482422,31.1299991607666,0.915659709149086,-0.4343557472657133,0.4813039618833725,-0.0499999999999999,13.25,100.51032133333334,86.72333333333333,-0.6299999999999994,2022-S1,2,2022,6,-46.099394925571126,0.48130396188335034,-0.05954095841737006,0.05450303386198563,-0.6299999999999994,0.8,3.0,6.93,9.03,20.18,BAIXO
2022-06-20,5.152100086212158,4.938249254226685,52157987688,5394231917,55841469172.5,0.9989569783210754,57552219605,61585034067.23333,,,,,1.4113080912988574,-0.1849999999999999,13.25,100.67457533333334,86.56833333333333,-2.25,2022-S1,2,2022,6,-56.79077074344935,1.4113080912988574,-0.17872929238574864,0.1634200327101487,-2.25,0.8,,10.65,9.29,19.23,
2022-06-21,5.18720006942749,4.939125919342041,50165859626,4898540814,56148135690.03333,0.999094009399414,55064400440,61938532471.13333,104.44000244140624,30.190000534057617,0.7524587610852951,-0.242858635724863,0.5096001253604321,-0.2299999999999999,13.25,100.72932666666668,86.51666666666667,-2.79,2022-S1,2,2022,6,-61.01869044280652,0.5096001253604321,-0.059683101981089504,0.054384469119495016,-2.79,0.8,3.0,7.04,8.63,18.17,BAIXO
2022-06-22,5.122799873352051,4.9388425827026365,46130025676,4567777097,55732949453.73333,0.9990950226783752,50697802773,61489130609.26667,104.1999969482422,28.950000762939453,0.5306275101462088,-0.6962794741246614,-0.1656519639784526,-0.275,13.25,100.784078,86.465,-3.33,2022-S1,2,2022,6,-71.11464692248744,-0.1656519639784526,-0.05971874397996402,0.054354908491038856,-3.33,0.8,3.0,5.0,6.97,17.18,BAIXO
2022-06-23,5.193600177764893,4.940820852915446,43198538082,4598601365,55471120146.833336,0.9992799758911132,47797139447,61226690311.36667,104.43000030517578,29.049999237060547,0.4907641890075309,0.6651608719199675,1.1559250609274985,-0.3199999999999999,13.25,100.83882933333334,86.41333333333333,-3.87,2022-S1,2,2022,6,-69.37419686380761,1.1559250609274985,-0.0597544285741991,0.05432537998049103,-3.87,0.8,4.73,9.62,5.79,16.47,BAIXO
2022-06-24,5.23799991607666,4.944307518005371,46919267632,5032854948,55358034263.66666,0.9993249773979188,51952122580,61128697148.6,104.19000244140624,27.229999542236328,0.3273991066739201,1.710235861260756,2.037634967934676,-0.3650000000000001,13.25,100.89358066666668,86.36166666666666,-4.41,2022-S1,2,2022,6,-46.0759343305547,2.037634967934676,-0.0597901558401448,0.05429588353544901,-4.41,0.8,7.44,13.15,4.76,15.98,BAIXO
2022-06-27,5.241399765014648,4.950410842895508,39296953700,3977297459,53358796914.2,0.9990919828414916,43274251159,58882144133.43333,103.94000244140624,26.950000762939453,-0.8679027620009383,4.487690952525403,3.619788190524464,-0.4999999999999999,13.25,101.05783466666668,86.20666666666666,-6.03,2022-S1,2,2022,6,-37.12939114815493,3.6197881905244644,-0.1794777775633527,0.16279925731119693,-6.03,0.8,14.65,19.48,5.97,15.01,BAIXO
2022-06-28,5.236800193786621,4.956314182281494,40773930242,4237935225,53565525883.833336,0.9988319873809814,45011865467,59097728194.3,104.51000213623048,28.36000061035156,-0.0478150569344304,3.548026159417139,3.5002111024827087,-0.545,13.25,101.112586,86.155,-6.57,2022-S1,2,2022,6,-26.85762978263666,3.5002111024827087,-0.05993349315597252,0.05417821736821704,-6.57,0.8,12.21,19.0,7.5,14.33,BAIXO
2022-06-29,5.266600131988525,4.967264191309611,44380636377,5094612628,52873031555.23333,0.9988840222358704,49475249005,58358916291.9,105.11000061035156,28.15999984741211,0.883000429395997,5.769361411810969,6.652361841206966,-0.59,13.25,101.16733733333334,86.10333333333334,-7.109999999999999,2022-S1,2,2022,6,-20.843922560053542,6.652361841206944,-0.059969434933160315,0.05414888047008404,-7.109999999999999,0.8,17.98,31.61,9.0,14.21,BAIXO
2022-06-30,5.180900096893311,4.97437752087911,45578518327,5219514116,52297589023.73333,0.9988189935684204,50798032443,57760916618.93333,104.69000244140624,28.709999084472656,1.286766469815093,3.009154578433715,4.295921048248808,-0.6349999999999999,13.25,101.22208866666668,86.05166666666666,-7.65,2022-S1,2,2022,6,-23.59243102146643,4.29592104824883,-0.060005419844388896,0.05411957532592826,-7.65,0.8,10.81,22.18,10.12,13.8,BAIXO
2022-07-01,5.251999855041504,4.985110855102539,49683415220,5311122206,51658145011.4,0.9988669753074646,54994537426,57093220747.333336,105.13999938964844,26.700000762939453,1.2811885775298126,5.25025235380574,6.531440931335553,-0.68,13.25,101.27684,86.0,-8.19,2022-S2,3,2022,7,-9.602353876110502,6.531440931335553,-0.06004144796729616,0.05409030188423536,-8.19,0.8,16.63,31.13,12.06,13.76,BAIXO
2022-07-04,5.330999851226807,5.000137519836426,37816157114,5032411793,50732460538.13333,0.9991090297698976,42848568907,56173161298.1,,,,,9.23732532279722,-0.6490322580645161,13.25,101.2571406451613,85.87709677419355,-9.478064516129033,2022-S2,3,2022,7,-35.451460982939494,9.237325322797219,-0.14291072768192192,-0.01945099673202888,-9.478064516129033,0.8,,41.95,13.29,12.83,
2022-07-05,5.3282999992370605,5.017297522226969,46794873591,6243487902,51263216814.63333,0.9990919828414916,53038361493,56804445985.4,106.5,27.540000915527344,3.679905309945642,7.015016876985025,10.694922186930668,-0.6387096774193549,13.25,101.2505741935484,85.83612903225807,-9.796774193548387,2022-S2,3,2022,7,-8.341348971594797,10.694922186930667,-0.047705084911287,-0.006484926960270698,-9.796774193548387,0.8,22.33,45.0,15.77,12.97,BAIXO
2022-07-06,5.385200023651123,5.036210854848226,41932894214,5406302050,50942971854.1,0.999098002910614,47339196264,56510295379.36667,107.0999984741211,26.729999542236328,3.8293716818328822,7.947787464175504,11.777159146008389,-0.6283870967741936,13.25,101.24400774193548,85.79516129032258,-10.06016129032258,2022-S2,3,2022,7,-16.654030593371573,11.777159146008387,-0.04772785352434861,-0.006485347530349461,-10.06016129032258,0.8,24.11,45.0,17.35,13.09,BAIXO
2022-07-07,5.427999973297119,5.056384181976318,41395542117,5521739581,50089193202.16666,0.9994459748268129,46917281698,55643031905.16666,107.12999725341795,26.07999992370605,4.94709574037937,7.601626865436551,12.548722605815922,-0.6180645161290323,13.25,101.23744129032258,85.7541935483871,-10.268225806451614,2022-S2,3,2022,7,-38.91875910896585,12.548722605815922,-0.04775064388171657,-0.0064857681549290724,-10.268225806451614,0.8,23.85,45.0,19.28,13.02,BAIXO
2022-07-08,5.338200092315674,5.075384187698364,64720676603,6142274118,50507328390.333336,0.9994180202484132,70862950721,56117039374.96667,107.01000213623048,24.63999938964844,5.055960627351053,6.898239723861589,11.95420035121264,-0.607741935483871,13.25,101.23087483870968,85.71322580645162,-10.420967741935485,2022-S2,3,2022,7,-4.76913626334321,11.954200351212641,-0.04777345601455485,-0.00648618883409835,-10.420967741935485,0.8,22.02,45.0,19.96,12.9,BAIXO
2022-07-11,5.254000186920166,5.092864195505778,38726869251,4843512117,49743108600.3,0.9992250204086304,43570381368,55403210441.333336,108.0199966430664,26.170000076293945,5.839701378643425,5.247922087761926,11.08762346640535,-0.5767741935483871,13.25,101.21117548387096,85.59032258064516,-10.547258064516129,2022-S2,3,2022,7,-40.56236339201141,11.08762346640535,-0.14338886986237087,-0.019459828703549675,-10.547258064516129,0.8,19.96,45.0,21.48,13.15,BAIXO
2022-07-12,5.377200126647949,5.113690869013468,40368791506,4780296209,49120359151.066666,0.9993429780006408,45149087715,54739504276.53333,108.06999969482422,27.290000915527344,6.1278579510607,7.019188079619053,13.147046030679752,-0.5664516129032259,13.25,101.20460903225806,85.54935483870968,-10.478709677419356,2022-S2,3,2022,7,-35.761236652043124,13.147046030679753,-0.04786492292617739,-0.006487872096638814,-10.478709677419356,0.8,22.34,45.0,22.44,13.05,BAIXO
2022-07-13,5.436500072479248,5.137227535247803,51757860849,5445116047,47265268873.96667,0.9993839859962464,57202976896,52605396536.43333,107.95999908447266,26.81999969482422,6.186683415765604,8.740172120238698,14.926855536004302,-0.5561290322580645,13.25,101.19804258064516,85.5083870967742,-10.35483870967742,2022-S2,3,2022,7,-24.84345249476926,14.926855536004302,-0.04788784440596938,-0.006488293048789728,-10.35483870967742,0.8,24.11,45.0,22.67,13.16,BAIXO
2022-07-14,5.390900135040283,5.156407546997071,49222660233,5345559224,46205210031.566666,0.9994069933891296,54568219457,51414800771.5,108.54000091552734,26.399999618530277,6.6732195729998445,5.275703248295871,11.948922821295715,-0.5458064516129033,13.25,101.19147612903228,85.46741935483871,-10.230967741935483,2022-S2,3,2022,7,-2.569603316636937,11.948922821295715,-0.047910787849525516,-0.006488714055563616,-10.230967741935483,0.8,17.81,45.0,22.03,13.2,BAIXO
2022-07-15,5.422800064086914,5.177310880025228,45982487607,5646216485,44770726071.03333,0.999705970287323,51628704092,49806354359.4,108.05999755859376,24.229999542236328,5.372983269493425,7.70331385641856,13.076297125911983,-0.535483870967742,13.25,101.18490967741936,85.42645161290322,-10.107096774193549,2022-S2,3,2022,7,5.008871114484648,13.076297125911962,-0.047933753288376124,-0.0064891351170270894,-10.107096774193549,0.8,27.48,80.0,22.51,13.66,BAIXO
2022-07-18,5.410099983215332,5.198480876286824,70390606911,8456901936,44720604902.3,0.9997770190238952,78847508847,49779981926.0,107.37000274658205,25.299999237060547,5.50261008964783,7.797910856185376,13.300520945833206,-0.5045161290322581,13.25,101.16521032258063,85.30354838709678,-9.735483870967744,2022-S2,3,2022,7,36.57406867489503,13.300520945833206,-0.1438702222624877,-0.019468668699240688,-9.735483870967744,0.8,33.16,80.0,23.84,14.53,MEDIO
2022-07-19,5.436800003051758,5.219900878270467,77160548741,9504899153,45439173970.86667,1.0000920295715332,86665447894,50612931323.9,106.68000030517578,24.5,4.4448804999576375,8.958817031990819,13.403697531948456,-0.4941935483870968,13.25,101.15864387096774,85.2625806451613,-9.611612903225808,2022-S2,3,2022,7,15.149699237328985,13.403697531948456,-0.04802583563063845,-0.00649081990929945,-9.611612903225808,0.8,29.34,80.0,24.89,15.29,BAIXO
2022-07-20,5.413099765777588,5.238086668650309,68306872702,8806753436,45977470138.0,1.000067949295044,77113626138,51264978208.333336,107.08000183105467,23.8799991607666,4.529479967849892,6.678959500164328,11.20843946801422,-0.4838709677419355,13.25,101.15207741935484,85.2216129032258,-9.487741935483871,2022-S2,3,2022,7,30.9147113167489,11.20843946801422,-0.04804891152190294,-0.006491241244077628,-9.487741935483871,0.8,27.96,80.0,26.03,16.0,BAIXO
2022-07-21,5.470200061798096,5.257156674067179,55292189306,7372587537,46148347794.0,1.0000799894332886,62664776843,51518324088.43333,106.91000366210938,23.11000061035156,4.485930395792748,7.194112360966853,11.6800427567596,-0.4735483870967742,13.25,101.14551096774194,85.18064516129033,-9.363870967741937,2022-S2,3,2022,7,30.532120376988225,11.680042756759601,-0.04807200959925373,-0.006491662633556494,-9.363870967741937,0.8,29.28,80.0,27.02,16.78,BAIXO
2022-07-22,5.497799873352051,5.276973342895508,51645071119,6285903773,46332182642.1,1.000051975250244,57930974892,51759429825.73333,106.7300033569336,23.030000686645508,4.086212603857864,8.038276782228728,12.12448938608659,-0.4632258064516129,13.25,101.13894451612904,85.13967741935484,-9.24,2022-S2,3,2022,7,3.9443892602696318,12.12448938608659,-0.04809512989473186,-0.006492084077747151,-9.24,0.8,27.12,72.61,27.45,17.5,BAIXO
2022-07-25,5.496699810028076,5.294063329696655,56307512994,6431520471,46824504571.36667,1.0000619888305664,62739033465,52369815424.0,106.4800033569336,23.36000061035156,3.158304686763169,7.128605081375739,10.286909768138909,-0.432258064516129,13.25,101.11924516129032,85.01677419354839,-8.868387096774194,2022-S2,3,2022,7,-47.57730693236041,10.286909768138909,-0.14435481732106847,-0.019477516730048716,-8.868387096774194,0.8,24.85,45.0,28.46,17.93,BAIXO
2022-07-26,5.356299877166748,5.302159992853801,48266723630,6871887569,47192439250.03333,1.000046968460083,55138611199,52858704004.03333,107.19000244140624,24.690000534057617,2.918867855006191,1.8313941144840309,4.7502619694902215,-0.4219354838709677,13.25,101.11267870967744,84.97580645161291,-8.74451612903226,2022-S2,3,2022,7,-40.429415785217174,4.7502619694902215,-0.04818783389993753,-0.0064937704018719344,-8.74451612903226,0.8,8.87,24.0,25.8,17.82,BAIXO
2022-07-27,5.350100040435791,5.309959999720255,60104591185,8262809031,47886027166.2,1.0002739429473877,68367400216,53695142305.93333,106.4499969482422,23.239999771118164,1.3037638878139246,3.2700367330875224,4.573800620901447,-0.4116129032258064,13.25,101.10611225806451,84.93483870967742,-8.620645161290323,2022-S2,3,2022,7,-32.47965349521087,4.573800620901447,-0.04821106576825551,-0.006494192119843589,-8.620645161290323,0.8,12.6,23.3,22.86,17.79,BAIXO
2022-07-28,5.243000030517578,5.316326665878296,75754591120,9419521160,49052049195.46667,1.0002000331878662,85174112280,55033883866.36667,106.3499984741211,22.32999992370605,0.7865825032787432,2.9940980788778715,3.780680582156615,-0.4012903225806452,13.25,101.09954580645162,84.89387096774193,-8.496774193548386,2022-S2,3,2022,7,44.567367309641014,3.7806805821566147,-0.04823432004801287,-0.0064946138925159325,-8.496774193548386,0.8,19.07,55.12,21.39,18.2,BAIXO
2022-07-29,5.182700157165527,5.320676676432291,72013108986,8773001546,49973131615.76667,1.000311017036438,80786110532,56077579250.6,105.9000015258789,21.32999992370605,0.7036875599084391,1.8793519226663056,2.583039482574745,-0.3909677419354839,13.25,101.0929793548387,84.85290322580646,-8.372903225806452,2022-S2,3,2022,7,64.27764564850622,2.583039482574745,-0.04825759677167252,-0.006495035720022191,-8.372903225806452,0.8,16.85,50.33,19.81,18.7,BAIXO
2022-08-01,5.171199798583984,5.321313333511353,50882756969,8090652736,51096841141.93333,1.0002039670944214,58973409705,57436393939.46667,105.4499969482422,22.84000015258789,1.756247942739564,-1.385530913717936,0.3707170290216277,-0.36,13.25,101.07328,84.73,-8.001290322580644,2022-S2,3,2022,8,-2.444938494614113,0.37071702902162773,-0.1448426879153364,-0.01948637280692056,-8.001290322580644,0.8,6.34,6.48,16.53,18.27,BAIXO
2022-08-02,5.184000015258789,5.321206665039062,54793315279,8333966555,51993592635.93333,1.0001590251922607,63127281834,58490462746.833336,106.23999786376952,23.93000030517578,1.4708700672538155,-1.5325614253250408,-0.0616913580712252,-0.3577419354838709,13.25,101.07671387096774,84.68,-7.885483870967742,2022-S2,3,2022,8,9.224312485620567,-0.06169135807122528,-0.059010976041540264,0.0033974072749298756,-7.885483870967742,0.8,7.37,40.0,13.71,18.42,BAIXO
2022-08-03,5.277699947357178,5.326370000839233,47717439471,7123782220,52323635381.16666,1.0002039670944214,54841221691,58890217839.63333,106.51000213623048,21.950000762939453,1.9819988954764112,1.0417396427181205,3.0237385381945314,-0.3554838709677419,13.25,101.08014774193548,84.63000000000001,-7.777741935483871,2022-S2,3,2022,8,3.441172580629792,3.0237385381945314,-0.05904581955596955,0.003397291855100626,-7.777741935483871,0.8,8.51,41.18,11.37,18.61,BAIXO
2022-08-04,5.282700061798096,5.329339996973673,44526180493,6265705595,52248012277.9,1.000133037567139,50791886088,58815335326.13333,105.69000244140624,21.440000534057617,1.429947732056247,0.2856229892838735,1.7155707213401206,-0.3532258064516129,13.75,101.08358161290322,84.58,-7.678064516129032,2022-S2,3,2022,8,3.073350326068569,1.7155707213401206,-0.059080704242009396,0.003397176443109551,-7.678064516129032,0.8,6.38,33.38,11.02,18.67,BAIXO
2022-08-05,5.211100101470947,5.328443336486816,49723473321,6033672422,52507698248.13333,1.000041961669922,55757145743,59095933642.1,106.62000274658205,21.149999618530277,2.0971008666153423,-2.6106521273389416,-0.5135512607235992,-0.3509677419354838,13.75,101.08701548387096,84.53,-7.586451612903225,2022-S2,3,2022,8,5.976661253526183,-0.5135512607235992,-0.059115630172612565,0.0033970610389344458,-7.586451612903225,0.8,6.65,40.0,10.17,18.64,BAIXO
2022-08-08,5.164599895477295,5.325883340835572,50243147547,6960679226,51442144031.53333,1.000177025794983,57203826773,57960691296.3,106.44000244140624,21.290000915527344,2.1595162177535654,-3.624771168348595,-1.4652549505950296,-0.3441935483870967,13.75,101.0973170967742,84.38000000000001,-7.36,2022-S2,3,2022,8,27.855069709894597,-1.4652549505950296,-0.1774517922630947,0.010190836927903568,-7.36,0.8,9.32,40.0,8.77,18.46,BAIXO
2022-08-09,5.110099792480469,5.321659994125366,46070684571,6736005317,51638809848.0,1.0002089738845823,52806689888,58233911433.4,106.37000274658205,21.770000457763672,2.3378874813339,-4.757311492516914,-2.419424011183013,-0.3419354838709677,13.75,101.10075096774192,84.33,-7.300645161290323,2022-S2,3,2022,8,12.990541499342578,-2.4194240111830134,-0.05925574780755172,0.0033965995006823846,-7.300645161290323,0.8,7.96,40.0,7.5,18.31,BAIXO
2022-08-10,5.123700141906738,5.31689666112264,60085173824,7908008277,52350753333.76667,1.0002529621124268,67993182101,59048004791.16666,105.1999969482422,19.739999771118164,0.6602189244167223,-3.37354415322676,-2.7133252288100373,-0.3396774193548387,13.75,101.10418483870968,84.28,-7.249354838709677,2022-S2,3,2022,8,35.38601229958653,-2.7133252288100373,-0.059290881062490364,0.0033964841357647657,-7.249354838709677,0.8,9.76,40.0,7.99,18.03,BAIXO
2022-08-11,5.093699932098389,5.313989988962809,64445391375,8324806426,53153306662.73333,1.00040602684021,72770197801,59968708460.7,105.08999633789062,20.200000762939453,-0.0190317499236813,-1.6640766513985272,-1.6831084013222086,-0.3374193548387096,13.75,101.10761870967742,84.23,-7.206129032258064,2022-S2,3,2022,8,41.394221972379384,-1.6831084013222308,-0.05932605600379448,0.003396368778618708,-7.206129032258064,0.8,10.04,40.0,8.37,18.0,BAIXO
2022-08-12,5.1570000648498535,5.310823329289755,46783370955,6575377525,52987490332.93333,1.0003360509872437,53358748480,59840567513.5,105.62999725341795,19.530000686645508,0.8978840291247625,-2.706714813848754,-1.8088307847239915,-0.3351612903225806,13.75,101.11105258064516,84.18,-7.170967741935484,2022-S2,3,2022,8,-5.837046934391477,-1.8088307847239915,-0.05936127270568248,0.0033962534293330293,-7.170967741935484,0.8,3.0,5.0,7.59,17.53,BAIXO
2022-08-15,5.074900150299072,5.302286672592163,57703388667,7302904711,53115230775.26667,1.000174045562744,65006293378,59995714929.4,106.5500030517578,19.950000762939453,1.3410725416536318,-6.145043805483231,-4.803971263829599,-0.3283870967741935,13.75,101.12135419354838,84.03,-7.089677419354839,2022-S2,3,2022,8,52.589245102426084,-4.803971263829599,-0.1781895937277289,0.010188414263612167,-7.089677419354839,0.8,10.48,40.0,8.17,17.3,BAIXO
2022-08-16,5.095600128173828,5.294530010223388,46945222159,6162980451,53273763226.4,1.0001150369644165,53108202610,60174982467.23333,106.5,19.690000534057617,0.0,-4.367244169745543,-4.367244169745543,-0.3261290322580645,13.75,101.12478806451612,83.98,-7.06258064516129,2022-S2,3,2022,8,0.3212928179143981,-4.367244169745543,-0.05950255861001397,0.0033957921105054467,-7.06258064516129,0.8,3.52,7.25,7.73,16.67,BAIXO
2022-08-17,5.1417388916015625,5.28641463915507,53355167557,6429626031,52705915247.93333,1.000072956085205,59784793588,59539558625.26667,106.56999969482422,19.899999618530277,-0.4948634797832807,-4.026066680290807,-4.520930160074088,-0.3238709677419354,13.75,101.12822193548388,83.93,-7.035483870967742,2022-S2,3,2022,8,27.239410866103487,-4.520930160074088,-0.0595379852345812,0.0033956768003884363,-7.035483870967742,0.8,9.28,40.0,7.72,16.18,BAIXO
2022-08-18,5.164999961853027,5.277647972106934,43149679443,5259309739,51572219604.66666,0.9999989867210388,48408989182,58264343334.86667,107.4800033569336,19.559999465942383,0.3267115770456685,-5.171958679807498,-4.84524710276183,-0.3216129032258064,13.75,101.13165580645162,83.88000000000001,-7.008387096774193,2022-S2,3,2022,8,4.237502968416562,-4.84524710276183,-0.05957345406886194,0.003395561498087396,-7.008387096774193,0.8,6.11,34.66,7.46,15.58,BAIXO
2022-08-19,5.166999816894531,5.271941296259562,64302127382,7104084896,51438728094.0,1.000059962272644,71406212278,58074096206.2,108.16999816894533,20.600000381469727,1.0840071110718164,-4.2910857604387616,-3.2070786493669456,-0.3193548387096774,13.75,101.13508967741936,83.83000000000001,-6.981290322580644,2022-S2,3,2022,8,-0.6467009354172881,-3.2070786493669456,-0.05960896518836245,0.0033954462036245303,-6.981290322580644,0.8,3.0,5.0,6.49,14.95,BAIXO
2022-08-22,5.168399810791016,5.269087950388591,51710064329,5446317941,51830697364.16666,0.9999840259552002,57156382270,58434434193.8,109.0500030517578,23.799999237060547,0.9535330871143,-2.5827750567330443,-1.6292419696187443,-0.3125806451612903,13.75,101.14539129032258,83.68,-6.9,2022-S2,3,2022,8,33.525031403525475,-1.6292419696187443,-0.17893355600621108,0.010185992750955108,-6.9,0.8,9.66,40.0,6.44,14.61,BAIXO
2022-08-23,5.156099796295166,5.261717939376831,52978066914,5446317941,52198123756.63333,0.9999920129776,58424384855,58821198367.26667,108.62000274658205,24.11000061035156,0.5089322229212101,-4.620743670240602,-4.111811447319392,-0.3103225806451613,13.75,101.14882516129032,83.63000000000001,-6.872903225806452,2022-S2,3,2022,8,31.23520654841969,-4.111811447319392,-0.059751434034416295,0.0033949851040437906,-6.872903225806452,0.8,9.53,40.0,7.37,14.18,BAIXO
2022-08-24,5.103499889373779,5.250617933273316,48708536003,7342467396,51944824523.6,1.000038981437683,56051003399,58598264031.73333,108.68000030517578,22.81999969482422,0.6669148080853171,-6.792182510944156,-6.125267702858839,-0.3080645161290322,13.75,101.15225903225809,83.58000000000001,-6.845806451612903,2022-S2,3,2022,8,-5.891520236696401,-6.125267702858839,-0.05978715771851606,0.003394869848749593,-6.845806451612903,0.8,3.0,5.0,6.3,13.48,BAIXO
2022-08-25,5.110099792480469,5.241257921854655,45854093190,7247298408,51864403508.93333,1.0000799894332886,53101391598,58530356711.7,108.47000122070312,21.780000686645508,-0.0644920713412378,-5.144291907694875,-5.208783979036113,-0.3058064516129032,13.75,101.1556929032258,83.53,-6.8187096774193545,2022-S2,3,2022,8,-6.843529031252227,-5.208783979036113,-0.05982292414454804,0.0033947546012047525,-6.8187096774193545,0.8,3.0,5.0,6.23,12.98,BAIXO
2022-08-26,5.108699798583984,5.230787913004558,62406193046,9023777773,51941123570.96667,1.0000430345535278,71429970819,58632442398.46667,108.8000030517578,25.559999465942383,0.6848098370193068,-6.477025330691899,-5.792215493672592,-0.3035483870967742,13.75,101.15912677419357,83.48,-6.791612903225806,2022-S2,3,2022,8,35.71730520403553,-5.792215493672592,-0.05985873338919534,0.003394639361586904,-6.791612903225806,0.8,9.77,40.0,6.3,12.39,BAIXO
2022-08-29,5.0625,5.21920124689738,45837060552,8146241733,49215584974.93333,1.0000319480895996,53983302285,55988854724.73333,108.83999633789062,26.209999084472656,1.3690915094582978,-7.794111089387512,-6.425019579929215,-0.2967741935483871,13.75,101.1694283870968,83.33000000000001,-6.710322580645161,2022-S2,3,2022,8,-34.881850628230616,-6.425019579929215,-0.1796837565883891,0.010183572389110829,-6.710322580645161,0.8,3.0,5.0,5.85,11.39,BAIXO
2022-08-30,5.027200222015381,5.205547920862833,50170084207,6564730413,49145676181.16666,1.000080943107605,56734814620,55900302603.5,108.7699966430664,26.209999084472656,1.9591266703335557,-9.492966075985088,-7.533839405651532,-0.294516129032258,13.75,101.17286225806453,83.28,-6.683225806451612,2022-S2,3,2022,8,-34.97961714165254,-7.533839405651532,-0.06000240009601532,0.0033941784810531672,-6.683225806451612,0.8,3.0,5.0,5.85,10.51,BAIXO
2022-08-31,5.1219000816345215,5.195841264724732,48405934722,5586800452,49063115439.6,1.0000159740447998,53992735174,55734280119.13333,108.6999969482422,25.8700008392334,1.512882974865315,-6.892419594235855,-5.37953661937054,-0.292258064516129,13.75,101.17629612903228,83.23,-6.656129032258065,2022-S2,3,2022,8,-29.134605630126153,-5.37953661937054,-0.06003842459173514,0.0033940632805151694,-6.656129032258065,0.8,3.0,5.0,4.9,9.68,BAIXO
2022-09-01,5.181700229644775,5.1862246036529545,44702355872,5070758690,48726750126.03333,1.0000100135803225,49773114562,55289141210.066666,109.69000244140624,25.559999465942383,2.6003167936305527,-7.874343865658484,-5.274027072027931,-0.29,13.75,101.17973,83.18,-6.629032258064516,2022-S2,3,2022,9,-19.15249435212878,-5.274027072027931,-0.060074492370532084,0.0033939480877487327,-6.629032258064516,0.8,3.0,5.0,3.97,8.8,BAIXO
2022-09-02,5.2403998374938965,5.177644602457682,44468235183,4800544392,48618443316.43333,1.0000890493392944,49268779575,55103393139.53333,109.52999877929688,25.46999931335449,2.623437959614172,-7.3053114687933185,-4.681873509179146,-0.2606666666666666,13.75,101.18918633333334,83.16733333333335,-6.574860215053763,2022-S2,3,2022,9,-13.896458617441365,-4.681873509179146,-0.015228019555979522,0.009346074884097888,-6.574860215053763,0.8,3.0,5.0,3.97,8.0,BAIXO
2022-09-05,5.171000003814697,5.166787942250569,39598045837,6182567826,47776966583.96667,1.0000380277633667,45780613663,54303903027.833336,,,,,-5.925370085140513,-0.1726666666666666,13.75,101.21755533333334,83.12933333333334,-6.24989247311828,2022-S2,3,2022,9,-29.675377704535666,-5.925370085140513,-0.0456910165048896,0.028035604423726213,-6.24989247311828,0.8,,5.0,4.13,7.42,
2022-09-06,5.153900146484375,5.160041284561157,64015343588,7323352432,48914093748.53333,1.0000489950180054,71338696020,55568311527.9,110.20999908447266,26.90999984741211,3.503001136312589,-7.281724048096871,-3.7787229117842815,-0.1433333333333333,13.75,101.22701166666668,83.11666666666667,-6.087419354838709,2022-S2,3,2022,9,32.62831775930095,-3.7787229117842824,-0.015237300912629426,0.009342582225202456,-6.087419354838709,0.8,9.61,40.0,4.1,7.44,BAIXO
2022-09-07,5.247200012207031,5.156611283620198,52755357561,5925798240,48997834082.333336,1.0001089572906494,58681155801,55617555828.833336,109.83999633789062,24.63999938964844,2.472239794875408,-4.395568843884701,-1.9233290490092925,-0.1139999999999999,13.75,101.236468,83.104,-5.897870967741936,2022-S2,3,2022,9,-12.227408055034095,-1.9233290490092925,-0.01523962301985815,0.009341709468269066,-5.897870967741936,0.8,3.0,5.0,4.1,7.11,BAIXO
2022-09-08,5.246699810028076,5.156734609603882,49640976411,5599051311,49116843810.333336,1.0001020431518557,55240027722,55698667089.96667,109.70999908447266,23.61000061035156,3.062472738083355,-2.991906659712895,0.0705660783704598,-0.0846666666666666,13.75,101.24592433333332,83.09133333333334,-5.681247311827957,2022-S2,3,2022,9,-34.47132949029373,0.0705660783704598,-0.01524194583493177,0.009340836874427438,-5.681247311827957,0.8,3.0,5.28,4.1,6.56,BAIXO
2022-09-09,5.2133002281188965,5.157754611968994,70683518131,7486756055,49470121953.9,1.0002349615097046,78170274186,56037903492.8,109.0,22.790000915527344,2.491773919981521,-1.901346729030462,0.5904271909510594,-0.0553333333333333,13.75,101.25538066666668,83.07866666666668,-5.437548387096774,2022-S2,3,2022,9,-1.8463178075792896,0.5904271909510594,-0.015244269358205553,0.009339964443633164,-5.437548387096774,0.8,3.0,7.36,4.1,6.08,BAIXO
2022-09-12,5.146299839019775,5.156924613316854,66834639114,6603561164,49960005257.333336,1.0002039670944214,73438200278,56447053868.03333,108.33000183105467,23.8700008392334,2.2946178188505195,-2.7761300507126,-0.4815122318620801,0.0326666666666666,13.75,101.28374966666668,83.04066666666667,-4.5440000000000005,2022-S2,3,2022,9,31.350270887873833,-0.48151223186208014,-0.04573978077004881,0.028017276527148027,-4.5440000000000005,0.8,9.53,40.0,5.19,6.19,BAIXO
2022-09-13,5.0920000076293945,5.153857946395874,71413926112,7447771857,50878241495.1,1.0000250339508057,78861697969,57465252828.86667,109.81999969482422,27.270000457763672,4.144146868706833,-5.918838368679791,-1.774691499972958,0.062,13.75,101.293206,83.028,-4.192,2022-S2,3,2022,9,30.3332819858958,-1.774691499972958,-0.015253570539730532,0.009336476349308676,-4.192,0.8,9.47,40.0,6.27,6.26,BAIXO
2022-09-14,5.189799785614014,5.150927941004436,55170613417,5785823308,50793815653.43333,1.000141978263855,60956436725,57330257607.1,109.66000366210938,26.15999984741211,3.2191320285277936,-4.884633338187894,-1.6655013096601,0.0913333333333333,13.75,101.30266233333332,83.01533333333333,-3.84,2022-S2,3,2022,9,15.619392047491608,-1.6655013096601001,-0.015255897608845714,0.009335604732774172,-3.84,0.8,8.28,40.0,6.56,6.25,BAIXO
2022-09-15,5.162700176239014,5.146927944819132,60606622307,7140693834,51249195658.36667,1.0000029802322388,67747316141,57818228058.13333,109.73999786376952,26.270000457763672,3.0325750284069697,-5.304138512142542,-2.2715634837355725,0.1206666666666666,13.75,101.31211866666666,83.00266666666667,-3.488,2022-S2,3,2022,9,36.114577167758675,-2.2715634837355725,-0.015258225388070645,0.009334733278998364,-3.488,0.8,9.79,40.0,6.58,6.37,BAIXO
2022-09-16,5.246099948883057,5.148094606399536,46290851147,5765020468,51013718444.7,0.9999809861183168,52055871615,57560597325.7,109.76000213623048,26.299999237060547,3.850884284992429,-3.1792440030828484,0.6716402819095801,0.1499999999999999,13.75,101.321575,82.99000000000001,-3.136,2022-S2,3,2022,9,-6.903423966061284,0.6716402819095801,-0.015260553877782801,0.009333861987870229,-3.136,0.8,3.0,7.69,6.58,6.25,BAIXO
2022-09-19,5.250699996948242,5.150964609781901,56769197831,5448220572,49879602236.4,1.0001059770584106,62217418403,56214483731.566666,109.73999786376952,25.76000022888184,2.926275592585758,-1.2591551338190232,1.6671204587667354,0.2379999999999999,13.75,101.349944,82.952,-2.08,2022-S2,3,2022,9,12.98893600942337,1.6671204587667354,-0.045788649234856926,0.027998972578147097,-2.08,0.8,7.96,46.67,7.29,6.2,BAIXO
2022-09-20,5.170899868011475,5.152991278966268,50515394641,4922676526,50040146591.03333,1.000059962272644,55438071167,56357573372.36667,110.22000122070312,27.15999984741211,3.5512952767712718,-2.3614931593943567,1.1898021173769149,0.2673333333333332,13.75,101.35940033333334,82.93933333333334,-1.7280000000000004,2022-S2,3,2022,9,9.647588507503535,1.1898021173769147,-0.015269874947754225,0.009330378449301513,-1.7280000000000004,0.8,7.45,44.76,7.93,6.18,BAIXO
2022-09-21,5.141499996185303,5.1535846074422205,63560607050,5956755763,50435164681.73333,1.000085949897766,69517362813,56769606057.13333,110.63999938964844,27.989999771118164,4.014286483793117,-3.666884142017124,0.347402341775993,0.2966666666666666,13.75,101.36885666666667,82.92666666666666,-1.3760000000000006,2022-S2,3,2022,9,5.784177701108351,0.34740234177599305,-0.015272206994676463,0.009329507970878836,-1.3760000000000006,0.5,11.1,48.89,8.15,6.23,BAIXO
2022-09-22,5.170400142669678,5.15614128112793,54330130153,5233558179,50480233456.36667,0.9999840259552002,59563688332,56807582839.7,111.3499984741211,27.350000381469727,5.846009224605475,-4.340223418732703,1.5057858058727724,0.3259999999999999,13.75,101.378313,82.914,-1.024000000000001,2022-S2,3,2022,9,-15.695864368548108,1.5057858058727724,-0.015274539753995509,0.009328637654881788,-1.024000000000001,0.5,7.5,18.52,7.87,6.14,BAIXO
2022-09-23,5.115499973297119,5.154757944742839,58265731392,5282910708,50798806636.0,0.9999809861183168,63548642100,57057504129.73333,113.19000244140624,29.920000076293945,7.707685208658765,-8.512418406852795,-0.8047331981940298,0.3553333333333332,13.75,101.38776933333334,82.90133333333333,-0.6720000000000006,2022-S2,3,2022,9,24.543679094960158,-0.8047331981940298,-0.015276873226088838,0.009327767501243756,-0.6720000000000006,0.5,13.59,47.5,8.63,6.5,BAIXO
2022-09-26,5.258800029754639,5.160887940724691,57810071895,3999499289,50141802628.3,0.9999899864196776,61809571184,55837638820.03333,114.0999984741211,32.2599983215332,8.018556698797097,-4.39484245794195,3.623714240855147,0.4433333333333333,13.75,101.41613833333334,82.86333333333333,0.3839999999999994,2022-S2,3,2022,9,0.1848820848558086,3.623714240855147,-0.045837622233657616,0.027980692529805395,0.3839999999999994,0.5,8.32,28.29,8.42,6.43,BAIXO
2022-09-27,5.389400005340576,5.170681269963582,71681603882,4795683665,51386591854.8,0.9999799728393556,76477287547,57026292831.8,114.11000061035156,32.599998474121094,7.095257946563738,-1.3295018083943733,5.7657561381693645,0.4726666666666666,13.75,101.42559466666668,82.85066666666667,0.7359999999999993,2022-S2,3,2022,9,52.69201121089533,5.7657561381693645,-0.015286214248355634,0.00932428850946021,0.7359999999999993,0.5,15.95,70.56,10.27,6.86,BAIXO
2022-09-28,5.378099918365479,5.178559970855713,65738293663,4650658918,52049966291.833336,0.9999759793281556,70388952581,57573147841.66666,112.5999984741211,30.18000030517578,5.727698097766276,-1.1307897026320068,4.596908395134269,0.502,13.75,101.435051,82.838,1.0879999999999992,2022-S2,3,2022,9,23.20885993427151,4.5969083951342915,-0.015288551289072139,0.009323419166928915,1.0879999999999992,0.5,14.92,65.89,11.26,7.05,BAIXO
2022-09-29,5.374199867248535,5.185533301035563,52649004466,4102135594,52132596967.13333,1.0000790357589722,56751140060,57573692023.0,112.25,31.84000015258789,5.329830460205631,-1.2794934429628757,4.050337017242756,0.5313333333333332,13.75,101.44450733333332,82.82533333333333,1.4399999999999995,2022-S2,3,2022,9,22.014821768371306,4.0503370172427555,-0.015290889044472511,0.009322549986512385,1.4399999999999995,0.5,15.29,63.7,12.38,7.37,BAIXO
2022-09-30,5.396200180053711,5.1931733131408695,55223655589,4870470845,52359854329.36667,1.0000489950180054,60094126434,57777071731.66666,112.12000274658205,31.6200008392334,4.31708154514967,0.1187684893280582,4.4358500344777285,0.5606666666666666,13.75,101.45396366666668,82.81266666666666,1.791999999999999,2022-S2,3,2022,9,-14.118462580666225,4.4358500344777285,-0.015293227514945329,0.009321680968188417,1.791999999999999,0.5,10.16,30.24,12.25,7.62,BAIXO
2022-10-03,5.414299964904785,5.2013699849446615,40191505534,4449830981,51612174547.46667,1.0000890493392944,44641336515,56881488656.6,111.75,30.100000381469727,3.309606999773873,1.4481548436570124,4.7577618434308855,0.5783870967741935,13.75,101.4117329032258,82.84645161290322,2.74258064516129,2022-S2,4,2022,10,-22.275274541749447,4.7577618434308855,0.040796834103362656,-0.04162554316717859,2.74258064516129,0.5,32.49,31.53,15.82,8.4,MEDIO
2022-10-04,5.16349983215332,5.2016166528066,44505643606,3702781171,52045843423.333336,1.000251054763794,48208424777,57227507184.63333,110.06999969482422,29.06999969482422,0.935347652014551,-0.7918276242704803,0.1435200277440707,0.5725806451612903,13.75,101.38588935483872,82.86967741935483,2.9891612903225795,2022-S2,4,2022,10,-15.9923224864988,0.1435200277440707,0.028034763106243865,-0.025483785403546122,2.9891612903225795,0.5,23.01,13.07,17.16,8.87,BAIXO
2022-10-05,5.17579984664917,5.204026651382447,41883470473,3648372214,52122024244.53333,1.0001089572906494,45531842687,57219214818.76667,111.06999969482422,28.549999237060547,2.255567010026871,-0.8388929854828531,1.416674024544018,0.5667741935483871,13.75,101.3600458064516,82.89290322580645,3.200602150537634,2022-S2,4,2022,10,-14.012052280897214,1.416674024544018,0.028026905829614535,-0.025490281292184225,3.200602150537634,0.5,23.29,18.17,19.3,9.57,BAIXO
2022-10-06,5.195199966430664,5.206863323847453,43958843047,4064924187,51453474226.5,1.000143051147461,48023767234,56442050525.9,112.26000213623048,30.520000457763672,3.29407602226901,-1.6287431049858636,1.6653329172831466,0.5609677419354838,13.75,101.33420225806452,82.91612903225806,3.3769032258064517,2022-S2,4,2022,10,-4.133219111207554,1.6653329172831466,0.028019052955996493,-0.025496780493194926,3.3769032258064517,0.5,23.52,19.16,20.38,10.28,BAIXO
2022-10-07,5.220099925994873,5.210576661427816,38019451874,3663387742,50962277370.26667,1.0001219511032104,41682839616,55875439986.4,112.8000030517578,31.36000061035156,3.9918888008901865,-1.8112923320632968,2.1805964688268897,0.5551612903225807,13.75,101.30835870967742,82.93935483870968,3.518064516129032,2022-S2,4,2022,10,-39.077437641524426,2.1805964688268897,0.028011204481792618,-0.025503283009309374,3.518064516129032,0.5,23.7,21.22,21.64,10.76,BAIXO
2022-10-10,5.198400020599365,5.2151066621144615,37843287016,3234465931,47976077153.6,1.0000180006027222,41077752947,52526253901.3,113.13999938964844,32.45000076293945,3.988967110438435,-1.304522259092944,2.684444851345491,0.537741935483871,13.75,101.23082806451612,83.00903225806451,3.7307096774193536,2022-S2,4,2022,10,-17.439542238821005,2.684444851345491,0.08401008120972886,-0.07652936652886577,3.7307096774193536,0.5,44.0,23.24,25.74,12.17,MEDIO
2022-10-11,5.186800003051758,5.2204266548156735,38468219592,3635935332,47686349063.2,0.999900996685028,42104154924,52181545220.333336,113.22000122070312,33.630001068115234,4.024260409946079,-0.8495354340549488,3.17472497589113,0.5319354838709677,13.75,101.20498451612904,83.03225806451613,3.731311827956988,2022-S2,4,2022,10,-23.32438703255614,3.17472497589113,0.02797985450475604,-0.02552932627459814,3.731311827956988,0.5,23.98,25.2,27.71,12.89,BAIXO
2022-10-12,5.292099952697754,5.226099983851115,33048616462,2920458912,46560148308.13333,0.9999920129776,35969075374,50932574390.2,113.31999969482422,33.56999969482422,4.183141667907608,-0.8601586274239681,3.32298304048364,0.5261290322580645,13.75,101.17914096774194,83.05548387096773,3.696774193548386,2022-S2,4,2022,10,-31.726106206188508,3.3229830404836402,0.027972027972023028,-0.025535845403923396,3.696774193548386,0.5,23.93,25.79,26.49,13.62,BAIXO
2022-10-13,5.291500091552734,5.229759979248047,60450860335,4863475901,46194712782.23333,1.0000790357589722,65314336236,50480995665.76667,112.36000061035156,31.940000534057617,3.367068780923788,-1.2480758434360473,2.1189929374877403,0.5203225806451612,13.75,101.15329741935484,83.07870967741935,3.627096774193548,2022-S2,4,2022,10,35.229696860035766,2.1189929374877403,0.027964205816566334,-0.02554236786349584,3.627096774193548,0.5,30.59,55.98,27.57,14.57,MEDIO
2022-10-14,5.259799957275391,5.23040664990743,48926387475,4058420604,45986571917.5,1.000074028968811,52984808079,50215274710.9,113.30999755859376,32.02000045776367,3.300205156911362,-2.930002111664876,0.3702030452464866,0.5145161290322581,13.75,101.12745387096774,83.10193548387096,3.55741935483871,2022-S2,4,2022,10,10.025476103680253,0.3702030452464866,0.02795638803465561,-0.02554889365589119,3.55741935483871,0.5,28.26,48.98,28.28,15.44,BAIXO
2022-10-17,5.327400207519531,5.235619990030925,36706571573,2980936199,44248589565.066666,1.00006902217865,39687507772,48194239540.1,112.04000091552734,31.3700008392334,2.291611580575404,0.7329524029762613,3.0245639835516647,0.4970967741935483,13.75,101.04992322580644,83.1716129032258,3.3483870967741938,2022-S2,4,2022,10,-7.302063025792638,3.0245639835516647,0.0838457238680812,-0.0766662683510555,3.3483870967741938,0.5,45.36,24.6,31.4,16.43,MEDIO
2022-10-18,5.277359008789063,5.239735285441081,39012357142,2885568216,44013787221.86667,1.0001059770584106,41897925358,47921338125.23333,112.12999725341795,30.5,1.742127016509354,0.6533183509935814,2.3954453675029352,0.4912903225806451,13.75,101.02407967741937,83.19483870967741,3.2787096774193545,2022-S2,4,2022,10,-39.05780246516858,2.3954453675029574,0.027925160569663987,-0.025575030204938454,3.2787096774193545,0.5,25.07,22.08,31.6,16.95,BAIXO
2022-10-19,5.239799976348877,5.239488617579142,32767030077,2645576295,43213714963.4,1.000059962272644,35412606372,47027844390.86667,112.9800033569336,30.76000022888184,2.858710054380964,-2.9997383330998773,-0.1410282787189132,0.4854838709677419,13.75,100.99823612903226,83.21806451612903,3.209032258064516,2022-S2,4,2022,10,-37.88871577808545,-0.1410282787189132,0.027917364600793526,-0.025581572699917565,3.209032258064516,0.5,23.28,12.5,28.64,17.63,BAIXO
2022-10-20,5.269199848175049,5.240238618850708,32981854458,2679829482,42629263623.96667,0.9999939799308776,35661683940,46368631483.3,112.87999725341795,29.979999542236328,2.8894341403690404,-2.460592412013085,0.4288417283559553,0.4796774193548386,13.75,100.97239258064516,83.24129032258064,3.139354838709677,2022-S2,4,2022,10,-33.559214901559606,0.42884172835595535,0.027909572983531028,-0.025588118543062865,3.139354838709677,0.5,23.19,14.22,28.53,18.3,BAIXO
2022-10-21,5.216599941253662,5.240348609288533,41430999058,3250082894,41891610024.23333,1.0001230239868164,44681081952,45540755454.6,112.01000213623048,29.690000534057617,2.761469849752718,-2.6981757176218317,0.0632941321308866,0.4738709677419355,13.75,100.94654903225806,83.26451612903226,3.0696774193548384,2022-S2,4,2022,10,-41.38520527343501,0.06329413213088664,0.027901785714301575,-0.02559466773698338,3.0696774193548384,0.5,23.1,12.75,28.41,18.97,BAIXO
2022-10-24,5.163400173187256,5.24091862042745,40494105063,3031244247,40046464688.93333,1.0000569820404053,43525349310,43457144906.5,111.98999786376952,29.850000381469727,3.378561774994493,-3.0462777126119667,0.3322840623825263,0.4564516129032258,13.75,100.86901838709676,83.33419354838709,2.8606451612903223,2022-S2,4,2022,10,-39.41150038391154,0.3322840623825263,0.08368200836819106,-0.07680366085276447,2.8606451612903223,0.5,42.77,13.83,30.15,20.08,MEDIO
2022-10-25,5.30620002746582,5.248058621088664,64740988487,4523233356,41036453982.23333,1.000208020210266,69264221843,44468630039.4,110.9499969482422,28.459999084472656,1.0289539761046074,3.177644993170481,4.206598969275088,0.4506451612903225,13.75,100.84317483870969,83.35741935483871,2.790967741935484,2022-S2,4,2022,10,-9.344028522580716,4.206598969275088,0.02787068004459492,-0.0256208980718875,2.790967741935484,0.5,30.98,29.33,30.54,20.79,MEDIO
2022-10-26,5.315199851989746,5.252238623301188,78294376043,4575654708,41719264120.5,1.0001989603042605,82870030751,45170645358.3,109.6999969482422,27.280000686645508,0.0364702578854903,2.379809204827854,2.4162794627133444,0.4448387096774193,13.75,100.81733129032258,83.38064516129032,2.7212903225806446,2022-S2,4,2022,10,41.91318746308295,2.4162794627133444,0.027862914460841104,-0.025627464058364247,2.7212903225806446,0.5,35.88,57.17,29.18,21.71,MEDIO
2022-10-27,5.383900165557861,5.259611956278483,68447928073,4234666654,41611474926.86667,1.0000920295715332,72682594727,45044155597.63333,110.58999633789062,27.38999938964844,0.7745566709198126,3.510022750075925,4.284579420995738,0.439032258064516,13.75,100.79148774193548,83.40387096774194,2.6516129032258062,2022-S2,4,2022,10,12.938034603347859,4.284579420995738,0.02785515320335996,-0.02563403341105941,2.6516129032258062,0.5,36.61,64.64,30.83,22.61,MEDIO
2022-10-28,5.339200019836426,5.262715291976929,61718295435,4000469292,41477474985.93333,1.0001460313796997,65718764727,44888482669.16666,110.66999816894533,25.75,0.8290780020078659,0.9455750137660868,1.7746530157739526,0.4332258064516129,13.75,100.7656441935484,83.42709677419354,2.581935483870967,2022-S2,4,2022,10,33.32719944813505,1.7746530157739526,0.027847396268443347,-0.025640606132593113,2.581935483870967,0.5,31.55,54.6,32.01,23.56,MEDIO
2022-10-31,5.28849983215332,5.263975286483765,67168423338,5307443271,43226123630.36667,0.9999470114707948,72475866609,46686939405.7,111.52999877929688,25.8799991607666,1.6311289870348356,-0.9112281123505594,0.7199008746842761,0.4158064516129032,13.75,100.68811354838712,83.49677419354839,2.372903225806451,2022-S2,4,2022,10,18.318429543355784,0.7199008746842761,0.08351893095768226,-0.07694154667672315,2.372903225806451,0.5,47.66,50.38,35.51,24.88,MEDIO
2022-11-01,5.178800106048584,5.264238627751668,56795449219,3559235451,44115658024.46667,0.9999240040779114,60354684670,47597334808.4,111.4800033569336,25.809999465942383,1.143170134527094,-0.9903874808543378,0.1527826536727561,0.41,13.75,100.66227,83.52,2.3032258064516125,2022-S2,4,2022,11,12.431961825955717,0.15278265367275612,0.027816411682879405,-0.02566693075910509,2.3032258064516125,0.5,26.96,48.11,36.06,25.53,BAIXO
2022-11-02,5.142399787902832,5.264268620808919,76399032768,6343248164,45322575598.93333,0.9999960064888,82742280932,48867366288.96667,111.3499984741211,25.86000061035156,0.641720072658547,-0.6242195043769883,0.0175005682815587,0.417,13.75,100.659593,83.53399999999999,2.246354838709677,2022-S2,4,2022,11,20.198714760387105,0.01750056828155877,0.016762452107266235,-0.0026593876732650124,2.246354838709677,0.5,20.96,47.57,32.94,25.86,BAIXO
2022-11-03,5.142600059509277,5.263341951370239,61590549857,3480226568,45892072473.96667,1.0000070333480835,65070776425,49429444677.23333,112.93000030517578,25.299999237060547,1.41895092295119,-1.956628518365422,-0.5376775954142321,0.424,13.75,100.656916,83.548,2.2022903225806445,2022-S2,4,2022,11,13.363523487894845,-0.5376775954142321,0.016759642780206363,-0.002659458398568404,2.2022903225806445,0.5,20.17,47.5,31.4,26.28,BAIXO
2022-11-04,5.1149001121521,5.263321955998738,88078834184,4189794922,47431917931.0,1.0000760555267334,92268629106,50987337557.86667,110.87999725341795,24.549999237060547,-2.0408208659453586,2.029094521538144,-0.0117263444072146,0.431,13.75,100.654239,83.562,2.171032258064516,2022-S2,4,2022,11,51.167473710101575,-0.01172634440721465,0.01675683439459341,-0.0026595291276243493,2.171032258064516,0.5,27.82,47.5,30.25,26.76,BAIXO
2022-11-07,5.078132152557373,5.257299693425496,72598608064,3478168774,49945099435.833336,1.0000940561294556,76076776838,53442167234.36667,110.12000274658205,24.350000381469727,-3.488164575604058,0.0526303059030786,-3.4355342697009794,0.4519999999999999,13.75,100.646208,83.604,2.1540967741935484,2022-S2,4,2022,11,25.581245074146096,-3.4355342697009794,0.050262080850149715,-0.007978799581409568,2.1540967741935484,0.5,30.92,47.5,29.43,27.51,MEDIO
2022-11-08,5.153326988220215,5.249430592854818,162734866334,9481272661,54603669617.066666,1.0000319480895996,172216138995,58341432140.63333,109.62000274658205,25.540000915527344,-3.9347978614962975,-0.445523081213961,-4.3803209427102585,0.4589999999999999,13.75,100.643531,83.618,2.1740645161290315,2022-S2,4,2022,11,127.02458862651707,-4.3803209427102585,0.016745610257884458,-0.002659812081551305,2.1740645161290315,0.5,24.24,47.5,28.39,27.79,BAIXO
2022-11-09,5.14300012588501,5.241593933105468,143975136007,10733960295,58141397916.76667,0.9986000061035156,154709096302,62129143585.8,110.5500030517578,26.09000015258789,-1.8205998669124648,-2.5508286310526818,-4.371428497965146,0.4659999999999999,13.75,100.640854,83.63199999999999,2.20683870967742,2022-S2,4,2022,11,119.01258457524379,-4.371428497965157,0.01674280657273375,-0.0026598828294255306,2.20683870967742,0.5,24.16,47.5,25.03,28.1,BAIXO
2022-11-10,5.185200214385986,5.235293944676717,114807119109,9392844548,60686027900.66666,0.9978349804878236,124199963657,64865670543.566666,108.20999908447266,23.530000686645508,-3.599109947017676,0.0823138186423433,-3.5167961283753324,0.473,13.75,100.638177,83.646,2.2524193548387093,2022-S2,4,2022,11,118.06132950365824,-3.5167961283753324,0.01674000382629881,-0.0026599535810856167,2.2524193548387093,0.5,24.42,47.5,24.67,28.4,BAIXO
2022-11-11,5.341579914093018,5.233473269144694,74933538836,4591678573,62082191979.8,0.99821799993515,79525217409,66317541944.73333,106.29000091552734,22.520000457763672,-5.199787449374115,4.187588788498086,-1.0121986608760292,0.48,13.75,100.6355,83.66,2.310806451612903,2022-S2,4,2022,11,35.69101508543744,-1.0121986608760292,0.016737202018024533,-0.0026600243364982568,2.310806451612903,0.5,32.94,47.5,26.38,29.16,MEDIO
2022-11-14,5.279058933258057,5.22896523475647,65634612428,4017714642,62456123998.3,0.9990130066871644,69652327070,66603975068.6,106.66000366210938,23.729999542236328,-4.554806566345082,2.0569576750137157,-2.497848891331367,0.501,13.75,100.627469,83.702,2.55,2022-S2,4,2022,11,63.30468728641281,-2.497848891331367,0.0502032034425115,-0.007980285286990352,2.55,0.5,38.29,47.5,28.97,29.35,MEDIO
2022-11-15,5.331200122833252,5.234555244445801,47859299075,3132740778,63137139903.96667,0.9991300106048584,50992039853,67305682585.53333,106.4000015258789,24.540000915527344,-3.3342401918057707,6.582042963787194,3.247802771981423,0.508,13.75,100.624792,83.716,2.6339999999999995,2022-S2,4,2022,11,7.535348772145101,3.247802771981423,0.016726004157607832,-0.0026603073957964796,2.6339999999999995,0.5,36.84,60.49,30.26,29.81,MEDIO
2022-11-16,5.331699848175049,5.23975191116333,45661177296,3988959847,63435626761.4,0.9992290139198304,49650137143,67637770231.23333,106.27999877929688,24.11000061035156,-4.312596496523224,7.3246913638857825,3.012094867362558,0.515,13.75,100.622115,83.73,2.718,2022-S2,4,2022,11,9.019564950892223,3.012094867362558,0.016723207033320087,-0.0026603781700274,2.718,0.5,39.18,59.55,31.44,30.34,MEDIO
2022-11-17,5.39900016784668,5.246545251210531,37744442250,2882973153,63393362931.66666,0.9994019865989684,40627415403,67595419899.4,106.69000244140624,23.93000030517578,-4.961695696446611,8.8845514620166,3.922855765569988,0.522,13.75,100.619438,83.744,2.802,2022-S2,4,2022,11,-14.136861587452776,3.922855765569988,0.016720410844373035,-0.002660448948021976,2.802,0.5,35.94,28.19,33.11,30.76,MEDIO
2022-11-18,5.422100067138672,5.253278589248657,34879098921,2638924708,63463765226.46667,0.9991629719734192,37518023629,67665600474.63333,106.93000030517578,23.1200008392334,-5.203903003343546,9.07356343144925,3.869660428105704,0.529,13.75,100.616761,83.758,2.8859999999999992,2022-S2,4,2022,11,-8.259858567681144,3.8696604281057034,0.016717615590366997,-0.002660519729802413,2.8859999999999992,0.5,36.05,27.98,34.81,31.17,MEDIO
2022-11-21,5.38129997253418,5.259375254313151,54558293762,6600804024,63901622755.5,0.9990890026092528,61159097786,68220647281.5,107.83999633789062,22.36000061035156,-4.684464451431425,8.202853786804788,3.518389335373362,0.55,13.75,100.60873,83.8,3.138,2022-S2,4,2022,11,44.1690140154394,3.518389335373362,0.050144463812418216,-0.007981771545995109,3.138,0.5,53.05,61.57,38.9,31.47,MEDIO
2022-11-22,5.318600177764893,5.263768593470256,44056204568,4058680571,64315845592.96667,0.9991570115089417,48114885139,68694261055.93333,107.22000122070312,21.290000915527344,-5.299417006986262,7.840486156280391,2.5410691492941284,0.5569999999999999,13.75,100.606053,83.814,3.2219999999999995,2022-S2,4,2022,11,14.526237593699554,2.5410691492941284,0.016706443914071833,-0.0026608028945274143,3.2219999999999995,0.5,41.64,57.66,40.14,32.06,MEDIO
2022-11-23,5.357699871063232,5.265955257415771,45720458651,4043753926,64490057379.23333,0.9991940259933472,49764212577,68902223164.83333,106.08000183105467,20.350000381469727,-6.388985071714759,7.628567070388803,1.2395819986740442,0.564,13.75,100.603376,83.828,3.305999999999999,2022-S2,4,2022,11,38.343033825849716,1.2395819986740442,0.016703653327621026,-0.002660873695148336,3.305999999999999,0.5,43.31,52.46,40.86,32.71,MEDIO
2022-11-24,5.35830020904541,5.268181927998861,36841695607,3455771499,63560080949.9,0.999421000480652,40297467106,67936664673.6,,,,,1.2624041639782702,0.571,13.75,100.600699,83.842,3.390000000000001,2022-S2,4,2022,11,-39.0551343639533,1.2624041639782702,0.016700863673224653,-0.002660944499510709,3.390000000000001,0.5,,17.55,41.53,32.78,
2022-11-25,5.320000171661377,5.270188601811727,25728613650,2547890810,61807888870.13333,0.9995779991149902,28276504460,66116880463.9,105.95999908447266,20.5,-5.695978543176761,6.840512838681989,1.1445342955052284,0.578,13.75,100.598022,83.856,3.4739999999999998,2022-S2,4,2022,11,-47.41362488054817,1.1445342955052284,0.016698074950505237,-0.0026610153076589427,3.4739999999999998,0.5,34.58,17.08,40.76,33.0,MEDIO
2022-11-28,5.4085001945495605,5.272891934712728,37268352299,2949046303,58217171996.26667,0.9996619820594788,40217398602,62354333616.13333,106.68000030517578,22.209999084472656,-5.85120236190062,7.37352063856318,1.5223182766625598,0.599,13.75,100.589991,83.898,3.725999999999999,2022-S2,4,2022,11,1.5304636252469361,1.5223182766625598,0.05008586147681182,-0.007983258358701395,3.725999999999999,0.5,47.53,29.3,42.69,33.07,MEDIO
2022-11-29,5.364699840545654,5.275803295771281,31450915067,2909572697,57503085013.76667,0.9997439980506896,34360487764,61614810481.4,106.81999969482422,21.88999938964844,-4.659051390617853,6.3140616260619735,1.655010235444121,0.606,13.75,100.587314,83.91199999999999,3.810000000000001,2022-S2,4,2022,11,-19.38217177566922,1.655010235444121,0.016686929366604986,-0.00266129857789954,3.810000000000001,0.5,33.65,19.12,42.29,33.37,MEDIO
2022-11-30,5.268199920654297,5.276749960581461,37405224166,3389698194,56510978374.7,1.0000150203704834,40794922360,60558779006.43333,105.9499969482422,20.57999992370605,-5.51146031976506,6.053464679351506,0.5420043595864454,0.613,13.75,100.584637,83.926,3.894,2022-S2,4,2022,11,14.155064032659048,0.5420043595864454,0.016684145295076114,-0.002661369404899361,3.894,0.5,38.19,49.67,39.82,33.88,MEDIO
2022-12-01,5.181589126586914,5.273829603195191,29913541569,2503961407,55614914786.36667,1.0000439882278442,32417502976,59627539616.63333,104.7300033569336,19.84000015258789,-7.302177159559886,5.639482175263965,-1.6626949842959204,0.62,13.75,100.58196,83.94,3.978,2022-S2,4,2022,12,-9.303033256990666,-1.6626949842959204,0.016681362152359824,-0.0026614402356517353,3.978,0.5,32.12,12.5,38.23,34.19,MEDIO
2022-12-02,5.183599948883057,5.272729603449504,26380777290,2490597772,53947639603.76667,1.0000649690628052,28871375062,57831842754.3,104.5500030517578,19.059999465942383,-7.37951311511742,6.7469173105276,-0.6325958045898195,0.6170967741935484,13.75,100.56485741935484,83.85548387096775,4.052096774193548,2022-S2,4,2022,12,-36.325992880188394,-0.6325958045898195,-0.1006863581513584,-0.017003626341305367,4.052096774193548,0.5,33.26,12.5,36.56,34.54,MEDIO
2022-12-05,5.2179999351501465,5.274549595514933,28743587598,2283841749,49421375709.4,1.0000540018081665,31027429347,53148618451.8,105.29000091552734,20.75,-5.999465308937346,7.056903433652495,1.0574381247151488,0.6083870967741936,13.75,100.51354967741936,83.60193548387096,4.214967741935484,2022-S2,4,2022,12,-29.01784703407757,1.0574381247151488,-0.30236351326400346,-0.05101955419826165,4.214967741935484,0.5,40.11,16.73,37.06,34.45,MEDIO
2022-12-06,5.28000020980835,5.273676268259684,25563996757,2226009116,48570313005.63333,1.0000770092010498,27790005873,52291265904.43333,105.58000183105467,22.170000076293945,-5.723721899264877,5.229963323978314,-0.4937585752865625,0.6054838709677419,13.75,100.4964470967742,83.51741935483871,4.249451612903226,2022-S2,4,2022,12,-60.51342842543521,-0.49375857528656253,-0.10109350763602976,-0.017015199144843063,4.249451612903226,0.5,29.58,12.5,36.35,34.4,BAIXO
2022-12-07,5.234000205993652,5.270969613393148,25829885797,2274813216,47011355596.73333,1.0000020265579224,28104699013,50692196643.6,105.0999984741211,22.68000030517578,-5.272644105479429,3.744956563012014,-1.5276875424674152,0.6025806451612903,13.75,100.47934451612905,83.43290322580644,4.2740322580645165,2022-S2,4,2022,12,-67.0092705217882,-1.5276875424674152,-0.1011958100299859,-0.017018094807563777,4.2740322580645165,0.5,25.76,12.5,33.24,34.05,BAIXO
2022-12-08,5.203999996185303,5.264972941080729,25868764140,2170271743,42449152190.26667,1.0001269578933716,28039035883,45886293206.53333,104.7699966430664,22.290000915527344,-4.494075152528776,1.1526281746775835,-3.3414469778511924,0.5996774193548388,13.75,100.46224193548386,83.34838709677419,4.288709677419355,2022-S2,4,2022,12,-62.2066512920437,-3.3414469778511924,-0.10129831968511693,-0.017020991456051515,4.288709677419355,0.5,19.05,12.5,31.15,33.45,BAIXO
2022-12-09,5.224299907684326,5.261142937342326,25000886944,2120225426,38483343888.16666,1.0000569820404053,27121112370,41633360408.8,104.80999755859376,22.82999992370605,-5.22651141215068,3.074501528175221,-2.1520098839754587,0.5967741935483871,13.75,100.4451393548387,83.26387096774194,4.293483870967742,2022-S2,4,2022,12,-59.49193546615324,-2.1520098839754587,-0.10140103723197402,-0.01702388909072816,4.293483870967742,0.5,24.05,12.5,29.13,33.19,BAIXO
2022-12-12,5.235000133514404,5.259359614054362,25872687355,2410188441,32787574429.2,1.0001070499420166,28282875796,35556953094.066666,105.12999725341795,25.0,-5.005874227150664,3.994250887131901,-1.0116233400187635,0.5880645161290323,13.75,100.39383161290324,83.01032258064515,4.248387096774193,2022-S2,4,2022,12,-61.48087736881158,-1.0116233400187635,-0.3045118899108301,-0.0510803631365464,4.248387096774193,0.5,32.22,12.5,29.15,32.65,MEDIO
2022-12-13,5.321300029754639,5.264109611511231,37452330494,3884992735,32696322461.0,1.0000170469284058,41337323229,35516041464.2,103.9800033569336,22.549999237060547,-6.769475033621875,9.521076191960107,2.751601158338235,0.5851612903225807,13.75,100.37672903225804,82.9258064516129,4.213548387096775,2022-S2,4,2022,12,-34.05751515480412,2.751601158338235,-0.10181399903625987,-0.0170354895021263,4.213548387096775,0.5,35.96,23.51,29.53,32.97,MEDIO
2022-12-14,5.292799949645996,5.269122950236002,31427740393,3151848157,31556093393.166668,1.0001050233840942,34579588550,34346950180.2,103.7699966430664,21.13999938964844,-6.916044565572443,9.840752249657436,2.924707684084993,0.582258064516129,13.75,100.3596264516129,82.84129032258065,4.178709677419355,2022-S2,4,2022,12,-58.86369335533836,2.924707684084993,-0.10191776558913235,-0.017038392075563458,4.178709677419355,0.5,35.92,24.2,28.93,33.48,MEDIO
2022-12-15,5.277200222015381,5.2736096223195394,24979746073,2460794466,30793441626.43333,1.0000779628753662,27440540539,33561900203.066666,104.55999755859376,22.82999992370605,-6.097890443263376,8.715246662851406,2.6173562195880296,0.5793548387096774,13.75,100.34252387096774,82.75677419354838,4.143870967741935,2022-S2,4,2022,12,-59.4422421442939,2.6173562195880296,-0.102021743870917,-0.017041295638342557,4.143870967741935,0.5,35.87,22.97,29.83,34.02,MEDIO
2022-12-16,5.311800003051758,5.280172952016195,31897990627,3154403231,30334668737.466667,1.0001569986343384,35052393858,33075308760.233334,104.6999969482422,22.6200008392334,-7.287703298231907,11.13723870620319,3.849535407971283,0.5764516129032258,13.75,100.32542129032258,82.67225806451613,4.109032258064516,2022-S2,4,2022,12,-63.78472657759764,3.849535407971283,-0.10212593453025054,-0.017044200190885483,4.109032258064516,0.5,35.83,27.9,31.27,34.3,MEDIO
2022-12-19,5.306509017944336,5.28778551419576,21820408554,2366552622,29055920360.666668,1.0000799894332886,24186961176,31727617429.033333,104.72000122070312,22.420000076293945,-5.555552115171936,10.05281328376817,4.497261168596234,0.567741935483871,13.75,100.27411354838708,82.41870967741934,4.0045161290322575,2022-S2,4,2022,12,-69.94376457636211,4.497261168596234,-0.30669101465562454,-0.05114131720117543,4.0045161290322575,0.5,41.54,30.49,34.48,34.66,MEDIO
2022-12-20,5.291600227355957,5.292394622166952,26224288350,2562520190,28802233658.8,1.0001109838485718,28786808540,31471618341.83333,103.97000122070312,21.479999542236328,-5.584817810104703,8.268001692125303,2.683183882020601,0.5648387096774193,13.75,100.25701096774192,82.33419354838709,3.969677419354839,2022-S2,4,2022,12,-83.88526752701121,2.683183882020601,-0.1025448340104318,-0.017055828308976118,3.969677419354839,0.5,35.64,23.23,36.14,35.06,MEDIO
2022-12-21,5.198400020599365,5.294241285324096,18469483242,1950566712,27599273308.13333,1.0000770092010498,20420049954,30113650080.766663,104.16000366210938,20.06999969482422,-4.98084195189723,6.058032178580763,1.0771902266835331,0.5619354838709678,13.75,100.23990838709676,82.24967741935484,3.934838709677419,2022-S2,4,2022,12,-87.17175496114689,1.0771902266835331,-0.10265009638138478,-0.017058737818009817,3.934838709677419,0.5,31.33,16.81,36.01,35.31,MEDIO
2022-12-22,5.199900150299072,5.294731283187867,20067291688,1850998745,26799642878.8,1.000010967254639,21918290433,29240430257.233334,104.43000030517578,21.96999931335449,-5.5359589123817,5.819456854704197,0.283497942322497,0.5590322580645162,13.75,100.2228058064516,82.16516129032257,3.9,2022-S2,4,2022,12,-82.52086469572697,0.28349794232249703,-0.1027555750782505,-0.017061648319860456,3.9,0.5,30.66,13.63,35.26,35.52,MEDIO
2022-12-23,5.165599822998047,5.288865280151367,18370924559,1885345751,25887991742.4,0.9999809861183168,20256270310,28256832181.666668,104.30999755859376,20.8700008392334,-3.604104573399381,0.3095719833192123,-3.294532590080168,0.5561290322580645,13.75,100.20570322580645,82.08064516129032,3.8651612903225807,2022-S2,4,2022,12,-75.48370883803217,-3.294532590080168,-0.10286127076855056,-0.01706455981504984,3.8651612903225807,0.5,16.31,12.5,32.45,34.95,BAIXO
2022-12-26,5.164299964904785,5.285039981206258,14986560291,1442718612,24345622155.43333,0.9999949932098388,16429278903,26557731830.566666,,,,,-2.1738527605799307,0.5474193548387097,13.75,100.15439548387096,81.82709677419354,3.7606451612903222,2022-S2,4,2022,12,-77.16668121192917,-2.1738527605799307,-0.3089015523678684,-0.0512024169122105,3.7606451612903222,0.5,,12.5,31.88,34.83,
2022-12-27,5.21750020980835,5.281249984105428,18554435182,1696141537,24044483496.466667,0.9998499751091005,20250576719,26236811558.266663,104.18000030517578,21.649999618530277,-1.9851355651304023,-0.1475908455314534,-2.132726410661856,0.5445161290322581,13.75,100.1372929032258,81.74258064516128,3.725806451612904,2022-S2,4,2022,12,-61.23128516169143,-2.132726410661856,-0.10328623691181482,-0.01707621573924234,3.725806451612904,0.5,15.33,12.5,28.47,34.06,BAIXO
2022-12-28,5.292300224304199,5.279936663309733,21161758512,2210122747,23507597036.9,0.9996860027313232,23371881259,25675294313.5,104.45999908447266,22.13999938964844,-2.0626331352904925,1.323663857334323,-0.7389692779561696,0.5416129032258065,13.75,100.12019032258064,81.65806451612903,3.690967741935484,2022-S2,4,2022,12,-53.65481188796723,-0.7389692779561696,-0.10339302767933267,-0.01707913220870827,3.690967741935484,0.5,18.72,12.5,24.66,33.33,BAIXO
2022-12-29,5.2667999267578125,5.275529988606771,18567214596,1972864413,23078140354.533333,0.9997349977493286,20540079009,25214614021.666668,103.83999633789062,21.440000534057617,-2.406019879018173,-0.0425861031815522,-2.4486059821997253,0.5387096774193548,13.75,100.10308774193548,81.57354838709676,3.6561290322580646,2022-S2,4,2022,12,-50.80808328542727,-2.4486059821997253,-0.10350003950384545,-0.017082049674554955,3.6561290322580646,0.5,15.24,12.5,21.26,32.59,BAIXO
2022-12-30,5.284599781036377,5.270946645736695,19162959224,1879667314,22470064856.466667,0.99965900182724,21042626538,24556204160.93333,103.5199966430664,21.670000076293945,-2.596915852400361,0.0609927893858497,-2.5359230630145118,0.5358064516129033,13.75,100.08598516129032,81.48903225806451,3.621290322580646,2022-S2,4,2022,12,-45.05890399461446,-2.5359230630145113,-0.10360727307238138,-0.0170849681372931,3.621290322580646,0.5,15.35,12.5,18.6,31.85,BAIXO
2023-01-02,5.2855000495910645,5.267753314971924,16348780894,1562545140,21278622411.43333,0.999770998954773,17911326034,23274769521.233334,,,,,-1.7802375528603087,0.54,13.75,100.14719483870968,81.33774193548386,3.5296774193548397,2023-S1,1,2023,1,-70.03428852574021,-1.7802375528603087,-0.18565728219906985,0.06115709139566938,3.5296774193548397,0.5,,12.5,16.19,31.06,
2023-01-03,5.360130786895752,5.269137668609619,18233713873,2006189065,21164754374.13333,0.9997590184211732,20239902938,23171015846.466667,104.5199966430664,22.899999618530277,-2.0339354660073306,2.814791475911649,0.7808560099043182,0.55,13.75,100.24260967741937,81.35548387096773,3.5206451612903225,2023-S1,1,2023,1,-58.612608480931286,0.7808560099043182,0.021812672766285957,0.09527459941673921,3.5206451612903225,0.5,25.04,15.62,17.94,30.45,BAIXO
2023-01-04,5.478499889373779,5.273164335886637,24715975399,2402538600,21030500634.166668,0.999763011932373,27118513999,23040718668.2,104.25,22.01000022888184,-2.506312819159373,4.761012059835091,2.254699240675717,0.56,13.75,100.33802451612902,81.3732258064516,3.524516129032259,2023-S1,1,2023,1,-45.94110354914515,2.254699240675717,0.021807915876959072,0.09518391332459242,3.524516129032259,0.5,30.1,21.52,19.96,29.96,MEDIO
2023-01-05,5.430099964141846,5.275557661056519,19334292777,2080129330,20822843834.83333,0.9996970295906068,21414422107,22828199209.33333,105.04000091552734,22.459999084472656,-2.596435012469933,3.936407621231752,1.3399726087618191,0.5700000000000001,13.75,100.43343935483873,81.39096774193548,3.541290322580646,2023-S1,1,2023,1,-47.52062178884502,1.3399726087618191,0.021803161061950682,0.09509339970548147,3.541290322580646,0.5,27.98,17.86,22.07,29.89,BAIXO
2023-01-06,5.349800109863281,5.276550992329915,20350836697,2361812755,20640208864.83333,0.9997379779815674,22712649452,22648464223.966667,103.87999725341795,21.1299991607666,-3.1150941328661697,3.6752433291132425,0.5601491962470728,0.5800000000000001,13.75,100.52885419354838,81.40870967741935,3.570967741935485,2023-S1,1,2023,1,-20.90193053600461,0.5601491962470728,0.021798408319861906,0.0950030580676886,3.570967741935485,0.5,27.34,14.74,23.51,29.63,BAIXO
2023-01-09,5.224400043487549,5.270414320627848,31331363115,3646138496,20329739629.2,0.9999989867210388,34977501611,22385801171.0,103.0,21.96999931335449,-2.9034707559300044,-0.500433181201021,-3.4039039371310253,0.61,13.75,100.8150987096774,81.46193548387096,3.7374193548387113,2023-S1,1,2023,1,-15.930377432219622,-3.4039039371310253,0.06538097294812584,0.2847386637650384,3.7374193548387113,0.5,29.22,12.5,25.84,28.98,BAIXO
2023-01-10,5.253699779510498,5.266714318593343,23843949758,2630571530,20556650941.33333,1.000100016593933,26474521288,22656033466.866665,103.23999786376952,20.57999992370605,-2.567007591737247,0.4979251764223535,-2.069082415314893,0.62,13.75,100.91051354838709,81.47967741935483,3.8187096774193554,2023-S1,1,2023,1,-24.186785321809722,-2.0690824153148935,0.021779418053946564,0.09464340156473128,3.8187096774193554,0.5,19.41,12.5,26.52,28.47,BAIXO
2023-01-11,5.198299884796143,5.264384317398071,25576360686,2801305360,20546773385.7,1.0000189542770386,28377666046,22659193141.866665,103.19000244140624,21.09000015258789,-3.271464054917339,1.9446344563649576,-1.3268295985523817,0.63,13.75,101.00592838709676,81.49741935483871,3.912903225806452,2023-S1,1,2023,1,-31.623559927097055,-1.3268295985523815,0.02177467565631641,0.09455391252559675,3.912903225806452,0.5,23.29,12.5,26.05,27.94,BAIXO
2023-01-12,5.1585001945495605,5.263614686330159,41556485542,4571366092,20683578553.966667,1.0000920295715332,46127851634,22818877422.033333,102.25,18.82999992370605,-4.278224778019402,3.832629199649762,-0.4455955783696397,0.64,13.75,101.10134322580645,81.51516129032258,4.0200000000000005,2023-S1,1,2023,1,38.92198436665826,-0.4455955783696397,0.021769935323501244,0.09446459255739725,4.0200000000000005,0.5,35.26,47.5,27.51,28.05,MEDIO
2023-01-13,5.107699871063232,5.261084683736166,35704375577,3509707746,20826133060.1,1.0002139806747437,39214083323,22973360581.13333,102.1999969482422,18.350000381469727,-3.5394054818443488,2.0751706147964177,-1.464234867047931,0.65,13.75,101.19675806451612,81.53290322580645,4.140000000000001,2023-S1,1,2023,1,35.34239413989611,-1.464234867047931,0.021765197054168794,0.09437544118140462,4.140000000000001,0.5,30.68,47.5,27.6,27.96,MEDIO
2023-01-16,5.080699920654297,5.256508016586304,35957366329,2899726940,22209780289.366665,1.0001260042190552,38857093269,24425583551.1,,,,,-2.631276661598858,0.6799999999999999,13.75,101.48300258064516,81.58612903225806,4.5,2023-S1,1,2023,1,25.097001918792984,-2.631276661598858,0.06528138254098259,0.28285937376231196,4.5,0.5,,47.5,27.53,27.51,
2023-01-17,5.145999908447266,5.252041339874268,32250868598,2965132328,22804062032.7,1.000102996826172,35216000926,25083070897.733334,102.38999938964844,19.36000061035156,-2.234320531156786,-0.3035638634718229,-2.537884394628609,0.69,13.75,101.57841741935484,81.60387096774194,4.619999999999999,2023-S1,1,2023,1,26.157380258503537,-2.537884394628609,0.02174626458484319,0.09402051208906581,4.619999999999999,0.5,25.37,47.5,27.2,27.35,BAIXO
2023-01-18,5.099599838256836,5.247561327616373,40496222408,4209476194,23426589161.166668,0.9999899864196776,44705698602,25767028811.93333,102.36000061035156,20.34000015258789,-2.094693809164294,-0.4731388703780093,-2.5678326795423034,0.7,13.75,101.67383225806452,81.62161290322581,4.739999999999999,2023-S1,1,2023,1,56.780493441838665,-2.5678326795423034,0.021741536612740475,0.09393219655684515,4.739999999999999,0.5,26.95,47.5,26.83,27.39,BAIXO
2023-01-19,5.185299873352051,5.246937990188599,25966707878,3098920631,23418003145.43333,1.0000230073928833,29065628509,25776322810.9,102.05999755859376,20.520000457763672,-3.067720893577519,2.7083795629287977,-0.3593413306487214,0.71,13.75,101.7692470967742,81.63935483870968,4.859999999999999,2023-S1,1,2023,1,0.37861777033465494,-0.3593413306487214,0.021736810696082465,0.09384404678236535,4.859999999999999,0.5,27.11,15.15,28.11,27.69,BAIXO
2023-01-20,5.172999858856201,5.245227988560995,33794858528,3444375885,23928848988.3,1.0001790523529053,37239234413,26336962292.866665,102.01000213623048,19.850000381469727,-3.381321872428833,2.3993711855498367,-0.9819506868789962,0.72,13.75,101.86466193548388,81.65709677419355,4.98,2023-S1,1,2023,1,35.1746384186201,-0.9819506868789962,0.021732086833514686,0.09375606229939937,4.98,0.5,32.61,47.5,29.66,28.01,MEDIO
2023-01-23,5.206299781799316,5.244271310170491,35271449760,3419783936,25879146813.93333,1.0002039670944214,38691233696,28478559933.0,102.13999938964844,19.809999465942383,-2.8163645361055867,2.2681247847567976,-0.5482397513487891,0.75,13.75,102.15090645161293,81.71032258064517,5.34,2023-S1,1,2023,1,36.326966256111206,-0.5482397513487891,0.065182095071048,0.28100472793042286,5.34,0.5,43.97,47.5,31.12,28.45,MEDIO
2023-01-24,5.205900192260742,5.240424648920695,34777970359,3576076257,26543209018.666668,1.0001300573349,38354046616,29215819223.83333,101.91999816894533,19.200000762939453,-2.720242975506193,0.551603040741655,-2.168639934764538,0.76,13.75,102.24632129032258,81.72806451612904,5.459999999999999,2023-S1,1,2023,1,-7.140704195773462,-2.168639934764538,0.02171321189725628,0.09340576801915024,5.459999999999999,0.5,21.69,12.5,29.62,27.92,BAIXO
2023-01-25,5.138400077819824,5.235277986526489,39242817276,4154869647,27351750918.166668,1.0001749992370603,43397686923,30114766157.83333,101.63999938964844,19.07999992370605,-3.0245188844443383,0.1073507825874231,-2.917168101856915,0.77,13.75,102.34173612903226,81.7458064516129,5.58,2023-S1,1,2023,1,24.86681124787666,-2.917168101856915,0.021708498285022415,0.09331860306127648,5.58,0.5,26.81,47.5,29.22,27.58,BAIXO
2023-01-26,5.072199821472168,5.228444639841715,34910787321,3258930502,27896962656.13333,1.000082015991211,38169717823,30712070861.3,101.83999633789062,18.729999542236328,-3.129459717949701,-0.7551835003991814,-3.884643218348882,0.78,13.75,102.43715096774194,81.76354838709678,5.699999999999999,2023-S1,1,2023,1,39.756373899790034,-3.884643218348882,0.021703786718862972,0.09323160063396951,5.699999999999999,0.5,27.54,47.5,29.53,27.27,BAIXO
2023-01-27,5.062745094299316,5.220142809549968,34658058512,3615689955,28346839322.8,1.000182032585144,38273748467,31208799768.233334,101.93000030517578,18.51000022888184,-1.9715358584099447,-2.717174345463569,-4.688710203873514,0.79,13.75,102.5325658064516,81.78129032258065,5.82,2023-S1,1,2023,1,8.652795460613572,-4.688710203873514,0.021699077197423478,0.09314476028301488,5.82,0.5,24.99,47.5,29.25,26.87,BAIXO
2023-01-30,5.107200145721436,5.21349918047587,37178895589,3562976035,29797525460.3,1.0000929832458496,40741871624,32789451244.233334,102.27999877929688,19.940000534057617,-1.4358657723528845,-2.3200662641125858,-3.7559320364654702,0.82,13.75,102.81881032258065,81.83451612903227,6.18,2023-S1,1,2023,1,70.38588208369987,-3.755932036465448,0.0650831091581816,0.27917424466816776,6.18,0.5,40.38,47.5,31.14,26.83,MEDIO
2023-01-31,5.1149001121521,5.207609176635742,31416134222,2960609713,30466563800.43333,1.000116944313049,34376743935,33517245655.6,102.0999984741211,19.399999618530277,-2.352715323175203,-0.9865413782356836,-3.3392567014108865,0.83,13.75,102.91422516129032,81.85225806451614,6.300000000000001,2023-S1,1,2023,1,19.797852291385443,-3.3392567014108865,0.021680259532419477,0.09279901061909346,6.300000000000001,0.5,27.06,47.5,30.35,26.51,BAIXO
2023-02-01,5.072199821472168,5.203402503331502,36688644471,3454788463,31144559253.0,1.0000979900360107,40143432934,34258315885.6,101.22000122070312,17.8700008392334,-3.323778251167841,0.8961043779162292,-2.4276738732516123,0.84,13.75,103.00964,81.87,6.42,2023-S1,1,2023,2,98.64467235103382,-2.4276738732516123,0.021675560214706735,0.0927129738966137,6.42,0.5,32.49,47.5,28.71,26.55,MEDIO
2023-02-02,5.053500175476074,5.198522504170736,43575657052,4233203635,31989290692.3,1.0001399517059326,47808860687,35177281143.9,101.75,18.729999542236328,-2.836135586404054,0.0206973935268695,-2.8154381928771843,0.8353571428571428,13.75,103.01263178571428,81.86250000000001,6.525357142857143,2023-S1,1,2023,2,117.14767358495975,-2.8154381928771843,-0.009160864785628942,0.002904374497636475,6.525357142857143,0.5,25.1,47.5,29.2,26.35,BAIXO
2023-02-03,5.049200057983398,5.194642512003581,36792033814,3432403396,32391825972.8,1.0001310110092163,40224437210,35614145250.933334,102.91999816894533,18.32999992370605,-1.0099096272288333,-1.243454338295924,-2.2533639655247573,0.8307142857142857,13.75,103.01562357142858,81.855,6.616071428571429,2023-S1,1,2023,2,100.27317457996645,-2.2533639655247573,-0.009161704076965371,0.0029042901461995285,6.616071428571429,0.5,24.88,47.5,28.92,26.66,BAIXO
2023-02-06,5.149799823760986,5.194159173965455,32088027094,3098238993,33577915046.6,1.0001020431518557,35186266087,36883278942.8,103.62000274658205,19.43000030517578,-0.5184340404586374,0.2376575316900164,-0.2807765087686209,0.8167857142857142,13.75,103.02459892857144,81.83250000000001,6.800357142857141,2023-S1,1,2023,2,114.11202084356931,-0.2807765087686209,-0.027487630566236376,0.008712617398898281,6.800357142857141,0.5,25.98,47.5,28.7,26.64,BAIXO
2023-02-07,5.145699977874756,5.191765832901001,39183502892,3694028407,34388906892.5,1.0000770092010498,42877531299,37757788436.63333,103.43000030517578,18.65999984741211,-0.9575792368837543,-0.4185631502045428,-1.3761423870882972,0.812142857142857,13.75,103.02759071428572,81.825,6.8325,2023-S1,1,2023,2,111.18132946462653,-1.3761423870882972,-0.009165062780691624,0.0029039527893237604,6.8325,0.5,25.36,47.5,28.75,27.0,BAIXO
2023-02-08,5.2093000411987305,5.188999160130819,39133872723,3602936283,34648990546.1,1.0001310110092163,42736809006,38016432016.46667,103.41000366210938,19.6299991607666,-0.8628069384996606,-0.7055126878945717,-1.5683196263942325,0.8075,13.75,103.0305825,81.8175,6.849999999999998,2023-S1,1,2023,2,84.92731925283394,-1.5683196263942323,-0.009165902841434814,0.0029038684623561295,6.849999999999998,0.5,24.88,47.5,26.54,27.22,BAIXO
2023-02-09,5.19950008392334,5.1867558320363365,47895876169,4476731490,35450721426.46667,1.0001590251922607,52372607659,38879701562.16666,103.22000122070312,20.709999084472656,-0.9214811688044944,-0.356331616385197,-1.2778127851896914,0.8028571428571428,13.75,103.0335742857143,81.81,6.852857142857143,2023-S1,1,2023,2,157.95940431107192,-1.2778127851896914,-0.009166743056188142,0.0029037841402956843,6.852857142857143,0.5,26.04,47.5,26.39,27.6,BAIXO
2023-02-10,5.289500236511231,5.186919180552165,37581182134,3672886124,35850882141.4,1.0001529455184937,41254068258,39308914969.23333,103.62999725341795,20.530000686645508,-0.7945642718065637,0.8872951441128873,0.0927308723063236,0.7982142857142857,13.75,103.03656607142858,81.80250000000001,6.8410714285714285,2023-S1,1,2023,2,96.11366749104553,0.0927308723063458,-0.009167583424996018,0.0029036998231202205,6.8410714285714285,0.5,27.4,47.87,25.66,28.03,BAIXO
2023-02-13,5.213482856750488,5.184518607457479,41054083637,4929525447,34435912817.333336,1.000933051109314,45983609084,37810429050.66666,103.3499984741211,20.34000015258789,-0.4718777745090663,-0.8906648830422914,-1.3625426575513575,0.7842857142857143,13.75,103.04554142857144,81.78,6.717857142857142,2023-S1,1,2023,2,151.11403659502733,-1.3625426575513577,-0.02750527184377516,0.008710846532511418,6.717857142857142,0.5,25.78,47.5,25.76,27.96,BAIXO
2023-02-14,5.158400058746338,5.177794249852498,40374822815,4219254344,34780799417.3,1.0004040002822876,44594077159,38208091950.066666,103.2300033569336,18.90999984741211,-0.2801326270640225,-3.483408528360721,-3.7635411554247433,0.7796428571428571,13.75,103.04853321428573,81.77250000000001,6.662142857142857,2023-S1,1,2023,2,121.4295074290157,-3.7635411554247433,-0.009170946441661165,0.0029033626033792004,6.662142857142857,0.5,25.3,47.5,25.82,27.96,BAIXO
2023-02-15,5.191500186920166,5.168227593104045,44524116301,4265639806,35066357749.7,1.0002180337905884,48789756107,38539180711.333336,103.91999816894533,18.229999542236328,-0.5740513714041495,-4.664603520426446,-5.238654891830596,0.7749999999999999,13.75,103.051525,81.765,6.606428571428571,2023-S1,1,2023,2,80.14306772129831,-5.238654891830596,-0.009171787581407909,0.002903278310673052,6.606428571428571,0.5,24.45,47.5,25.6,27.77,BAIXO
2023-02-16,5.2179999351501465,5.161157592137655,57045633961,5620785014,35892849928.46667,1.000162959098816,62666418975,39454194646.3,103.86000061035156,20.170000076293945,-0.3741001339553351,-3.5319058400105408,-3.906005973965876,0.7703571428571429,13.75,103.05451678571428,81.7575,6.550714285714285,2023-S1,1,2023,2,195.04898171843794,-3.906005973965876,-0.009172628875442346,0.0029031940228740893,6.550714285714285,0.5,26.03,47.5,25.7,27.7,BAIXO
2023-02-17,5.216800212860107,5.156724262237549,53478834233,4696979332,36325603655.96667,1.0002210140228271,58175813565,39903198478.4,103.86000061035156,20.020000457763672,-1.1233818496676595,-1.3626904197983625,-2.486072269466022,0.7657142857142857,13.75,103.05750857142856,81.75,6.494999999999999,2023-S1,1,2023,2,162.78444974640053,-2.486072269466022,-0.009173470323819988,0.002903109739960108,6.494999999999999,0.5,25.62,47.5,25.8,27.64,BAIXO
2023-02-20,5.165168762207031,5.154749886194865,44403471554,3456245956,36799948535.5,1.0001870393753052,47859717510,40347947287.7,,,,,-1.1337432200344666,0.7517857142857143,13.75,103.06648392857144,81.72749999999999,6.327857142857141,2023-S1,1,2023,2,41.72211847604448,-1.1337432200344666,-0.027522935779822344,0.008709076385904346,6.327857142857141,0.5,,47.5,25.76,27.59,
2023-02-21,5.1666998863220215,5.151849889755249,45397558230,4145675499,37218117423.0,1.0001319646835327,49543233729,40796707108.26667,104.18000030517578,22.8700008392334,0.2887977085963333,-1.9447715335144888,-1.6559738249181557,0.7471428571428571,13.75,103.06947571428572,81.72,6.272142857142857,2023-S1,1,2023,2,90.39445515845563,-1.6559738249181555,-0.009176837661728499,0.002902772657265018,6.272142857142857,0.5,24.23,47.5,25.24,27.76,BAIXO
2023-02-22,5.166500091552734,5.150789896647136,43805622619,4388750217,37502589851.63333,1.0000989437103271,48194372836,41113478412.93333,104.58999633789062,22.290000915527344,1.5436857649423483,-2.155420254066676,-0.611734489124327,0.7424999999999999,13.75,103.0724675,81.7125,6.216428571428571,2023-S1,1,2023,2,71.27386947971195,-0.611734489124327,-0.009177679882521605,0.0029026883988203522,6.216428571428571,0.5,23.72,47.5,24.89,27.77,BAIXO
2023-02-23,5.151199817657471,5.150546550750732,40733371959,4056250193,37701103238.3,1.0001239776611328,44789622152,41327997597.46667,104.5999984741211,21.13999938964844,1.31731948711018,-1.4588407940164694,-0.1415213069062892,0.7378571428571428,13.75,103.07545928571427,81.705,6.160714285714287,2023-S1,1,2023,2,-1.9807102844828006,-0.14152130690628928,-0.00917852225792437,0.0029026041452606677,6.160714285714287,0.5,15.6,12.5,23.28,27.07,BAIXO
2023-02-24,5.136199951171875,5.151496553421021,39747788121,4261268706,37717935599.8,1.0000699758529663,44009056827,41348376594.26667,105.20999908447266,21.670000076293945,1.9575507270807704,-1.3995680572276514,0.5579826698531187,0.7332142857142857,13.75,103.07845107142856,81.69749999999999,6.104999999999999,2023-S1,1,2023,2,11.324697543806582,0.5579826698531187,-0.009179364787970101,0.002902519896608169,6.104999999999999,0.5,20.25,49.73,22.58,26.7,BAIXO
2023-02-27,5.207799911499023,5.155733219782511,31170898346,3267016287,37251947975.8,1.0001749992370603,34437914633,40850120326.13333,104.66999816894533,20.950000762939453,2.366746375496631,0.1348772753715144,2.501623650868145,0.7192857142857143,13.75,103.08742642857143,81.675,5.937857142857142,2023-S1,1,2023,2,-13.311508799629912,2.5016236508681455,-0.027540622418054106,0.008707306958521954,5.937857142857142,0.5,15.66,22.51,20.85,26.32,BAIXO
2023-02-28,5.199699878692627,5.15752321879069,29878544329,3109767982,37128869007.8,1.0001540184020996,32988312311,40731925007.53333,104.87000274658205,20.700000762939453,2.6125302133737094,-1.569001818489535,1.0435283948841745,0.7146428571428571,13.75,103.09041821428572,81.66749999999999,5.882142857142858,2023-S1,1,2023,2,-7.355846127961707,1.0435283948841745,-0.009182736455470852,0.002902182950847987,5.882142857142858,0.5,15.23,16.67,19.11,25.97,BAIXO
2023-03-01,5.235899925231934,5.162066555023193,33994082293,3676550737,37022708564.6,1.0001440048217771,37670633030,40629550387.73333,104.4800033569336,20.57999992370605,2.041218849246773,0.6315415887896414,2.6727604380364145,0.71,13.75,103.09341,81.66,5.82642857142857,2023-S1,1,2023,3,-16.05616457132927,2.6727604380364145,-0.00918357975938644,0.002902098726642599,5.82642857142857,0.5,16.8,23.19,18.78,25.62,BAIXO
2023-03-02,5.178299903869629,5.161833222707113,28824873446,3569810686,36936333205.4,1.0000909566879272,32394684132,40563481727.63333,105.02999877929688,19.59000015258789,2.608438992794704,-2.7434354183321297,-0.1349964255374258,0.7067741935483871,13.75,103.1279,81.68935483870968,5.772131336405529,2023-S1,1,2023,3,11.00703863357877,-0.13499642553742586,0.03594763496164166,0.03345509669336888,5.772131336405529,0.5,29.0,47.5,19.47,25.68,BAIXO
2023-03-03,5.1996002197265625,5.162719901402792,37747411845,4111203947,36971625451.2,1.000100016593933,41858615792,40620654489.566666,104.5199966430664,18.489999771118164,2.41034601540171,-1.8961306356192864,0.5142153797824234,0.7035483870967741,13.75,103.16239,81.71870967741935,5.719251152073731,2023-S1,1,2023,3,11.695723814689728,0.5142153797824234,0.03593471728065012,0.033443908001618006,5.719251152073731,0.5,29.03,49.56,20.22,25.56,BAIXO
2023-03-06,5.194399833679199,5.162323236465454,24736796655,2954077279,35550742839.53333,1.000010967254639,27690873934,39113921095.03333,104.3499984741211,18.61000061035156,2.2938891176236265,-2.5224573641490777,-0.2285682465254512,0.6938709677419355,13.75,103.26586,81.80677419354838,5.569112903225806,2023-S1,1,2023,3,-29.86736631661494,-0.22856824652545127,0.10776542664054922,0.10029818037369242,5.569112903225806,0.5,42.53,12.5,24.07,25.51,MEDIO
2023-03-07,5.152200222015381,5.160533237457275,31500223933,3567136291,35590297980.566666,1.000012993812561,35067360224,39174728929.93333,105.62000274658205,19.59000015258789,3.407091617122404,-4.438612934515184,-1.0315213173927806,0.6906451612903226,13.75,103.30035,81.83612903225806,5.521900921658986,2023-S1,1,2023,3,-9.42477778940245,-1.0315213173927806,0.03588313926206066,0.03339922797329642,5.521900921658986,0.5,23.98,12.5,24.6,25.59,BAIXO
2023-03-08,5.190000057220459,5.1622532367706295,31323198703,3259552390,35564803700.86667,1.0000070333480835,34582751093,39154611763.46667,105.66000366210938,19.11000061035156,3.6695501965811728,-2.6653469695228305,1.0042032270583423,0.6874193548387096,13.75,103.33484,81.86548387096774,5.4761059907834095,2023-S1,1,2023,3,-20.18106528208783,1.0042032270583423,0.035870267883897355,0.033388076613483086,5.4761059907834095,0.5,23.92,16.52,25.78,25.49,BAIXO
2023-03-09,5.144400119781494,5.164659913380941,41653343124,3762826045,35647131708.6,0.9999859929084778,45416169169,39239233025.8,105.30999755859376,22.61000061035156,3.6107813764106433,-2.187329997313148,1.4234513790974956,0.6841935483870968,13.75,103.36933,81.89483870967742,5.431728110599078,2023-S1,1,2023,3,19.31367442676988,1.4234513790974956,0.03585740573639473,0.033376932697626316,5.431728110599078,0.5,29.52,53.19,27.83,25.56,BAIXO
2023-03-10,5.163700103759766,5.168025080362956,55191206438,7610706906,36182376165.76667,1.003046989440918,62801913344,39908069837.066666,104.58000183105467,24.799999237060547,2.690500384616201,-0.6964238988352855,1.994076485780916,0.6809677419354838,13.75,103.40382,81.9241935483871,5.388767281105992,2023-S1,1,2023,3,59.24494564197993,1.9940764857809157,0.035844552809671804,0.03336579621826541,5.388767281105992,0.5,31.5,55.48,29.93,25.78,MEDIO
2023-03-13,5.21560001373291,5.171638409296672,72852500939,9184314805,38784132797.63333,1.0038700103759766,82036815744,43684916750.23333,103.5999984741211,26.520000457763672,1.638377478608244,0.4841136108057142,2.122491089413958,0.6712903225806451,13.75,103.50729,82.01225806451612,5.268387096774195,2023-S1,1,2023,3,95.95122389960027,2.122491089413958,0.10749512728129851,0.10006400150401884,5.268387096774195,0.5,51.92,55.99,33.2,26.18,MEDIO
2023-03-14,5.245699882507324,5.175998401641846,74778462453,7814525316,40454659871.26667,1.0032470226287842,82592987769,45531814564.46667,103.5999984741211,23.729999542236328,1.2905746094821202,1.2666555902722587,2.557230199754379,0.6680645161290323,13.75,103.54178,82.0416129032258,5.229677419354839,2023-S1,1,2023,3,138.0256651712239,2.557230199754379,0.03579323311229121,0.0333213245173436,5.229677419354839,0.5,36.14,57.73,34.22,26.49,MEDIO
2023-03-15,5.251699924468994,5.181981738408407,62575628923,7297504595,41172044714.13333,1.0039459466934204,69873133518,46328132045.6,104.6500015258789,26.13999938964844,2.497554446491157,1.0413460171094124,3.538900463600569,0.6648387096774193,13.75,103.57627,82.07096774193548,5.1909677419354825,2023-S1,1,2023,3,70.55857425439085,3.5389004636005694,0.035780426140941124,0.033310225109128844,5.1909677419354825,0.5,34.25,61.66,33.03,26.56,MEDIO
2023-03-16,5.287099838256836,5.189768393834432,46345690965,5813165153,41371073652.46667,1.0021339654922483,52158856118,46580291344.23333,104.41999816894533,22.989999771118164,3.1614274942210363,1.4611045067550066,4.622532000976043,0.6616129032258065,13.75,103.61076,82.10032258064516,5.152258064516129,2023-S1,1,2023,3,6.35683796963622,4.622532000976043,0.035767628331107026,0.03329913309293442,5.152258064516129,0.5,31.01,65.99,34.04,26.76,MEDIO
2023-03-17,5.229599952697754,5.195781723658244,61866017598,6804547128,41949137029.03333,1.0023260116577148,68670564726,47242984964.86667,103.70999908447266,25.51000022888184,1.926289026508754,1.6465520699560532,3.572841096464807,0.6583870967741935,13.75,103.64525,82.12967741935483,5.113548387096774,2023-S1,1,2023,3,68.15057822234041,3.572841096464807,0.03575483967295234,0.03328804846138844,5.113548387096774,0.5,35.65,61.79,35.71,27.13,MEDIO
2023-03-20,5.2778000831604,5.200048398971558,54497686907,6812088662,42127033506.46667,1.0017900466918943,61309775569,47509642563.96667,103.27999877929688,24.149999618530277,0.3497868409991778,2.1357516999131354,2.485538540912313,0.6487096774193548,13.75,103.74872,82.21774193548387,4.997419354838709,2023-S1,1,2023,3,69.83807308362154,2.485538540912313,0.1072261804699215,0.09983091362122387,4.997419354838709,0.5,55.19,57.44,39.38,28.14,MEDIO
2023-03-21,5.235700130462647,5.203048404057821,49904460369,5061226074,42481123670.4,1.0015360116958618,54965686443,47925194895.7,103.26000213623048,21.3799991607666,-0.3474238571793853,2.096460003376577,1.7490361461971915,0.645483870967742,13.75,103.78321,82.24709677419354,4.958709677419354,2023-S1,1,2023,3,27.360896003988632,1.7490361461972137,0.035703776360951345,0.03324378363414038,4.958709677419354,0.5,34.93,54.5,39.87,28.47,MEDIO
2023-03-22,5.240900039672852,5.204101737340292,50711682141,6207409133,42691397356.63333,1.0018789768218994,56919091274,48227174021.16666,102.3499984741211,22.26000022888184,-1.0441862398415158,1.650793619416635,0.6066073795751192,0.642258064516129,13.75,103.8177,82.27645161290322,4.92,2023-S1,1,2023,3,29.585135874363445,0.6066073795751192,0.03569103331424461,0.03323273581536945,4.92,0.5,33.86,49.93,37.29,28.78,MEDIO
2023-03-23,5.236100196838379,5.205321741104126,39641340671,6139163965,42499523438.0,1.0009599924087524,45780504636,48101749718.066666,102.52999877929688,22.61000061035156,-0.8509862214954533,1.554902219654675,0.7039159981592213,0.6390322580645161,13.75,103.85219,82.3058064516129,4.881290322580645,2023-S1,1,2023,3,-17.234334473544187,0.7039159981592213,0.03567829936053091,0.033221695337104507,4.881290322580645,0.5,27.13,15.32,36.0,28.81,BAIXO
2023-03-24,5.29670000076294,5.205561733245849,40600299923,5536710750,42392679348.13333,1.0012589693069458,46137010673,48033170979.3,103.12000274658205,21.739999771118164,-0.0968789701012329,0.2329932328818951,0.1361142627806622,0.6358064516129032,13.75,103.88668,82.33516129032257,4.84258064516129,2023-S1,1,2023,3,8.033589199602575,0.1361142627806622,0.03566557449010688,0.03321066219210689,4.84258064516129,0.5,27.78,48.04,35.08,28.83,BAIXO
2023-03-27,5.245100021362305,5.20661563873291,29216004744,4510405294,41306961604.76667,1.0002330541610718,33726410038,46962102167.0,102.86000061035156,20.600000381469727,-0.7430248610191925,1.3494748193398132,0.6064499583206207,0.6261290322580645,13.75,103.99015,82.42322580645161,4.726451612903226,2023-S1,1,2023,3,-28.835326097331105,0.6064499583206207,0.1069585760796743,0.09959890911905855,4.726451612903226,0.5,44.71,14.93,37.04,29.48,MEDIO
2023-03-28,5.197100162506104,5.207905642191569,27305773765,4167400927,41447026183.566666,1.0003069639205933,31473174692,47157495314.36667,102.43000030517578,19.96999931335449,-0.890177244826651,1.640411878027459,0.7502346332008081,0.6229032258064516,13.75,104.02464,82.45258064516129,4.687741935483871,2023-S1,1,2023,3,-32.36930378588462,0.7502346332008303,0.03561476564701849,0.03316660279844008,4.687741935483871,0.5,27.08,15.5,35.81,29.54,BAIXO
2023-03-29,5.164400100708008,5.207002305984497,32050016572,4219185140,41476330124.43333,0.9999889731407166,36269201712,47218538217.0,102.63999938964844,19.1200008392334,-0.5715431057820686,0.049534336901813,-0.5220087688802555,0.6196774193548387,13.75,104.05913,82.48193548387096,4.6490322580645165,2023-S1,1,2023,3,-28.01650153968319,-0.5220087688802555,0.0356020860474926,0.03315560621022229,4.6490322580645165,0.5,22.89,12.5,31.2,29.49,BAIXO
2023-03-30,5.134200096130371,5.204208978017172,34935146979,4893829473,41644883546.1,1.0000929832458496,39828976452,47446560355.03333,102.13999938964844,19.020000457763672,-1.7128548986337422,0.1068786613541594,-1.6059762372795827,0.6164516129032258,13.75,104.09362,82.51129032258063,4.610322580645161,2023-S1,1,2023,3,-38.75929750752902,-1.6059762372795827,0.03558941547319172,0.033144616911573443,4.610322580645161,0.5,22.99,12.5,29.49,29.38,BAIXO
2023-03-31,5.092700004577637,5.200072304407756,29809423853,4103572101,41505394931.43333,1.0001239776611328,33912995954,47321305785.833336,102.51000213623048,18.700000762939453,-1.299825212967065,-1.0790316191682137,-2.3788568321352788,0.613225806451613,13.75,104.12811,82.54064516129031,4.571612903225806,2023-S1,1,2023,3,-44.259398544245755,-2.3788568321352788,0.03557675391441251,0.033133634895210484,4.571612903225806,0.5,22.66,12.5,27.89,29.28,BAIXO
2023-04-03,5.062300205230713,5.196643352508545,33940605510,4466068651,41175201312.86667,1.0001829862594604,38406674161,46994205887.96667,102.08999633789062,18.549999237060547,-1.7042213191403754,-0.2873604028160503,-1.9915817219564256,0.5846666666666667,13.75,104.04270666666666,82.52999999999999,4.42716129032258,2023-S1,2,2023,4,-23.563171251770008,-1.9915817219564258,-0.012896871922341013,-0.08201755830711255,4.42716129032258,0.5,23.32,12.5,27.35,29.08,BAIXO
2023-04-04,5.06309986114502,5.1931900183359785,28651211704,4031916462,41493969698.1,1.0002139806747437,32683128166,47367477082.16666,101.58999633789062,19.0,-2.486085582355757,0.4809366970631168,-2.00514888529264,0.572,13.75,103.98276,82.50999999999999,4.360129032258064,2023-S1,2,2023,4,-36.888209804494586,-2.005148885292618,-0.02423361201986385,-0.057617365586926095,4.360129032258064,0.5,24.36,12.5,26.86,29.09,BAIXO
2023-04-05,5.070700168609619,5.189996687571208,29374587800,4169747376,41648562736.26667,1.0001300573349,33544335176,47562592456.9,101.8499984741211,19.07999992370605,-2.6197513717446164,0.7654995330627856,-1.8542518386818307,0.5593333333333333,13.75,103.92281333333334,82.49,4.283655913978494,2023-S1,2,2023,4,-32.94333913368638,-1.8542518386818307,-0.024239486122890064,-0.05765058233371256,4.283655913978494,0.5,25.01,12.5,24.04,29.13,BAIXO
2023-04-06,5.033199787139893,5.1860633532206215,23758252949,3814620125,41390497036.8,1.0005539655685425,27572873074,47312776218.566666,101.81999969482422,18.399999618530277,-2.6577426576011587,0.3670136101063703,-2.2907290474947883,0.5466666666666666,13.75,103.86286666666666,82.47,4.197741935483871,2023-S1,2,2023,4,-41.673738739543175,-2.2907290474947883,-0.02424536307430447,-0.05768383740190064,4.197741935483871,0.5,23.87,12.5,23.59,29.41,BAIXO
2023-04-07,5.058300018310547,5.183466688791911,19099660090,2903250734,40983045749.7,1.0006330013275146,22002910824,46893448209.6,,,,,-1.5166841945776333,0.534,13.75,103.80292,82.44999999999999,4.102387096774194,2023-S1,2,2023,4,-51.94786680492278,-1.5166841945776333,-0.024251242876205392,-0.057717130857803944,4.102387096774194,0.5,,12.5,23.7,29.72,
2023-04-10,5.054399967193604,5.178353357315063,27938130200,3782006070,37782481394.93333,1.0004370212554932,31720136270,42712278571.03333,102.58000183105467,18.96999931335449,-2.499759791183298,-0.4458208169868971,-2.945580608170195,0.496,13.75,103.62308,82.39,3.759677419354839,2023-S1,2,2023,4,-10.371109969677361,-2.945580608170184,-0.0727713765918625,-0.17325138830390774,3.759677419354839,0.5,22.44,12.5,23.61,29.96,BAIXO
2023-04-11,5.065299987792969,5.173873360951742,30207674345,4226589595,37174665414.76667,1.0010299682617188,34434263940,41913486659.46667,102.1999969482422,19.100000381469727,-2.359798666200752,-0.224963801540956,-2.584762467741708,0.4833333333333333,13.75,103.56313333333333,82.36999999999999,3.6265591397849466,2023-S1,2,2023,4,1.1015597425894308,-2.584762467741708,-0.0242747906299412,-0.057850689891358886,3.6265591397849466,0.5,23.59,20.21,23.76,30.24,BAIXO
2023-04-12,5.004000186920166,5.166143369674683,30471411545,4455109085,35761962434.96667,1.0007209777832031,34926520630,40343143489.0,101.5,19.09000015258789,-3.213504966454161,-1.2155280865695728,-4.429033053023734,0.4706666666666667,13.75,103.50318666666666,82.35,3.484,2023-S1,2,2023,4,-10.3625999302984,-4.429033053023734,-0.024280684715305423,-0.057884176286671085,3.484,0.5,22.01,12.5,23.55,30.42,BAIXO
2023-04-13,4.916900157928467,5.157430044809977,30853738919,4497996156,34297804983.83333,1.0009770393371582,35351735075,38768435065.86667,101.01000213623048,17.799999237060547,-3.3212108625691794,-1.7267730470885816,-5.047983909657761,0.4579999999999999,13.75,103.44324,82.33,3.332,2023-S1,2,2023,4,7.0385928208872794,-5.047983909657761,-0.024286581663623963,-0.057917701471088545,3.332,0.5,25.73,47.5,23.78,30.31,BAIXO
2023-04-14,4.926700115203857,5.14833337465922,43263085148,6483808260,33654053524.666668,1.000722050666809,49746893408,38097560395.53333,101.5500030517578,17.06999969482422,-3.313335016647667,-1.9351474241246056,-5.248482440772273,0.4453333333333333,13.75,103.38329333333331,82.31,3.18,2023-S1,2,2023,4,14.612056915713033,-5.248482440772273,-0.024292481476972938,-0.05795126551206842,3.18,0.5,26.79,47.5,24.07,30.23,BAIXO
2023-04-17,4.908699989318848,5.138810046513876,32406207872,4388563239,31140052596.533333,1.0005300045013428,36794771111,35397735480.566666,102.0999984741211,16.950000762939453,-2.315344667690289,-3.18480652413643,-5.500151191826719,0.4073333333333333,13.75,103.20345333333331,82.25,2.724,2023-S1,2,2023,4,31.004059757469847,-5.500151191826719,-0.07289515247236311,-0.1739546054314145,2.724,0.5,27.6,47.5,24.69,29.72,BAIXO
2023-04-18,4.939799785614014,5.131730031967163,32344221199,4416719010,30738023624.33333,1.0004080533981323,36760940209,35008569889.5,101.75,16.829999923706055,-2.491613332189835,-1.630905732457122,-4.122519064646957,0.3946666666666666,13.75,103.14350666666668,82.22999999999999,2.572,2023-S1,2,2023,4,2.679337352633282,-4.122519064646957,-0.024316109422506393,-0.058085911595429085,2.572,0.5,23.29,31.26,24.49,29.69,BAIXO
2023-04-19,4.984300136566162,5.124873367945353,42801912254,5954252197,30348164469.233334,1.0005589723587036,48756164451,34590116185.566666,101.97000122070312,16.459999084472656,-3.455786244047432,-0.507603320238259,-3.963389564285691,0.382,13.75,103.08356,82.21,2.42,2023-S1,2,2023,4,36.6460451879093,-3.963389564285691,-0.024322023592360242,-0.058119670936152,2.42,0.5,27.47,47.5,25.21,29.82,BAIXO
2023-04-20,5.074299812316895,5.122536691029866,36282233270,5370179003,29894090232.6,1.0002210140228271,41652412273,34146340379.9,101.83999633789062,17.170000076293945,-3.615376861461006,2.2527241549764043,-1.3626527064846017,0.3693333333333333,13.75,103.02361333333332,82.19,2.268,2023-S1,2,2023,4,-12.894786951459004,-1.3626527064845795,-0.024327940639823353,-0.05815346954129996,2.268,0.5,26.31,12.5,25.6,29.71,BAIXO
2023-04-21,5.047699928283691,5.118670018513997,34553496031,5485001575,29355484028.93333,1.000141978263855,40038497606,33583653924.3,101.81999969482422,16.770000457763672,-3.3140233070727443,1.067568765849236,-2.246454541223508,0.3566666666666666,13.75,102.96366666666668,82.17,2.116,2023-S1,2,2023,4,-37.39311339422111,-2.246454541223508,-0.024333860566971843,-0.05818730747937373,2.116,0.5,23.03,12.5,25.75,29.41,BAIXO
2023-04-24,5.047900199890137,5.113080024719238,25519663344,4393039848,28120563082.6,1.000120997428894,29912703192,32213185466.766663,101.3499984741211,16.889999389648438,-3.0885478106526976,-0.1268025498276315,-3.215350360480329,0.3186666666666666,13.75,102.78382666666668,82.11,1.6599999999999993,2023-S1,2,2023,4,-64.97077929367472,-3.215350360480329,-0.07301935012778982,-0.1746635544577213,1.6599999999999993,0.5,19.68,12.5,24.88,28.3,BAIXO
2023-04-25,5.033400058746338,5.106003363927205,25931247322,4849844618,28270569927.93333,1.0001590251922607,30781091940,32414769759.733334,101.86000061035156,18.76000022888184,-1.6795346422752822,-2.367586400027122,-4.047121042302404,0.306,13.75,102.72388,82.09,1.5079999999999991,2023-S1,2,2023,4,-65.32257220680569,-4.047121042302404,-0.024357569114596966,-0.058323053938336145,1.5079999999999991,0.5,19.48,12.5,23.84,27.73,BAIXO
2023-04-26,5.053100109100342,5.099383370081584,43664074716,6469260029,28752172260.33333,1.0002820491790771,50133334745,32961667249.966667,101.47000122070312,18.84000015258789,-2.05598193512525,-1.7256472178148408,-3.7816291529400914,0.2933333333333333,13.75,102.66393333333332,82.07,1.356,2023-S1,2,2023,4,-30.22191631548902,-3.7816291529400914,-0.024363503471813708,-0.058357089575156174,1.356,0.5,19.28,12.5,22.65,27.21,BAIXO
2023-04-27,5.043000221252441,5.091246716181437,35809974908,5592517130,29035645631.766663,0.9999650120735168,41402492038,33292644494.83333,101.5,17.030000686645508,-3.0100348590056614,-1.6068557704868702,-4.616890629492532,0.2806666666666666,13.75,102.60398666666666,82.05,1.2039999999999995,2023-S1,2,2023,4,-22.732892395447323,-4.616890629492532,-0.024369440721327962,-0.05839116495958141,1.2039999999999995,0.5,19.08,12.5,22.05,26.8,BAIXO
2023-04-28,4.976200103759766,5.082800054550171,27117912216,4103487467,28871242153.233334,1.0006959438323977,31221399683,33124384427.2,101.66999816894533,15.779999732971191,-2.63359514290612,-2.211896887651,-4.84549203055712,0.2679999999999999,13.75,102.54404,82.03,1.0519999999999996,2023-S1,2,2023,4,-56.16670788119929,-4.84549203055712,-0.024375380865315766,-0.05842528016130055,1.0519999999999996,0.5,18.88,12.5,20.82,26.22,BAIXO
2023-05-01,4.986000061035156,5.073073387145996,29128129876,3639367736,28289473435.733334,1.0003290176391602,32767497612,32473358888.166668,102.1500015258789,16.079999923706055,-1.504192047406272,-4.024627110717493,-5.528819158123765,0.23,13.75,102.3642,81.97,0.5960000000000001,2023-S1,2,2023,5,-46.55162167578416,-5.528819158123765,-0.07314397171767073,-0.17537830575038438,0.5960000000000001,0.5,18.28,12.5,19.67,24.95,BAIXO
2023-05-02,4.9878997802734375,5.064813375473023,24895722187,2902760212,28410816911.0,1.0004340410232544,27798482399,32593791506.066666,101.95999908447266,17.780000686645508,-1.2780787281426842,-3.454819337341297,-4.732898065483981,0.22,13.75,102.36871967741936,82.01290322580645,0.4466666666666663,2023-S1,2,2023,5,-50.113232358555074,-4.732898065484004,0.05234015591857322,0.0044152911070183265,0.4466666666666663,0.5,21.54,12.5,19.46,24.49,BAIXO
2023-05-03,5.038400173187256,5.058063379923502,29787863486,3636049113,28272392176.866665,1.000270962715149,33423912599,32427699454.0,101.33999633789062,18.34000015258789,-1.8593896558386505,-2.0044479474871317,-3.8638376033257815,0.21,13.75,102.3732393548387,82.0558064516129,0.2999999999999998,2023-S1,2,2023,5,-41.26035219423979,-3.8638376033257815,0.05231277533037648,0.004415096167642574,0.2999999999999998,0.5,21.34,12.5,19.7,24.06,BAIXO
2023-05-04,4.994400024414063,5.050006707509358,22536823772,3016766782,28068579245.8,1.0004509687423706,25553590554,32190048200.266663,101.4000015258789,20.09000015258789,-0.928184623747108,-3.6878495111660863,-4.616034134913194,0.2,13.75,102.37775903225806,82.09870967741935,0.1559999999999997,2023-S1,2,2023,5,-43.14817967676097,-4.616034134913171,0.052285423374343054,0.004414901245519687,0.1559999999999997,0.5,21.15,12.5,19.94,23.85,BAIXO
2023-05-05,4.982600212097168,5.039536714553833,29375040253,4114517917,28068594327.566666,1.0010180473327637,33489558170,32188222300.066666,101.20999908447266,17.190000534057617,-1.287427787515738,-4.642675647085592,-5.93010343460133,0.19,13.75,102.38227870967742,82.1416129032258,0.0146666666666663,2023-S1,2,2023,5,-27.648218587766905,-5.9301034346013415,0.0522581000055089,0.004414706340605257,0.0146666666666663,0.5,20.95,12.5,20.17,23.61,BAIXO
2023-05-08,4.951700210571289,5.029756720860799,32860419478,4488130638,28657642266.2,1.0009260177612305,37348550116,32835093737.666668,101.37000274658205,16.979999542236328,-1.697051933077076,-3.896736738179018,-5.593788671256094,0.16,13.75,102.39583774193548,82.27032258064516,-0.3933333333333331,2023-S1,2,2023,5,12.474035262293825,-5.593788671256094,0.15669241553728508,0.013243534358631237,-0.3933333333333331,0.5,42.39,47.5,23.5,23.53,MEDIO
2023-05-09,5.007999897003174,5.0234533786773685,22126554663,2959273885,28736737066.766663,1.000723958015442,25085828548,32927073160.2,101.63999938964844,17.709999084472656,-1.186079344219204,-2.4524933134173037,-3.6385726576365074,0.15,13.75,102.40035741935483,82.31322580645161,-0.524,2023-S1,2,2023,5,-18.967487047148325,-3.6385726576365296,0.052149091507947,0.004413926892943287,-0.524,0.5,20.91,12.5,23.79,23.32,BAIXO
2023-05-10,4.985899925231934,5.017503372828165,31704546238,4343854748,28862284268.033333,1.0008339881896973,36048400986,33071348650.733334,101.4800033569336,16.940000534057617,-0.927459675301967,-2.528898701184068,-3.456358376486035,0.14,13.75,102.4048770967742,82.35612903225807,-0.6519999999999997,2023-S1,2,2023,5,-1.0779100011505616,-3.456358376486035,0.05212191040517844,0.004413732074048937,-0.6519999999999997,0.5,20.9,12.5,24.17,23.25,BAIXO
2023-05-11,4.94290018081665,5.011126708984375,26131663102,3909082089,28726417226.6,1.0007230043411257,30040745191,32924898025.766663,102.05999755859376,16.93000030517578,-0.5650836267572901,-3.160908966673237,-3.725992593430527,0.13,13.75,102.40939677419355,82.39903225806451,-0.777333333333333,2023-S1,2,2023,5,-25.199504333821455,-3.725992593430527,0.05209475762226745,0.0044135372723408395,-0.777333333333333,0.5,20.89,12.5,24.08,23.18,BAIXO
2023-05-12,4.929500102996826,5.005686712265015,28824954947,4185712320,28671535340.0,1.0005810260772705,33010667267,32861036247.0,102.68000030517578,17.030000686645508,0.5286870165989832,-3.7332720389666174,-3.204585022367634,0.12,13.75,102.4139164516129,82.44193548387096,-0.8999999999999999,2023-S1,2,2023,5,-3.302542547802123,-3.204585022367634,0.052067633115027157,0.004413342487818994,-0.8999999999999999,0.5,20.88,12.5,24.01,23.12,BAIXO
2023-05-15,4.920199871063232,5.000950034459432,21594744662,3148745500,27147946034.13333,1.0002620220184326,24743490162,31091374352.766663,102.43000030517578,17.1200008392334,-0.0780429513096425,-2.728988011031408,-2.8070309623410505,0.09,13.75,102.42747548387096,82.57064516129032,-1.2599999999999998,2023-S1,2,2023,5,-36.37489862802392,-2.8070309623410505,0.1561216105176566,0.013239443161472408,-1.2599999999999998,0.5,37.5,12.5,26.35,23.61,MEDIO
2023-05-16,4.887899875640869,4.995110034942627,19841483059,2722392153,26995807280.266663,1.000115990638733,22563875212,30898450586.43333,102.55999755859376,17.989999771118164,0.4603793099840603,-3.920709746060602,-3.460330436076542,0.08,13.75,102.43199516129032,82.61354838709677,-1.38,2023-S1,2,2023,5,-30.748188718908775,-3.460330436076564,0.05195941696065631,0.004412563521660751,-1.38,0.5,20.86,12.5,26.33,23.49,BAIXO
2023-05-17,4.93940019607544,4.990733369191488,24293380413,3131943202,26725379698.3,1.0000920295715332,27425323615,30586135669.9,102.87999725341795,16.8700008392334,1.2698109676436695,-3.85919642070196,-2.5893854530582905,0.07,13.75,102.43651483870968,82.65645161290323,-1.4999999999999998,2023-S1,2,2023,5,-17.29797000589741,-2.5893854530582683,0.05193243317116458,0.004412368823092372,-1.4999999999999998,0.5,20.85,12.5,23.26,23.34,BAIXO
2023-05-18,4.937699794769287,4.987550036112467,22493741162,2968729105,26397030363.733334,1.0000770092010498,25462470267,30209520005.166668,103.58000183105467,16.049999237060547,1.698579659157451,-3.5959808434818497,-1.8974011843243987,0.06,13.75,102.44103451612904,82.69935483870968,-1.6199999999999997,2023-S1,2,2023,5,-5.322410657527843,-1.8974011843243987,0.051905477393798805,0.004412174141688041,-1.6199999999999997,0.5,20.84,12.5,23.25,23.24,BAIXO
2023-05-19,4.964399814605713,4.984420029322306,17414028938,2439159656,25550767586.533333,1.0002479553222656,19853188594,29246087476.6,103.1999969482422,16.809999465942383,1.3553302470576511,-3.211689169322529,-1.856358922264878,0.05,13.75,102.4455541935484,82.74225806451612,-1.7399999999999998,2023-S1,2,2023,5,-8.825451050212907,-1.856358922264878,0.05187854958494942,0.004411979477469963,-1.7399999999999998,0.5,20.84,12.5,23.24,23.16,BAIXO
2023-05-22,4.996799945831299,4.98250002861023,17216429735,2589848746,23931689157.33333,1.0002009868621826,19806278481,27346230541.83333,103.1999969482422,17.209999084472656,0.6044015462278951,-1.7440031158734937,-1.1396015696455986,0.02,13.75,102.45911322580643,82.87096774193549,-2.1,2023-S1,2,2023,5,-38.37658564924291,-1.1396015696456097,0.1555549491035313,0.013235354491247797,-2.1,0.5,37.5,12.5,25.61,23.66,MEDIO
2023-05-23,4.966100215911865,4.979193369547526,21420969303,2924076287,23982994126.166668,1.0001039505004885,24345045590,27379153615.0,103.48999786376952,18.530000686645508,1.2622318532755417,-3.2206503501102435,-1.9584184968347016,0.01,13.75,102.4636329032258,82.91387096774193,-2.22,2023-S1,2,2023,5,-29.087658128353677,-1.9584184968347018,0.05177111716621052,0.004411200992349151,-2.22,0.5,20.81,12.5,25.6,23.57,BAIXO
2023-05-24,4.971199989318848,4.978100029627482,25306791660,3291167507,23975898403.366665,1.000038981437683,28597959167,27335328814.166668,103.88999938964844,20.030000686645508,2.354679201624066,-3.010158745510849,-0.6554795438867833,2.775557561562892e-17,13.75,102.46815258064515,82.95677419354838,-2.34,2023-S1,2,2023,5,-16.949066758436572,-0.6554795438867833,0.051744328549263585,0.004411006413973517,-2.34,0.5,20.8,12.5,23.21,23.53,BAIXO
2023-05-25,4.958600044250488,4.979490025838216,20956153601,2770193924,23810061946.0,1.0000460147857666,23726347525,27100170667.0,104.20999908447266,19.13999938964844,3.168000079760813,-2.3199070743582078,0.8480930054026059,-0.0099999999999999,13.75,102.47267225806452,82.99967741935484,-2.46,2023-S1,2,2023,5,-32.07904670479007,0.8480930054026059,0.05171756764112967,0.004410811852784136,-2.46,0.5,20.8,15.89,23.21,23.36,BAIXO
2023-05-26,5.035200119018555,4.983106692632039,19111705070,2485067667,22991649624.466667,1.0003440380096436,21596772737,26148951933.4,104.20999908447266,17.950000762939453,2.619395325236073,-0.4171097937935464,2.202285531442527,-0.0199999999999999,13.75,102.47719193548387,83.0425806451613,-2.58,2023-S1,2,2023,5,-55.824451713001544,2.202285531442527,0.05169083439888755,0.004410617308758802,-2.58,0.5,20.79,21.31,23.2,23.16,BAIXO
2023-05-29,4.992800235748291,4.985910034179687,22313821215,2719634408,22208580485.93333,1.0002440214157104,25033455623,25184009042.7,,,,,1.7132896003512643,-0.0499999999999999,13.75,102.49075096774196,83.17129032258065,-2.9399999999999995,2023-S1,2,2023,5,-31.14337443265043,1.7132896003512643,0.15499238633891466,0.013231268345670344,-2.9399999999999995,0.5,,19.35,23.59,23.01,
2023-05-30,5.018099784851074,4.988520034154257,21495789250,2801360301,22208800519.866665,1.0001529455184937,24297149551,25166653887.866665,104.16999816894533,17.459999084472656,2.027423825426289,-0.4423393557056565,1.5850844697206323,-0.0599999999999999,13.75,102.4952706451613,83.2141935483871,-3.06,2023-S1,2,2023,5,-33.54055700477156,1.5850844697206323,0.051584177232366635,0.004409839304186924,-3.06,0.5,20.76,18.84,23.58,22.92,BAIXO
2023-05-31,5.034800052642822,4.990203364690145,23174506660,2753700484,22010346412.666668,1.0003340244293213,25928207144,24938677538.93333,104.31999969482422,17.940000534057617,2.5257982258714677,-1.5126185478224086,1.0131796780490587,-0.0699999999999999,13.75,102.49979032258064,83.25709677419354,-3.18,2023-S1,2,2023,5,-45.856375475761,1.0131796780490587,0.051557581678052244,0.0044096448459374216,-3.18,0.5,20.75,16.55,20.78,22.69,BAIXO
2023-06-01,5.054800033569336,4.9895533720652265,20725195153,3010435468,21871328844.866665,1.0003340244293213,23735630621,24803249146.33333,103.55999755859376,15.649999618530272,1.5592785317803948,-1.9435636443830504,-0.3842851126026558,-0.08,13.75,102.50431,83.3,-3.3,2023-S1,2,2023,6,-42.8778405155764,-0.38428511260267806,0.05153101353367884,0.004409450404874171,-3.3,0.5,20.75,12.5,20.78,22.5,BAIXO
2023-06-02,5.0131001472473145,4.98840004603068,20867435500,2963165478,21573981245.33333,1.0003830194473269,23830600978,24483472092.3,104.0199966430664,14.600000381469728,2.1406131024817032,-2.8260694792069607,-0.6854563767252575,-0.0733333333333333,13.75,102.51528533333334,83.26666666666667,-3.403333333333333,2023-S1,2,2023,6,-39.608323622945186,-0.6854563767252575,-0.04001600640255454,0.010707192052050729,-3.403333333333333,0.5,7.5,12.5,18.56,21.96,BAIXO
2023-06-05,4.956600189208984,4.985356712341309,33807354175,4613674985,21010688634.43333,1.0003060102462769,38421029160,23834124097.233334,104.0,14.729999542236328,2.141033501973766,-3.949706555437449,-1.808673053463683,-0.0533333333333333,13.75,102.54821133333334,83.16666666666666,-3.613333333333333,2023-S1,2,2023,6,32.4757059655669,-1.808673053463683,-0.12009607686149781,0.03211813720553902,-3.613333333333333,0.5,14.1,47.5,17.44,21.77,BAIXO
2023-06-06,4.925600051879883,4.981763378779093,30910972861,4430436583,21416865800.43333,1.000174045562744,35341409444,24304331531.766663,104.12999725341795,13.960000038146973,2.742968743119145,-4.884662342044099,-2.141693598924954,-0.0466666666666666,13.75,102.55918666666668,83.13333333333333,-3.65,2023-S1,2,2023,6,19.203571186393397,-2.141693598924954,-0.04008016032064354,0.010702608256774049,-3.65,0.5,13.15,47.5,16.17,21.55,BAIXO
2023-06-07,4.912000179290772,4.977060047785441,28078183756,4279564855,21257457943.033333,1.0000660419464111,32357748611,24137971481.6,104.0999984741211,13.9399995803833,2.1990946891295104,-4.991438532772296,-2.792343843642786,-0.04,13.75,102.570162,83.1,-3.67,2023-S1,2,2023,6,-35.694998832275274,-2.792343843642764,-0.0400962309542896,0.0107014629211033,-3.67,0.5,7.5,12.5,14.93,21.15,BAIXO
2023-06-08,4.922399997711182,4.973040040334066,18183759822,2722751251,21126031448.33333,1.000311017036438,20906511073,23998660899.1,103.33999633789062,13.649999618530272,1.8429044000109585,-4.234342398229174,-2.3914379982182155,-0.0333333333333333,13.75,102.58113733333332,83.06666666666666,-3.673333333333333,2023-S1,2,2023,6,-49.22152314064392,-2.3914379982182155,-0.040112314480544864,0.010700317830569794,-3.673333333333333,0.5,7.5,12.5,13.04,20.75,BAIXO
2023-06-09,4.922100067138672,4.971236705780029,18180149900,2665781846,20675218237.066666,0.9999489784240724,20845931746,23491911924.43333,103.55999755859376,13.829999923706056,2.029554244919951,-3.1167299109511104,-1.0871756660311591,-0.0266666666666666,13.75,102.59211266666668,83.03333333333333,-3.66,2023-S1,2,2023,6,-32.9588880029141,-1.0871756660311593,-0.040128410914930246,0.010699172985084715,-3.66,0.5,7.5,12.5,11.14,20.36,BAIXO
2023-06-12,4.877900123596191,4.967633374532064,21083018568,3482493796,20928677261.166668,1.000054955482483,24565512364,23791115844.733334,103.62999725341795,15.010000228881836,1.927804779946696,-4.095874096346219,-2.1680693163995235,-0.0066666666666666,13.75,102.62503866666668,82.93333333333334,-3.52,2023-S1,2,2023,6,-27.619731655442582,-2.1680693163995235,-0.12043356081894441,0.03209408515347789,-3.52,0.5,7.5,12.5,9.25,19.98,BAIXO
2023-06-13,4.860599994659424,4.96339004834493,23706670402,3455989217,21223076968.966667,0.999862015247345,27162659619,24132456086.0,103.33999633789062,14.609999656677246,1.164948403559496,-3.71712048443148,-2.552172080871984,0.0,13.75,102.636014,82.89999999999999,-3.44,2023-S1,2,2023,6,-4.776128911098221,-2.552172080871984,-0.040192926045035104,0.010694596051719074,-3.44,0.5,7.5,12.5,9.25,19.5,BAIXO
2023-06-14,4.861000061035156,4.957476711273193,23021035089,3368200180,21270619983.2,0.9998369812965392,26389235269,24187314256.233334,103.01000213623048,13.880000114440918,1.029818616306466,-4.550779755839718,-3.520961139533252,0.0066666666666666,13.75,102.64698933333334,82.86666666666666,-3.36,2023-S1,2,2023,6,-22.716729584115157,-3.520961139533252,-0.040209087253717524,0.010693452430188266,-3.36,0.5,7.5,12.5,8.31,19.02,BAIXO
2023-06-15,4.815000057220459,4.95149671236674,26724033220,6040215579,21500038321.9,0.9991829991340636,32764248799,24527326709.13333,102.12000274658205,14.5,0.7696925566196944,-4.36171494803097,-3.592022391411276,0.0133333333333333,13.75,102.65796466666669,82.83333333333333,-3.28,2023-S1,2,2023,6,18.57941247782322,-3.592022391411298,-0.04022526146419958,0.010692309053217386,-3.28,0.5,13.09,47.5,8.3,18.75,BAIXO
2023-06-16,4.809199810028076,4.9457166989644366,22643402807,3727702817,21445039068.366665,0.9993299841880798,26371105624,24492186109.43333,102.3000030517578,13.539999961853027,0.8875754559522386,-4.367694162809277,-3.4801187068570383,0.02,13.75,102.66894,82.8,-3.2,2023-S1,2,2023,6,-22.91618117974329,-3.4801187068570383,-0.04024144869214652,0.010691165920695411,-3.2,0.5,7.5,12.5,8.3,18.28,BAIXO
2023-06-19,4.807000160217285,4.940893363952637,17980147544,3052004763,21354467227.33333,0.999862015247345,21032152307,24417912485.666668,,,,,-2.922229622162642,0.04,13.75,102.701866,82.7,-2.96,2023-S1,2,2023,6,-45.28326835256111,-2.922229622162642,-0.12077294685989282,0.03207006909780041,-2.96,0.5,,12.5,8.43,17.42,
2023-06-20,4.776899814605713,4.933190027872722,27490561659,4705226783,21819731878.666668,1.000385046005249,32195788442,24980759112.566666,102.54000091552734,13.880000114440918,1.314101218343677,-5.928719571985275,-4.614618353641598,0.0466666666666666,13.75,102.71284133333332,82.66666666666666,-2.88,2023-S1,2,2023,6,24.242395970348184,-4.614618353641598,-0.04030632809352008,0.010686595833919732,-2.88,0.5,13.57,47.5,9.44,17.16,BAIXO
2023-06-21,4.789299964904785,4.926636695861816,41597850081,6494016298,22632445890.2,1.00005304813385,48091866379,25923612042.5,102.06999969482422,13.199999809265137,0.6905365781552986,-4.633655438849294,-3.943118860693995,0.0533333333333333,13.75,102.72381666666666,82.63333333333333,-2.8,2023-S1,2,2023,6,31.20468518531332,-3.943118860693995,-0.040322580645157924,0.010685453922687493,-2.8,0.5,14.03,47.5,10.53,16.91,BAIXO
2023-06-22,4.76230001449585,4.9206166903177895,31071097282,4887538535,22954116822.83333,1.0001840591430664,35958635817,26310731716.733334,102.38999938964844,12.90999984741211,0.737898469602305,-4.391627246519714,-3.6537287769174087,0.06,13.75,102.734792,82.6,-2.72,2023-S1,2,2023,6,18.902104166580802,-3.6537287769174087,-0.04033884630899598,0.010684312255393458,-2.72,0.5,13.12,47.5,11.47,16.64,BAIXO
2023-06-23,4.7697367668151855,4.915291245778402,31145738921,5087372638,23148748398.2,1.000566005706787,36233111559,26565236796.466667,102.9000015258789,13.4399995803833,1.3992886499528234,-4.640252902788822,-3.2409642528359983,0.0666666666666666,13.75,102.74576733333332,82.56666666666666,-2.64,2023-S1,2,2023,6,8.051301305647108,-3.2409642528359983,-0.040355125100888234,0.01068317083205983,-2.64,0.5,11.64,47.5,12.16,16.31,BAIXO
2023-06-26,4.7855000495910645,4.910801251729329,26117984793,3856083147,23673374665.533333,1.0002119541168213,29974067940,27169220700.83333,102.69000244140624,14.25,0.6172887496404433,-3.354978782607742,-2.7376900329672997,0.0866666666666666,13.75,102.77869333333334,82.46666666666667,-2.4,2023-S1,2,2023,6,20.94602275598789,-2.7376900329672993,-0.12111425111021035,0.03204608895779337,-2.4,0.5,13.31,47.5,12.2,15.44,BAIXO
2023-06-27,4.767300128936768,4.906781260172526,23449790413,3824274035,23746955239.566666,1.000195026397705,27274064448,27283124655.93333,102.48999786376952,13.739999771118164,-0.1850432809130775,-2.282268852568159,-2.4673121334812365,0.0933333333333333,13.75,102.78966866666666,82.43333333333334,-2.32,2023-S1,2,2023,6,18.18567363775405,-2.4673121334812365,-0.04042037186742231,0.010678607576508625,-2.32,0.5,13.05,47.5,13.12,15.16,BAIXO
2023-06-28,4.810500144958496,4.9024845918019615,23894930229,3482152553,23799658873.366665,1.0000250339508057,27377082782,27361245561.233334,102.91000366210938,13.43000030517578,0.4686159870189277,-3.078245618150255,-2.609629631131327,0.1,13.75,102.800644,82.39999999999999,-2.24,2023-S1,2,2023,6,-1.6401594888242887,-2.6096296311313383,-0.04043671653862768,0.010677467371689175,-2.24,0.5,7.5,12.5,12.32,14.69,BAIXO
2023-06-29,4.850500106811523,4.899577935536702,21010132360,3165466479,23783470310.366665,0.9998300075531006,24175598839,27357193870.83333,103.33999633789062,13.539999961853027,0.7605292490878268,-2.526527417914093,-1.765998168826266,0.1066666666666666,13.75,102.81161933333333,82.36666666666666,-2.16,2023-S1,2,2023,6,-6.595651613998066,-1.765998168826266,-0.04045307443365509,0.010676327410275022,-2.16,0.5,7.5,12.5,11.45,14.21,BAIXO
2023-06-30,4.855599880218506,4.895951271057129,43642431673,6373895760,24465734477.466667,1.000080943107605,50016327433,28160131213.8,102.91000366210938,13.59000015258789,0.0291664166917726,-2.220769398931599,-2.1916029822398264,0.1133333333333333,13.75,102.82259466666666,82.33333333333333,-2.08,2023-S1,2,2023,6,150.61651056388064,-2.1916029822398264,-0.040469445568591667,0.010675187692310573,-2.08,0.5,16.94,47.5,11.87,14.07,BAIXO
2023-07-03,4.784200191497803,4.888864612579345,26282530169,3591365139,24845872000.966667,0.9999979734420776,29873895308,28574969490.83333,102.98999786376952,13.56999969482422,-0.5696118525345129,-3.68510629984744,-4.254718152381953,0.1270967741935484,13.75,102.80896677419356,82.35354838709677,-1.8493548387096772,2023-S2,3,2023,7,52.659584905511196,-4.254718152381953,0.024552696878665792,-0.013253791656664404,-1.8493548387096772,0.5,23.57,47.5,13.36,13.57,BAIXO
2023-07-04,4.80649995803833,4.8835446039835615,20970952942,2950403752,25048090304.0,1.0003010034561155,23921356694,28811797699.2,,,,,-3.213794545711346,0.1306451612903225,13.75,102.79666516129032,82.38032258064516,-1.7787096774193547,2023-S2,3,2023,7,-2.1008216511331,-3.213794545711346,0.03251128102281786,-0.011965505820388245,-1.7787096774193547,0.5,,12.5,13.64,13.3,
2023-07-05,4.839900016784668,4.879167938232422,21584664810,3099466412,24640667325.166668,1.0000940561294556,24684131222,28353901101.266663,103.37000274658205,14.18000030517578,0.1647343055882988,-2.805947147885768,-2.641212842297469,0.1341935483870967,13.75,102.78436354838708,82.40709677419355,-1.7111827956989245,2023-S2,3,2023,7,-14.708015539888475,-2.641212842297469,0.03250071462415072,-0.011966937725016447,-1.7111827956989245,0.5,17.91,12.5,14.41,13.2,BAIXO
2023-07-06,4.8471999168396,4.875454600652059,30430114230,4263171820,24624638704.13333,1.0002059936523438,34693286050,28332296988.13333,103.16999816894533,15.4399995803833,-0.0290685854495875,-2.217535827424111,-2.2466044128736984,0.1377419354838709,13.75,102.77206193548386,82.43387096774194,-1.646774193548387,2023-S2,3,2023,7,45.208490114082366,-2.2466044128736984,0.03249015509156905,-0.011968369972370496,-1.646774193548387,0.5,25.11,47.5,16.42,13.36,BAIXO
2023-07-07,4.918700218200684,4.871571270624797,21072109064,3149204362,24391102881.066666,0.9999589920043944,24221313426,28061082481.966667,102.2699966430664,14.829999923706056,-1.1788590645340324,-1.134850382243202,-2.3137094467772346,0.1412903225806451,13.75,102.75976032258065,82.46064516129032,-1.585483870967742,2023-S2,3,2023,7,10.25760907684412,-2.3137094467772346,0.03247960241834491,-0.011969802562628029,-1.585483870967742,0.5,22.45,47.5,18.91,13.42,BAIXO
2023-07-10,4.8709001541137695,4.8675079345703125,23313495695,3359012284,23527038153.266663,1.0000560283660889,26672507979,27065225657.166668,101.97000122070312,15.06999969482422,-1.848106824742768,-0.5934104777465365,-2.4415173024893044,0.1519354838709677,13.75,102.72285548387096,82.54096774193548,-1.4203225806451614,2023-S2,3,2023,7,4.480068520617131,-2.4415173024893044,0.09740716979360631,-0.035913706487678,-1.4203225806451614,0.5,41.9,43.86,24.65,14.44,MEDIO
2023-07-11,4.898200035095215,4.863511276245117,18221606248,2747012361,23549827745.166668,1.000072956085205,20968618609,27099718487.566666,101.7300033569336,14.84000015258789,-2.379805920091005,-0.0095397465260549,-2.38934566661706,0.1554838709677419,13.75,102.71055387096774,82.56774193548387,-1.371505376344086,2023-S2,3,2023,7,-15.231741267653154,-2.38934566661706,0.03243746018595228,-0.01197553635485793,-1.371505376344086,0.5,17.89,12.5,24.8,14.33,BAIXO
2023-07-12,4.851500034332275,4.857401275634766,20685690690,3099598321,23536583482.566666,0.9999340176582336,23785289011,27073711042.466667,100.5199966430664,13.539999961853027,-3.540929348262567,-0.0997319767950366,-3.640661325057604,0.1590322580645161,13.75,102.69825225806451,82.59451612903226,-1.3258064516129031,2023-S2,3,2023,7,-10.739456103701151,-3.6406613250576036,0.03242694170964011,-0.011976970661342623,-1.3258064516129031,0.5,17.89,12.5,23.86,14.23,BAIXO
2023-07-13,4.81689977645874,4.849471267064413,41556380527,5528502864,24131573820.066666,1.0003730058670044,47084883391,27737785168.2,99.7699966430664,13.609999656677246,-4.223866375367392,-0.4825563422610202,-4.706422717628412,0.1625806451612903,13.75,102.68595064516128,82.62129032258065,-1.2832258064516129,2023-S2,3,2023,7,100.5114075897358,-4.706422717628412,0.032416430052761847,-0.01197840531143024,-1.2832258064516129,0.5,26.57,47.5,24.25,14.44,BAIXO
2023-07-14,4.7947998046875,4.842194588979085,39502042324,4852861593,24680940727.9,1.000725030899048,44354903917,28336640789.8,99.91000366210938,13.34000015258789,-4.227373509984433,-0.1272241670574381,-4.354597677041872,0.1661290322580645,13.75,102.67364903225806,82.64806451612903,-1.2406451612903224,2023-S2,3,2023,7,89.29993733058382,-4.3545976770418715,0.032405925208678354,-0.01197984030526511,-1.2406451612903224,0.5,26.35,47.5,25.45,15.11,BAIXO
2023-07-17,4.788099765777588,4.836577908198039,24482827973,3208017139,24506609439.166668,1.0002199411392212,27690845112,28005901128.9,99.83999633789062,13.479999542236328,-3.592121773272894,0.192605633192866,-3.399516140080028,0.176774193548387,13.75,102.63674419354838,82.72838709677418,-1.1129032258064515,2023-S2,3,2023,7,-27.58135449977135,-3.399516140080028,0.09718628151236253,-0.03594382692883036,-1.1129032258064515,0.5,39.15,12.5,27.46,16.01,MEDIO
2023-07-18,4.805799961090088,4.832584571838379,22117323145,2974234953,24767973918.93333,1.0001579523086548,25091558098,28302155144.966667,99.94000244140624,13.300000190734863,-3.922317182589641,1.4901243628727356,-2.432192819716905,0.1803225806451613,13.75,102.62444258064517,82.75516129032258,-1.0703225806451613,2023-S2,3,2023,7,-28.448311075627263,-2.432192819716905,0.032363973828086756,-0.011985583720408588,-1.0703225806451613,0.5,21.74,12.5,27.36,16.31,BAIXO
2023-07-19,4.809299945831299,4.829161230723063,21629091201,2779406654,24889605374.166668,1.0002299547195437,24408497855,28414699996.566666,100.27999877929688,13.760000228881836,-3.5769242506760834,1.4861215285495333,-2.09080272212655,0.1838709677419354,13.75,102.61214096774194,82.78193548387097,-1.027741935483871,2023-S2,3,2023,7,-22.968339444754506,-2.0908027221265724,0.032353502948856416,-0.011987020434789386,-1.027741935483871,0.5,21.73,12.5,24.47,16.82,BAIXO
2023-07-20,4.789899826049805,4.82474455833435,25849427845,3200825513,24834900913.7,1.0000790357589722,29050253358,28309848827.1,100.87999725341795,13.989999771118164,-3.121098709040182,0.4293188511865553,-2.6917798578536267,0.1874193548387097,13.75,102.5998393548387,82.80870967741934,-0.9851612903225808,2023-S2,3,2023,7,42.15667220662216,-2.6917798578536267,0.03234303884280809,-0.011988457493639082,-0.9851612903225808,0.5,26.06,47.5,25.64,17.48,BAIXO
2023-07-21,4.796899795532227,4.820571215947469,21736934537,6052246403,24172870395.566666,1.000216007232666,27789180940,27633092645.8,101.06999969482422,13.600000381469728,-2.910661694245964,0.3670264593120476,-2.5436352349339164,0.1909677419354838,13.75,102.58753774193548,82.83548387096774,-0.9425806451612906,2023-S2,3,2023,7,19.564110618251828,-2.5436352349339164,0.032332581503435875,-0.011989894897090903,-0.9425806451612906,0.5,24.5,47.5,26.59,18.09,BAIXO
2023-07-24,4.777400016784668,4.817221212387085,24790908035,2972535139,23269728701.666668,1.000010967254639,27763443174,26549857187.83333,101.3499984741211,13.90999984741211,-1.9256802151055183,-0.1346347619348598,-2.0603149770403784,0.2016129032258064,13.75,102.5506329032258,82.9158064516129,-0.8148387096774194,2023-S2,3,2023,7,17.587090079348823,-2.0603149770403784,0.0969663927723019,-0.03597399793580092,-0.8148387096774194,0.5,44.09,47.5,29.09,19.4,MEDIO
2023-07-25,4.725500106811523,4.812717882792155,18046684131,2242969853,23158850219.5,0.9998289942741394,20289653984,26418827843.5,101.3499984741211,13.859999656677246,-2.134027748718559,-0.6454621907198033,-2.779489939438362,0.2051612903225806,13.75,102.53833129032256,82.94258064516129,-0.7722580645161292,2023-S2,3,2023,7,-23.875078933575168,-2.779489939438362,0.03229081968105785,-0.011995647959439637,-0.7722580645161292,0.5,17.86,12.5,27.88,19.77,BAIXO
2023-07-26,4.748899936676025,4.808981211980184,22065183057,2959690717,23023756828.3,1.0001009702682495,25024873774,26253854704.63333,100.88999938964844,13.1899995803833,-2.644020010025772,0.3379076267385539,-2.3061123832872177,0.2087096774193548,13.75,102.52602967741934,82.96935483870968,-0.7296774193548385,2023-S2,3,2023,7,-4.152081035038813,-2.3061123832872177,0.032280396076567186,-0.01199708708774505,-0.7296774193548385,0.5,18.73,12.5,24.96,20.17,BAIXO
2023-07-27,4.736199855804443,4.80635453859965,17964435031,2447050412,22840911648.9,0.99958997964859,20411485443,26025102071.13333,101.7699966430664,14.40999984741211,-1.5192565806667837,-0.1173000232702947,-1.6365566039370782,0.212258064516129,13.75,102.51372806451612,82.99612903225805,-0.6870967741935483,2023-S2,3,2023,7,-32.77797971918551,-1.6365566039370782,0.03226997919945074,-0.011998526561429745,-0.6870967741935483,0.5,17.85,12.5,24.4,20.34,BAIXO
2023-07-28,4.741600036621094,4.804101212819417,17371797760,2576906993,22623473899.93333,1.0001059770584106,19948704753,25777489470.166668,101.62000274658205,13.329999923706056,-1.3493829344942363,-0.0562516009231628,-1.4056345354173994,0.2158064516129032,13.75,102.5014264516129,83.02290322580644,-0.6445161290322581,2023-S2,3,2023,7,-23.280975443188833,-1.4056345354173994,0.032259569043247005,-0.011999966380571436,-0.6445161290322581,0.5,17.85,12.5,23.85,20.71,BAIXO
2023-07-31,4.723299980163574,4.801311206817627,18354638255,2797739009,21349617275.2,0.9999110102653505,21152377264,24311802843.233334,101.86000061035156,13.630000114440918,-0.2546045135502828,-1.486609908417358,-1.7412144219676406,0.2264516129032258,13.75,102.46452161290324,83.1032258064516,-0.5167741935483869,2023-S2,3,2023,7,2.0828011009563108,-1.7412144219676406,0.09674749680421701,-0.036004219635987766,-0.5167741935483869,0.5,40.66,27.08,25.93,21.4,MEDIO
2023-08-01,4.724699974060059,4.799571212132772,27115449240,4107231674,21575543595.1,0.9995219707489014,31222680914,24589511353.566666,102.3000030517578,13.93000030517578,0.0,-1.0927556065975952,-1.0927556065975952,0.23,13.75,102.45222,83.13,-0.4741935483870967,2023-S2,3,2023,8,-1.3645134779455947,-1.0927556065975952,0.03221799549724125,-0.01200572911442821,-0.4741935483870967,0.5,17.84,12.5,24.98,21.54,BAIXO
2023-08-02,4.791999816894531,4.7996612071990965,26312546015,3899981415,21576544123.3,0.99932599067688,30212527430,24600799090.966667,102.58999633789062,16.09000015258789,0.0487569942626331,0.0076155864804805,0.0563725807431136,0.2309677419354839,13.75,102.45630483870968,83.06516129032258,-0.4341935483870967,2023-S2,3,2023,8,-36.74541842002943,0.05637258074311369,-0.07799676371637032,0.003987067053978777,-0.4341935483870967,0.2,12.02,20.23,20.4,21.48,BAIXO
2023-08-03,4.810400009155273,4.801264540354411,20365437032,2992754699,21556360259.63333,0.9994480013847352,23358191731,24582026925.533333,102.54000091552734,15.920000076293944,0.4604695033882278,0.5495465500526153,1.010016053440843,0.2319354838709677,13.25,102.46038967741936,83.00032258064516,-0.3967741935483873,2023-S2,3,2023,8,-34.45536587535313,1.010016053440843,-0.07805764615420596,0.003986908093267516,-0.3967741935483873,0.2,13.43,24.04,19.77,21.49,BAIXO
2023-08-04,4.916399955749512,4.806153313318888,20189124066,3102941071,21509842234.83333,0.9986019730567932,23292065137,24535624722.7,102.0199966430664,17.100000381469727,-0.3613660990210321,3.436235763835993,3.074869664814961,0.2329032258064516,13.25,102.46447451612904,82.93548387096774,-0.3619354838709676,2023-S2,3,2023,8,-35.17853560254597,3.074869664814961,-0.07811862371308598,0.003986749145257207,-0.3619354838709676,0.2,20.92,32.3,20.08,21.81,BAIXO
2023-08-07,4.88539981842041,4.8094833056132,23981817200,2920815525,21114235689.7,0.9988179802894592,26902632725,24049685175.63333,102.0500030517578,15.770000457763672,-0.8260432084710168,2.913594515421325,2.087551306950308,0.2358064516129032,13.25,102.47672903225806,82.74096774193548,-0.2729032258064516,2023-S2,3,2023,8,-8.178914299592222,2.087551306950308,-0.23453908984831795,0.011959770629665911,-0.2729032258064516,0.2,19.56,28.35,20.33,22.02,BAIXO
2023-08-08,4.89900016784668,4.813873306910197,25874561718,3392828372,21533496068.166668,0.9997180104255676,29267390090,24523120275.7,102.52999877929688,15.989999771118164,-0.1558123072405881,2.918383056888041,2.7625707496474528,0.2367741935483871,13.25,102.48081387096774,82.67612903225806,-0.2483870967741936,2023-S2,3,2023,8,10.340268558032673,2.7625707496474528,-0.07836348963145001,0.003986113479848008,-0.2483870967741936,0.2,24.14,66.05,21.22,22.4,BAIXO
2023-08-09,4.898600101470947,4.816809972127278,22920990916,3123624699,21520412575.533333,0.9994249939918518,26044615615,24502190530.233334,102.48999786376952,15.960000038146973,0.0,1.8314094970931727,1.8314094970931727,0.237741935483871,13.25,102.48489870967742,82.61129032258064,-0.2264516129032259,2023-S2,3,2023,8,-4.075924489697746,1.8314094970931727,-0.07842494615600826,0.003985954595209229,-0.2264516129032259,0.2,16.75,27.33,17.81,22.72,BAIXO
2023-08-10,4.901700019836426,4.818516635894776,18525528096,2804649587,21530543303.8,0.9990119934082032,21330177683,24514242499.366665,102.5199966430664,15.850000381469728,-0.3789787242875819,1.4345381902693075,1.0555594659817258,0.2387096774193548,13.25,102.4889835483871,82.54645161290323,-0.2070967741935483,2023-S2,3,2023,8,-11.825743034014845,1.0555594659817258,-0.07848649915069839,0.003985795723182584,-0.2070967741935483,0.2,15.72,24.22,17.51,23.01,BAIXO
2023-08-11,4.891499996185303,4.819713306427002,16439483171,2442850118,21389003053.166668,0.99896901845932,18882333289,24350810641.966667,102.83999633789062,14.84000015258789,-0.4838397694201135,1.2231946761753432,0.7393549067552296,0.2396774193548387,13.25,102.49306838709676,82.48161290322581,-0.1903225806451609,2023-S2,3,2023,8,-62.33142256101528,0.7393549067552296,-0.07854814884288297,0.003985636863812481,-0.1903225806451609,0.2,15.18,22.96,17.96,22.95,BAIXO
2023-08-14,4.910999774932861,4.823939959208171,20154696560,2921375821,19596443254.4,0.9991840124130248,23076072381,22351685508.866665,103.19000244140624,14.81999969482422,0.2720812062316335,2.378300850530945,2.650382056762579,0.2425806451612903,13.25,102.5053229032258,82.28709677419354,-0.1529032258064515,2023-S2,3,2023,8,-23.315234757069636,2.650382056762579,-0.23582968638172774,0.0119564340514966,-0.1529032258064515,0.2,18.17,30.6,18.63,22.76,BAIXO
2023-08-15,4.962100028991699,4.829126628239949,21720437145,2774696602,19736645879.233334,0.99896502494812,24495133747,22515027581.366665,103.20999908447266,16.459999084472656,0.2136141618277687,3.0236701887763617,3.2372843506041304,0.2435483870967742,13.25,102.50940774193548,82.22225806451613,-0.141290322580645,2023-S2,3,2023,8,3.5739158114219682,3.2372843506041304,-0.07879571915794248,0.003985001553075129,-0.141290322580645,0.2,22.71,57.97,18.89,22.76,BAIXO
2023-08-16,4.983200073242188,4.833903296788534,24501625172,3289212879,19737272452.533333,0.998856008052826,27790838051,22518360679.33333,103.41999816894533,16.780000686645508,0.0483655035647512,2.9124406279784187,2.96080613154317,0.244516129032258,13.25,102.51349258064516,82.15741935483871,-0.1296774193548384,2023-S2,3,2023,8,13.51404058240735,2.960806131543192,-0.07885785577250726,0.003984842757032148,-0.1296774193548384,0.2,24.59,66.84,19.61,22.98,BAIXO
2023-08-17,4.9868998527526855,4.838559961318969,46202367641,6519582155,20540107269.066666,1.0003859996795654,52721949796,23439373735.93333,103.44000244140624,17.889999389648438,0.2617081295463341,2.6203668479629627,2.882074977509297,0.2454838709677419,13.25,102.51757741935484,82.09258064516129,-0.1180645161290319,2023-S2,3,2023,8,51.831068696583074,2.882074977509297,-0.07892009046361892,0.003984683973623504,-0.1180645161290319,0.2,26.26,66.53,19.91,23.02,BAIXO
2023-08-18,4.975500106811523,4.840453290939331,34300507987,4966467815,20962487828.6,0.9998300075531006,39266975802,23934656334.166668,103.37999725341795,17.299999237060547,1.08536290875767,0.0694114440411342,1.154774352798804,0.2464516129032258,13.25,102.52166225806452,82.02774193548387,-0.1064516129032253,2023-S2,3,2023,8,62.77681499665191,1.1547743527988041,-0.07898242346366935,0.003984525202915812,-0.1064516129032253,0.2,19.99,59.62,20.37,22.94,BAIXO
2023-08-21,4.966899871826172,4.843653281529744,21350289570,3060565177,20696252395.733334,0.9998350143432616,24410854747,23546546135.266663,103.33000183105467,17.1299991607666,1.333726188163897,0.637156290946761,1.9708824791106585,0.2493548387096774,13.25,102.53391677419354,81.83322580645161,-0.0716129032258061,2023-S2,3,2023,8,-8.420899854246422,1.9708824791106583,-0.23713456501734953,0.011953099334438555,-0.0716129032258061,0.2,13.65,27.88,20.08,22.0,BAIXO
2023-08-22,4.978700160980225,4.846336619059245,24087904847,3647897906,20975199505.466667,0.9994660019874572,27735802753,23882984303.666668,103.55999755859376,16.969999313354492,1.7988736275171169,-0.1554102060922435,1.6434634214248731,0.2503225806451613,13.25,102.53800161290324,81.76838709677419,-0.06,2023-S2,3,2023,8,32.19419034281834,1.6434634214248733,-0.07923274322677587,0.003983890246472832,-0.06,0.2,18.58,61.57,20.56,22.02,BAIXO
2023-08-23,4.937099933624268,4.849189949035645,25410027986,3730953867,20995836837.166668,0.9998990297317504,29140981853,23928902259.63333,103.36000061035156,15.979999542236328,2.8253124374542526,-1.060911763719674,1.7644006737345783,0.2512903225806451,13.25,102.5420864516129,81.70354838709677,-0.0483870967741935,2023-S2,3,2023,8,22.838673200715842,1.7644006737345785,-0.07929557128316667,0.00398373153893683,-0.0483870967741935,0.2,17.96,62.06,20.53,22.02,BAIXO
2023-08-24,4.855100154876709,4.850463294982911,20070736123,2907706728,21063305236.9,0.999426007270813,22978442851,24018528555.2,103.9800033569336,17.200000762939453,4.219712193565317,-3.426663133157981,0.7930490604073359,0.252258064516129,13.25,102.54617129032258,81.63870967741936,-0.0367741935483869,2023-S2,3,2023,8,-51.70239595346941,0.7930490604073359,-0.07935849905835735,0.003983572844101779,-0.0367741935483869,0.2,12.0,23.17,19.0,21.53,BAIXO
2023-08-25,4.880300045013428,4.853313302993774,19999153582,2870155394,20994437587.733334,0.9994940161705016,22869308976,23946676395.266663,104.08000183105467,15.68000030517578,4.173754395053408,-2.3905675299346507,1.7831868651187577,0.2532258064516129,13.25,102.55025612903226,81.57387096774194,-0.0251612903225808,2023-S2,3,2023,8,-49.371849136394545,1.7831868651187577,-0.07942152678994674,0.003983414161923271,-0.0251612903225808,0.2,12.0,27.13,17.21,21.06,BAIXO
2023-08-28,4.870399951934815,4.856056642532349,18160207139,2747710982,20800258720.93333,0.9993270039558412,20907918121,23726298891.966667,104.05999755859376,15.079999923706056,4.2267641982089765,-2.5079155905534334,1.7188486076555431,0.2561290322580645,13.25,102.5625106451613,81.37935483870969,0.0096774193548387,2023-S2,3,2023,8,-25.824716168298345,1.7188486076555654,-0.23845396414885478,0.011949766477048485,0.0096774193548387,0.2,12.01,26.88,15.17,20.15,BAIXO
2023-08-29,4.872600078582764,4.858283313115438,39257157473,4288358015,21578339207.7,1.0000380277633667,43545515488,24578492563.166668,103.5500030517578,14.449999809265137,3.6121678228575815,-2.222178267871544,1.3899895549860375,0.2570967741935483,13.25,102.56659548387096,81.31451612903226,0.0212903225806453,2023-S2,3,2023,8,77.49506672047133,1.3899895549860375,-0.07967464205871355,0.0039827795594638005,0.0212903225806453,0.2,20.23,60.56,15.2,20.1,BAIXO
2023-08-30,4.85129976272583,4.859683307011922,22718699935,3635286825,21723807930.366665,1.0001280307769775,26353986760,24751879546.366665,103.16000366210938,13.880000114440918,2.8719634202938327,-1.998659251961876,0.8733041683319565,0.2580645161290322,13.25,102.57068032258064,81.24967741935484,0.0329032258064514,2023-S2,3,2023,8,5.037700030362924,0.8733041683319565,-0.07973817316274667,0.003982620940479187,0.0329032258064514,0.2,15.42,58.49,15.46,19.89,BAIXO
2023-08-31,4.888400077819824,4.862966648737589,27302426037,4228660874,21730040490.266663,0.9998459815979004,31531086911,24762159746.266663,103.62000274658205,13.56999969482422,2.7161038538501936,-0.6596881594273629,2.0564156944228307,0.2590322580645161,13.25,102.57476516129032,81.18483870967742,0.0445161290322584,2023-S2,3,2023,8,5.621007167789394,2.0564156944228307,-0.07980180566473649,0.003982462334106707,0.0445161290322584,0.2,15.61,63.23,15.03,19.54,BAIXO
2023-09-01,4.953800201416016,4.868196662267049,25428948060,3352194868,21700587225.1,0.9997119903564452,28781142928,24714446929.533333,104.23999786376952,13.09000015258789,3.1364382888265263,0.1344327439585235,3.27087103278505,0.26,13.25,102.57885,81.12,0.0561290322580645,2023-S2,3,2023,9,16.984977880462203,3.27087103278505,-0.0798655398075998,0.003982303740368565,0.0561290322580645,0.2,17.85,68.08,15.02,19.32,BAIXO
2023-09-04,4.97629976272583,4.874826653798421,17920742517,2275770718,21505772239.466667,0.9996449947357178,20196513235,24457375147.033333,,,,,4.163347118565697,0.258,13.25,102.608672,81.15700000000001,0.0811612903225809,2023-S2,3,2023,9,-27.712440013494643,4.163347118565697,0.04561143984220806,0.02907226977100219,0.0811612903225809,0.2,,36.65,15.52,18.47,
2023-09-05,4.936200141906738,4.881849988301595,18323727990,2529858601,21623226699.2,0.9995840191841124,20853586591,24593751227.3,104.80999755859376,14.010000228881836,3.413911333561725,1.0448767382341684,4.458788071795894,0.2573333333333333,13.25,102.61861266666666,81.16933333333334,0.0862365591397846,2023-S2,3,2023,9,1.53515103932087,4.458788071795894,0.015196881764145687,0.009687940086267055,0.0862365591397846,0.2,20.48,48.58,16.93,18.56,BAIXO
2023-09-06,4.966700077056885,4.889109992980957,19715200487,2855555338,21481006142.1,0.9995520114898682,22570755825,24449355330.63333,104.86000061035156,14.449999809265137,3.4632483365322653,1.1230799349643883,4.586328271496654,0.2566666666666666,13.25,102.62855333333334,81.18166666666667,0.0896774193548388,2023-S2,3,2023,9,-10.650183884400121,4.586328271496654,0.01519457266290214,0.009687001615366064,0.0896774193548388,0.2,18.94,38.35,18.09,18.56,BAIXO
2023-09-07,4.977000236511231,4.89713667233785,18242134001,2428528084,21226591884.866665,0.999758005142212,20670662085,24162797730.466667,105.05999755859376,14.399999618530272,4.133212602014513,0.9510403441882254,5.084252946202739,0.256,13.25,102.638494,81.194,0.0914838709677421,2023-S2,3,2023,9,1.5458263481194612,5.084252946202761,0.015192264263275135,0.009686063326230787,0.0914838709677421,0.2,20.25,51.16,18.09,18.65,BAIXO
2023-09-08,4.976099967956543,4.904953336715698,17906934253,2652808484,21059456662.766663,0.9997779726982116,20559742737,23979968634.533333,105.08999633789062,13.84000015258789,3.262257840558158,1.683328660292216,4.945586500850374,0.2553333333333333,13.25,102.64843466666667,81.20633333333333,0.0916559139784944,2023-S2,3,2023,9,3.0804900010533043,4.945586500850374,0.015189956564931606,0.009685125218883428,0.0916559139784944,0.2,23.04,61.35,19.36,18.83,BAIXO
2023-09-11,4.982999801635742,4.913609997431437,24658044680,3827178715,21161553776.33333,0.9997010231018066,28485223395,24090766241.13333,104.56999969482422,13.800000190734863,2.9029687743650445,2.595301980463738,5.498270754828782,0.2533333333333333,13.25,102.67825666666668,81.24333333333334,0.0823655913978496,2023-S2,3,2023,9,34.3423081263009,5.498270754828782,0.045562948702704276,0.029052561879638894,0.0823655913978496,0.2,37.26,76.99,22.97,18.71,MEDIO
2023-09-12,4.929399967193604,4.9204333305358885,26626307087,4520366160,21578339690.066666,1.0000369548797607,31146673247,24599502037.93333,104.70999908447266,14.229999542236328,2.7979564667619528,1.5345936265223958,4.332550093284349,0.2526666666666666,13.25,102.68819733333332,81.25566666666667,0.076,2023-S2,3,2023,9,-1.8039242081906215,4.332550093284371,0.015180732778063977,0.009681374605841064,0.076,0.2,19.99,37.33,23.33,18.78,BAIXO
2023-09-13,4.946599960327148,4.925586668650309,20526953164,3192111737,21590748243.533333,1.0002429485321045,23719064901,24620935121.93333,104.7699966430664,13.479999542236328,2.4144609165445585,0.8117525504836243,3.226213467028183,0.252,13.25,102.698138,81.268,0.068,2023-S2,3,2023,9,-21.987962881667954,3.226213467028183,0.015178428581386072,0.0096804374064563,0.068,0.2,18.1,32.9,22.58,18.99,BAIXO
2023-09-14,4.91540002822876,4.929086669286092,21251601415,3162074793,21575120385.866665,1.0002599954605105,24413676208,24618219870.63333,105.41000366210938,12.81999969482422,2.7488131639373137,-0.566042108024134,2.18277105591318,0.2513333333333333,13.25,102.70807866666668,81.28033333333333,0.0599999999999996,2023-S2,3,2023,9,4.35131532707882,2.1827710559131797,0.01517612508408206,0.009679500388481976,0.0599999999999996,0.2,19.13,59.19,22.39,19.19,BAIXO
2023-09-15,4.868199825286865,4.927479998270671,19295499486,2660676460,21401582863.0,1.0003429651260376,21956175946,24423731133.8,105.31999969482422,13.789999961853027,2.7111359025508985,-3.691530721859249,-0.98039481930835,0.2506666666666666,13.25,102.71801933333332,81.29266666666666,0.052,2023-S2,3,2023,9,-4.42626721733278,-0.98039481930835,0.015173822285841077,0.009678563551851482,0.052,0.2,15.97,20.0,21.96,19.02,BAIXO
2023-09-18,4.867000102996826,4.926866674423218,23169510106,3435389761,19795832558.93333,1.0002379417419434,26604899867,22576424425.866665,105.1999969482422,14.0,3.117036277016872,-3.493662880927728,-0.3766266039108568,0.2486666666666666,13.25,102.74784133333334,81.32966666666667,0.028,2023-S2,3,2023,9,-3.387179074986857,-0.3766266039108568,0.045514560558967965,0.029032880689849883,0.028,0.2,23.74,20.0,22.46,19.16,BAIXO
2023-09-19,4.853700160980225,4.925356674194336,19869924197,3053934292,19934085353.8,1.000262975692749,22923858489,22746263652.4,105.1999969482422,14.109999656677246,3.086716121788613,-4.011394736085672,-0.9246786142970588,0.248,13.25,102.757782,81.342,0.02,2023-S2,3,2023,9,-23.20672166911639,-0.9246786142970587,0.015164618077045944,0.009674818018234888,0.02,0.2,15.92,20.0,21.44,18.88,BAIXO
2023-09-20,4.865799903869629,4.924263334274292,20831080166,3103179365,19916778373.666668,1.0002069473266602,23934259531,22730377145.2,105.16000366210938,15.140000343322754,2.5651076895785163,-3.2346907729469465,-0.6695830833684302,0.2473333333333333,13.25,102.76772266666669,81.35433333333333,0.012,2023-S2,3,2023,9,-9.117890049601375,-0.6695830833684302,0.015162318769301741,0.009673882087768426,0.012,0.2,15.91,20.0,18.39,18.85,BAIXO
2023-09-21,4.878799915313721,4.923499997456869,65289803093,2975710420,21290174981.866665,0.9999859929084778,68265513513,24081367503.866665,105.36000061035156,17.540000915527344,2.8002759356057894,-3.2674629203260253,-0.4671869847202359,0.2466666666666666,12.75,102.77766333333334,81.36666666666666,0.004,2023-S2,3,2023,9,252.43153530990168,-0.4671869847202359,0.01516002015873319,0.009672946338312727,0.004,0.2,25.9,55.0,19.24,19.2,BAIXO
2023-09-22,4.934899806976318,4.924946657816569,16422421266,2571335978,20990588091.2,1.0000089406967163,18993757244,23743126683.566666,105.58000183105467,17.200000762939453,2.9847886150854874,-2.09753908375847,0.8872495313270168,0.246,12.75,102.787604,81.37899999999999,-0.004,2023-S2,3,2023,9,-0.10378613988363261,0.8872495313270168,0.015157722244985017,0.009672010769912198,-0.004,0.2,15.9,23.55,18.92,19.23,BAIXO
2023-09-25,4.933899879455566,4.925709994633992,18410794811,2956159954,20736662740.43333,0.9997850060462952,21366954765,23463976817.7,106.0,16.899999618530273,3.0727380150101125,-2.6064357227641777,0.4663022922459348,0.244,12.75,102.817426,81.416,-0.028,2023-S2,3,2023,9,-8.652582507548301,0.4663022922459348,0.04546627508326129,0.02901322614738966,-0.028,0.2,23.69,21.87,19.58,19.42,BAIXO
2023-09-26,4.968299865722656,4.925916655858358,17449026978,2698152867,20915877952.2,0.9996060132980348,20147179845,23681421467.1,106.2300033569336,18.940000534057617,2.9460227188709665,-2.821078910911967,0.1249438079589992,0.2433333333333333,12.75,102.82736666666668,81.42833333333333,-0.0360000000000004,2023-S2,3,2023,9,-19.665396872471653,0.12494380795899929,0.015148537552001073,0.00966827030535189,-0.0360000000000004,0.2,15.89,20.5,19.56,19.18,BAIXO
2023-09-27,4.986199855804443,4.926016648610433,21012429240,2473184892,21010952022.233334,0.9993860125541688,23485614132,23767344667.466667,106.66999816894533,18.21999931335449,3.352387477148233,-3.292189561789316,0.0601979153589171,0.2426666666666666,12.75,102.83730733333334,81.44066666666666,-0.044,2023-S2,3,2023,9,-14.240671414675743,0.06019791535889496,0.015146243117669655,0.009667335641183605,-0.044,0.2,15.89,20.24,18.44,18.88,BAIXO
2023-09-28,5.042200088500977,4.927859989802043,23496469874,3111905152,20485595768.93333,1.0000170469284058,26608375026,23202773318.733334,106.22000122070312,17.34000015258789,2.7074096899361466,-1.598499597872305,1.1089100920638415,0.242,12.75,102.847248,81.453,-0.052,2023-S2,3,2023,9,-49.144446326708966,1.1089100920638417,0.015143949378293442,0.009666401157737425,-0.052,0.2,15.89,24.44,18.44,18.52,BAIXO
2023-09-29,5.032800197601318,4.929769992828369,33744855887,2434341381,20853134300.666668,1.000041961669922,36179197268,23530280335.666668,106.16999816894533,17.520000457763672,2.639206944223993,-1.487562093260153,1.15164485096384,0.2413333333333333,12.75,102.85718866666669,81.46533333333333,-0.06,2023-S2,3,2023,9,-1.6199529762375375,1.15164485096384,0.015141656333494957,0.00966546685496894,-0.06,0.2,15.89,24.61,18.44,18.38,BAIXO
2023-10-02,5.042799949645996,4.932299995422364,33775951107,4197739502,21510150430.366665,1.000332951545715,37973690609,24130175425.5,106.9000015258789,17.610000610351562,3.404918133081658,-1.8768003981066927,1.5281177349749653,0.2412903225806451,12.75,102.89806774193548,81.52193548387096,-0.0820430107526881,2023-S2,4,2023,10,58.199030492118986,1.5281177349749653,0.06948004534153007,0.03974352769962053,-0.0820430107526881,0.2,37.53,61.11,20.1,19.21,MEDIO
2023-10-03,5.061500072479248,4.935059992472331,28992376862,2520912223,21992884977.366665,1.0000920295715332,31513289085,24634333397.6,107.0,19.780000686645508,3.5517256400960706,-1.888642730465273,1.6630829096307975,0.2425806451612903,12.75,102.91906548387097,81.55387096774193,-0.0861290322580643,2023-S2,4,2023,10,20.36072479591691,1.6630829096307975,0.03917409919356185,0.020406352030000185,-0.0861290322580643,0.2,27.83,61.65,21.8,19.52,BAIXO
2023-10-04,5.166299819946289,4.9426999886830645,21138935230,2560902818,22100158067.8,1.0004370212554932,23699838048,24751110891.366665,106.8000030517578,18.57999992370605,3.1286264673102915,1.5137727023125214,4.642399169622813,0.2438709677419354,12.75,102.94006322580644,81.5858064516129,-0.088258064516129,2023-S2,4,2023,10,-16.808689696655254,4.642399169622813,0.03915875910243116,0.020402188687551615,-0.088258064516129,0.2,26.0,38.57,22.13,19.8,BAIXO
2023-10-05,5.154600143432617,4.952683321634928,18816329985,2671315261,22116578134.3,1.0000890493392944,21487645246,24772246179.866665,106.33000183105467,18.489999771118164,2.87345317643668,3.295317374157936,6.168770550594616,0.2451612903225806,12.75,102.96106096774194,81.61774193548386,-0.0884301075268818,2023-S2,4,2023,10,-6.2499259135917695,6.1687705505946155,0.03914343102058293,0.020398027043611044,-0.0884301075268818,0.2,30.62,44.68,24.24,20.44,MEDIO
2023-10-06,5.164999961853027,4.962173318862915,19152176768,2590803813,22097810677.0,1.0004359483718872,21742980581,24744653671.733334,106.04000091552734,17.450000762939453,1.9811478092786492,3.852508199853388,5.833656009132038,0.2464516129032258,12.75,102.98205870967742,81.64967741935483,-0.0866451612903227,2023-S2,4,2023,10,-4.23506330169049,5.833656009132038,0.03912811493389512,0.020393867097046048,-0.0866451612903227,0.2,32.06,43.33,26.55,21.14,MEDIO
2023-10-09,5.145699977874756,4.971349986394246,20684218429,2797548386,22027850111.766663,1.000080943107605,23481766815,24648991925.566666,106.08000183105467,17.700000762939453,1.9215987363705669,3.73091499262157,5.652513728992137,0.2503225806451613,12.75,103.04505193548388,81.74548387096775,-0.0695483870967743,2023-S2,4,2023,10,13.898582051850905,5.652513728992115,0.11733843248498133,0.06116912654081652,-0.0695483870967743,0.2,56.76,77.61,32.38,22.68,MEDIO
2023-10-10,5.135200023651123,4.980103317896525,17384784047,2402546704,22101637146.33333,1.0000879764556885,19787330751,24735057879.533333,105.83000183105467,17.030000686645508,1.700945910040308,3.6883727459807942,5.389318656021103,0.2516129032258064,12.75,103.06604967741936,81.77741935483871,-0.059935483870968,2023-S2,4,2023,10,-55.71563208834777,5.389318656021103,0.03906697025779504,0.02037724426460219,-0.059935483870968,0.2,31.62,41.56,34.63,23.07,MEDIO
2023-10-11,5.051000118255615,4.986759996414184,19945698427,2952223563,21944558937.9,0.9997519850730896,22897921990,24548814499.366665,105.81999969482422,16.09000015258789,2.192174385481937,1.9242555466395528,4.11642993212149,0.2529032258064516,12.75,103.08704741935485,81.80935483870968,-0.0483655913978493,2023-S2,4,2023,10,-12.205810701905373,4.11642993212149,0.03905171393632223,0.02037309278972721,-0.0483655913978493,0.2,27.03,36.47,33.13,23.47,BAIXO
2023-10-12,5.049600124359131,4.992133331298828,16234691731,2354134010,21598171759.366665,0.9997079968452454,18588825741,24130219582.5,106.56999969482422,16.690000534057617,3.305540821696717,-0.0079374346351634,3.297603387061554,0.2541935483870968,12.75,103.10804516129032,81.84129032258065,-0.0348387096774192,2023-S2,4,2023,10,-40.537548901336116,3.297603387061554,0.03903646952592155,0.020368943006054963,-0.0348387096774192,0.2,22.04,33.19,32.3,23.69,BAIXO
2023-10-13,5.045899868011475,4.995203320185343,21158055012,2256260023,21619208487.63333,0.9999600052833556,23414315035,24120061253.63333,106.6500015258789,19.31999969482422,2.924144662210804,-1.0649726558563222,1.8591720063544812,0.2554838709677419,12.75,103.1290429032258,81.87322580645161,-0.0193548387096775,2023-S2,4,2023,10,-16.795398055486842,1.8591720063544814,0.039021237012626386,0.020364794912586248,-0.0193548387096775,0.2,22.03,27.44,31.74,23.84,BAIXO
2023-10-16,5.048200130462647,4.997599999109904,47707269941,4703592443,22130161221.13333,1.000548005104065,52410862384,24616900388.066666,106.23999786376952,17.209999084472656,1.9186493102328892,-0.4737932692971291,1.4448560409357605,0.2593548387096774,12.75,103.19203612903226,81.96903225806452,0.0270967741935481,2023-S2,4,2023,10,166.21257403672791,1.4448560409357825,0.11701804914758807,0.06108194552487678,0.0270967741935481,0.2,51.66,60.78,34.74,24.77,MEDIO
2023-10-17,5.037600040435791,5.000979995727539,38333912794,2840553486,22983589436.33333,1.0004040002822876,41174466280,25512178486.766663,106.25,17.8799991607666,1.3739170641629217,0.6802925629589618,2.0542096271218835,0.2606451612903226,12.75,103.21303387096776,82.00096774193548,0.0425806451612902,2023-S2,4,2023,10,109.20367741171648,2.0542096271218835,0.038960425652478925,0.02034821942000775,0.0425806451612902,0.2,32.68,63.22,34.83,25.17,MEDIO
2023-10-18,5.037399768829346,5.0033366521199545,32819081997,2648160709,23305241832.7,1.000226974487305,35467242706,25807589914.733334,106.56999969482422,19.21999931335449,1.6307448736595287,-0.207270722299957,1.4234741513595717,0.2619354838709677,12.75,103.23403161290324,82.03290322580645,0.0580645161290322,2023-S2,4,2023,10,66.46588006366237,1.4234741513595717,0.03894525241636693,0.020344079761991374,0.0580645161290322,0.2,30.0,60.69,31.01,25.54,BAIXO
2023-10-19,5.056099891662598,5.005973307291667,33070893762,2652500406,23745274151.533333,1.0004630088806152,35723394168,26234241104.033333,106.25,21.399999618530277,1.1326884342849564,0.4566153911617965,1.5893038254467529,0.2632258064516129,12.75,103.25502935483873,82.06483870967742,0.0735483870967743,2023-S2,4,2023,10,81.28851460134608,1.5893038254467307,0.03893009099418254,0.020339941788027893,0.0735483870967743,0.2,31.58,61.36,31.0,25.92,MEDIO
2023-10-20,5.062900066375732,5.008866643905639,40795586179,3464401132,24410757685.3,1.0005309581756592,44259987311,26911765363.366665,106.16000366210938,21.709999084472656,1.0181819026602756,0.7261580217410968,1.7443399244013724,0.2645161290322581,12.75,103.2760270967742,82.09677419354838,0.0890322580645164,2023-S2,4,2023,10,127.82004782401768,1.7443399244013724,0.03891494137209239,0.020335805497007087,0.0890322580645164,0.2,33.14,61.98,31.88,26.26,MEDIO
2023-10-23,5.031300067901611,5.010476652781168,50238491833,6974709631,25104679401.1,1.0003999471664429,57213201464,27733233740.533333,105.54000091552734,20.3700008392334,0.9276094707219684,0.0416915164065834,0.9693009871285518,0.2683870967741936,12.75,103.33902032258064,82.19258064516129,0.1354838709677421,2023-S2,4,2023,10,103.74077703634042,0.9693009871285518,0.11669941060903355,0.06099501266387808,0.1354838709677421,0.2,51.03,58.88,36.02,26.71,MEDIO
2023-10-24,5.01230001449585,5.013239987691244,60389981030,8074666907,26678438244.666668,1.0000150203704834,68464647937,29516617863.566666,106.2699966430664,18.96999931335449,1.4898267331043158,0.1919204948334973,1.6817472279378132,0.2696774193548387,12.75,103.36001806451614,82.22451612903225,0.1509677419354838,2023-S2,4,2023,10,126.80569570792919,1.681747227937791,0.038854460609827335,0.02031927714232218,0.1509677419354838,0.2,31.8,61.73,37.41,27.11,MEDIO
2023-10-25,4.991000175476074,5.014719994862874,37032981246,5304032294,27299177792.5,1.0004149675369265,42337013540,30215619822.733334,106.52999877929688,20.190000534057617,1.6798722846451009,-0.7822817071772237,0.8975905774678772,0.2709677419354839,12.75,103.3810158064516,82.25645161290323,0.1664516129032258,2023-S2,4,2023,10,80.41148605993867,0.8975905774678772,0.038839369782195377,0.020315149250804687,0.1664516129032258,0.2,30.47,58.59,34.39,27.52,MEDIO
2023-10-26,4.994699954986572,5.017363325754801,34400726384,4962675018,27864234439.366665,1.0001929998397827,39363401402,30856160541.3,106.5999984741211,20.68000030517578,1.128920188473037,0.4843752971924076,1.613295485665445,0.272258064516129,12.75,103.4020135483871,82.2883870967742,0.1819354838709679,2023-S2,4,2023,10,61.87357231215038,1.6132954856654447,0.03882429067236792,0.020311023036190257,0.1819354838709679,0.2,31.26,61.45,34.18,27.92,MEDIO
2023-10-27,4.985300064086914,5.0212666670481365,26940157935,4082394599,28061825395.866665,1.0002570152282717,31022552534,31107391821.366665,106.55999755859376,21.270000457763672,1.1773621984072946,1.228049308979795,2.4054115073870896,0.2735483870967742,12.75,103.4230112903226,82.32032258064517,0.1974193548387099,2023-S2,4,2023,10,39.618867884434096,2.4054115073870896,0.038809223266711435,0.020306898497368664,0.1974193548387099,0.2,32.39,64.62,34.52,28.47,MEDIO
2023-10-30,4.952030181884766,5.024101003011068,28763511481,3923554176,27336303301.43333,1.0005719661712646,32687065657,30449080201.366665,106.12000274658205,19.75,0.8745302519281184,0.8725434503219054,1.7470737022500238,0.2774193548387097,12.75,103.48600451612904,82.41612903225807,0.2438709677419357,2023-S2,4,2023,10,24.14380515344332,1.7470737022500238,0.11638250265484373,0.0609083268999111,0.2438709677419357,0.2,50.57,61.99,37.24,29.37,MEDIO
2023-10-31,5.04610013961792,5.030514335632324,29335341382,3514523823,27417886942.033333,1.0003149509429932,32849865205,30579091714.266663,106.66000366210938,18.13999938964844,1.3878391218827613,2.576146543825097,3.9639856657078583,0.2787096774193549,12.75,103.50700225806452,82.44806451612904,0.2593548387096778,2023-S2,4,2023,10,47.63690636740883,3.9639856657078587,0.038749070413723885,0.020290417079738,0.2593548387096778,0.2,36.29,70.86,37.69,30.04,MEDIO
2023-11-01,5.03410005569458,5.036124340693156,39913237495,4780026293,27622463154.966667,1.0006109476089478,44693263788,30803077486.9,106.87999725341795,16.8700008392334,1.6355967396455506,1.823241583958901,3.458838323604452,0.28,12.75,103.528,82.48,0.2748387096774194,2023-S2,4,2023,11,91.60426236631479,3.4588383236044518,0.038734061325018665,0.020286300904692744,0.2748387096774194,0.2,35.56,68.84,35.48,30.7,MEDIO
2023-11-02,4.953700065612793,5.038621012369791,37061602828,4727405731,27891437353.83333,1.0002130270004272,41789008559,31145601469.366665,106.12000274658205,15.65999984741211,0.7213383939139728,0.8138782905000363,1.5352166844140092,0.2893333333333334,12.25,103.57370333333334,82.53066666666668,0.2983655913978498,2023-S2,4,2023,11,-43.23523571481941,1.5352166844140092,0.06142903330101923,0.044145867140610306,0.2983655913978498,0.2,30.3,26.14,35.26,30.85,MEDIO
2023-11-03,4.952899932861328,5.039221016565959,30750864935,3917354437,28211835010.666668,1.0006500482559204,34668219372,31511214180.166668,105.0199966430664,14.90999984741211,-0.5304083901081724,0.8951599876900196,0.3647515975818471,0.2986666666666667,12.25,103.61940666666668,82.58133333333333,0.329935483870968,2023-S2,4,2023,11,87.2492760776071,0.36475159758184716,0.06139132120583923,0.04412638716435602,0.329935483870968,0.2,38.96,56.46,36.48,31.62,MEDIO
2023-11-06,4.899199962615967,5.038064352671305,28998480107,3704537072,29131935109.766663,1.0003169775009155,32703017179,32525309441.43333,105.22000122070312,14.890000343322754,-0.7358479049970557,0.032551979109141,-0.7032959258879146,0.3266666666666667,12.25,103.75651666666668,82.73333333333333,0.4729032258064518,2023-S2,4,2023,11,57.508029418013585,-0.7032959258879146,0.18406096615861678,0.13232077311644552,0.4729032258064518,0.2,50.35,55.0,39.2,32.5,MEDIO
2023-11-07,4.884099960327148,5.035257689158121,37131401565,4331266462,29953368127.466667,1.000568985939026,41462668027,33437055365.366665,105.54000091552734,14.8100004196167,-0.6495363076360228,-1.045206515284558,-1.6947428229205808,0.336,12.25,103.80222,82.784,0.5366451612903229,2023-S2,4,2023,11,112.79926732771885,-1.6947428229205808,0.06124093473005576,0.04404863887264021,0.5366451612903229,0.2,37.35,55.0,39.91,33.22,MEDIO
2023-11-08,4.871500015258789,5.031434361139933,31439123893,3483561051,30311864976.266663,1.0003550052642822,34922684944,33818419303.0,105.58999633789062,14.449999809265137,-1.0124700943035192,-1.287875737445121,-2.3003458317486403,0.3453333333333334,12.25,103.84792333333334,82.83466666666666,0.6084301075268819,2023-S2,4,2023,11,49.62155747871064,-2.3003458317486403,0.06120345316324993,0.04402924458970503,0.6084301075268819,0.2,35.91,55.0,37.82,33.89,MEDIO
2023-11-09,4.909299850463867,5.0270043532053625,71681797266,7796943402,32121765416.9,1.0000929832458496,79478740668,35808132966.9,105.91000366210938,15.289999961853027,-0.291844807975139,-2.343914100922506,-2.635758908897645,0.3546666666666667,12.25,103.89362666666668,82.88533333333334,0.6882580645161296,2023-S2,4,2023,11,205.07475229425606,-2.635758908897645,0.06116601744841077,0.04400986737753687,0.6882580645161296,0.2,38.63,55.0,38.15,34.64,MEDIO
2023-11-10,4.933899879455566,5.023707675933838,50393389957,5800619880,33136688467.9,0.9999979734420776,56194009837,36918002561.8,105.86000061035156,14.170000076293944,-0.2919822585853882,-1.673132871414984,-1.965115130000372,0.364,12.25,103.93933,82.936,0.7761290322580652,2023-S2,4,2023,11,49.33650961719989,-1.9651151300003722,0.061128627501449984,0.043990507213642616,0.7761290322580652,0.2,36.1,55.0,38.23,35.32,MEDIO
2023-11-13,4.893379211425781,5.018726984659831,47623447835,5884242661,35630843322.666664,1.0003739595413208,53507690496,39667340034.13333,105.66000366210938,14.760000228881836,-1.1599605669503577,-1.8030905100749008,-2.9630510770252583,0.392,12.25,104.07644,83.08800000000001,1.088,2023-S2,4,2023,11,40.99809560989722,-2.9630510770252583,0.18327384971543736,0.13191349222667625,1.088,0.2,50.46,55.0,41.11,35.75,MEDIO
2023-11-14,4.906199932098389,5.013550313313802,47902433059,5897076012,36811043613.066666,1.0002590417861938,53799509071,40998545615.4,104.11000061035156,14.15999984741211,-2.7009340090172307,-0.3673291176646831,-3.068263126681914,0.4013333333333334,12.25,104.12214333333334,83.13866666666667,1.2000000000000002,2023-S2,4,2023,11,65.22423562238255,-3.068263126681914,0.060979523717819006,0.0439132365916306,1.2000000000000002,0.2,37.13,55.0,40.85,36.06,MEDIO
2023-11-15,4.864500045776367,5.003490320841471,49894898098,6459430865,36883964551.63333,1.0007699728012085,56354328963,41129994501.36667,104.38999938964844,14.18000030517578,-2.2565576715774305,-3.5851430559862174,-5.841700727563648,0.4106666666666667,12.25,104.16784666666668,83.18933333333334,1.3120000000000005,2023-S2,4,2023,11,136.03316607541353,-5.841700727563648,0.06094236135614217,0.04389396133253065,1.3120000000000005,0.2,38.64,55.0,39.17,36.48,MEDIO
2023-11-16,4.860899925231934,4.993700313568115,52458412049,6587299689,37354781193.46667,1.000038981437683,59045711738,41725702683.3,104.37000274658205,14.31999969482422,-1.843317079582918,-3.8545102984510864,-5.697827378034004,0.42,12.25,104.21355,83.24000000000001,1.4240000000000004,2023-S2,4,2023,11,178.79194343859183,-5.697827378034004,0.06090524426209942,0.043874702987345415,1.4240000000000004,0.2,39.29,55.0,39.45,36.77,MEDIO
2023-11-17,4.862199783325195,4.983606974283855,45809290050,5656392614,37787788128.566666,1.0005780458450315,51465682664,42258984015.23333,103.81999969482422,13.800000190734863,-2.093550737020078,-3.768989064803996,-5.862539801824074,0.4293333333333333,12.25,104.25925333333332,83.29066666666667,1.5360000000000005,2023-S2,4,2023,11,139.18581477662352,-5.862539801824074,0.06086817235302355,0.04385546153387043,1.5360000000000005,0.2,38.96,55.0,39.89,37.0,MEDIO
2023-11-20,4.819177150726318,4.9727228800455725,40570824216,5715544230,37609408652.53333,1.0005970001220703,46286368446,42229723572.5,103.47000122070312,13.40999984741211,-2.4604077727188423,-3.885139549363781,-6.345547322082624,0.4573333333333333,12.25,104.39636333333334,83.44266666666667,1.872,2023-S2,4,2023,11,96.14385892927085,-6.3455473220826235,0.18249343663956363,0.1315087108495483,1.872,0.2,53.06,55.0,41.95,36.88,MEDIO
2023-11-21,4.851799964904785,4.963276211420695,48932459629,6746318099,38134417647.73333,1.0003889799118042,55678777728,42908277491.16666,103.58999633789062,13.350000381469728,-2.11660725163737,-3.4021662613920367,-5.518773513029407,0.4666666666666667,12.25,104.44206666666668,83.49333333333334,1.984,2023-S2,4,2023,11,181.46716977737788,-5.518773513029407,0.060720334920594254,0.04377866419293941,1.984,0.2,40.0,55.0,42.51,37.16,MEDIO
2023-11-22,4.8993000984191895,4.958219544092814,43622993259,5843849576,37913901028.6,1.0003379583358765,49466842835,42650065536.86667,103.91999816894533,12.850000381469728,-1.7955032426368756,-1.2078627499344297,-3.003365992571305,0.476,12.25,104.48777,83.544,2.096,2023-S2,4,2023,11,118.70877782824908,-3.003365992571305,0.06068348770360554,0.04375950686534846,2.096,0.2,39.35,55.0,40.92,37.57,MEDIO
2023-11-23,4.9054999351501465,4.953416204452514,28640324596,3906905702,36855579147.46667,1.000141978263855,32547230298,41452818282.23333,,,,,-2.8536950582254805,0.4853333333333334,12.25,104.53347333333332,83.59466666666667,2.208000000000001,2023-S2,4,2023,11,76.41434201865106,-2.8536950582254805,0.06064668517986593,0.043740366296773914,2.208000000000001,0.2,,55.0,41.55,38.1,
2023-11-24,4.902500152587891,4.948636213938396,40071555958,5071942600,36956864971.2,1.00035297870636,45143498558,41546367782.833336,103.4000015258789,12.460000038146973,-2.974568995048299,0.1326633057842752,-2.841905689264024,0.4946666666666667,12.25,104.57917666666668,83.64533333333334,2.3200000000000003,2023-S2,4,2023,11,89.39149149235608,-2.8419056892640238,0.060609927268084896,0.04372124246521114,2.3200000000000003,0.2,39.44,55.0,41.68,38.7,MEDIO
2023-11-27,4.900899887084961,4.943726205825806,38568585545,4857602258,37405879661.36667,0.9999799728393556,43426187803,41946947180.3,103.1999969482422,12.6899995803833,-3.234884695992779,0.3170082336706348,-2.9178764623221443,0.5226666666666667,12.25,104.71628666666668,83.79733333333333,2.6560000000000006,2023-S2,4,2023,11,-19.155747975731774,-2.9178764623221665,0.18171964166160404,0.13110640604583335,2.6560000000000006,0.2,46.32,20.0,42.86,38.52,MEDIO
2023-11-28,4.895500183105469,4.938989543914795,37720536626,4946072076,38065036424.833336,1.0003770589828491,42666608702,42686202823.93333,102.75,12.6899995803833,-3.285013115535562,0.4642282936021868,-2.8207848219333758,0.532,12.25,104.76199,83.848,2.7680000000000007,2023-S2,4,2023,11,-1.6000875551008376,-2.8207848219333753,0.06046334012219656,0.04364491407033988,2.7680000000000007,0.2,32.39,20.0,41.76,38.51,MEDIO
2023-11-29,4.869800090789795,4.933402887980143,35115076722,4806411317,38276755266.2,1.0002199411392212,39921488039,42927350236.66666,102.7699966430664,12.979999542236328,-3.2752972771139754,-0.0518096774825616,-3.327106954596537,0.5413333333333334,12.25,104.80769333333332,83.89866666666667,2.88,2023-S2,4,2023,11,6.995913917427288,-3.327106954596537,0.0604268040581335,0.04362587359529879,2.88,0.2,35.23,55.0,38.79,38.69,MEDIO
2023-11-30,4.904099941253662,4.928336222966512,29247809691,3955267282,38273837543.16666,1.000156044960022,33203076973,42939123962.26667,103.5,12.920000076293944,-2.8807353885854647,-0.1255333494903032,-3.006268738075768,0.5506666666666666,12.25,104.85339666666668,83.94933333333333,2.992000000000001,2023-S2,4,2023,11,-11.560268369259807,-3.006268738075768,0.060390312122549084,0.04360684972619655,2.992000000000001,0.2,31.46,20.0,37.36,38.68,MEDIO
2023-12-01,4.923099994659424,4.9236762205759685,36738335582,5045550334,38168007479.4,1.0001850128173828,41783885916,42842144699.86667,103.2699966430664,12.630000114440918,-2.804709041819853,0.0434443539236051,-2.761264687896248,0.56,12.25,104.8991,84.0,3.104,2023-S2,4,2023,12,-9.945317562536992,-2.7612646878962477,0.06035386423557387,0.04358784244120617,3.104,0.2,31.71,20.0,36.09,38.63,MEDIO
2023-12-04,4.902159214019775,4.919371525446574,74534917166,7360707792,39843865840.53333,0.999912977218628,81895624958,44635988362.66666,103.63999938964844,13.079999923706056,-2.373779375970741,-0.1929698168615656,-2.566749192832307,0.5464516129032259,12.25,104.86361774193549,83.91483870967743,3.3569032258064526,2023-S2,4,2023,12,48.36217100976046,-2.566749192832307,-0.10138248847925135,-0.03382513106835461,3.3569032258064526,0.2,29.54,55.0,35.16,37.89,BAIXO
2023-12-05,4.9430999755859375,4.91706485748291,59504264657,6856709757,40909359077.93333,1.0005459785461426,66360974414,45819346640.46667,104.0500030517578,12.850000381469728,-1.411784963847118,0.0311804766898848,-1.3806044871572332,0.5419354838709678,12.25,104.85179032258064,83.88645161290323,3.4135053763440864,2023-S2,4,2023,12,-1.466661121420132,-1.3806044871572332,-0.03382845895992803,-0.011278858778218659,3.4135053763440864,0.2,18.5,20.0,32.16,37.44,BAIXO
2023-12-06,4.927700042724609,4.9149548530578615,57074332907,6126970583,41845220837.93333,1.0000319480895996,63201303490,46835956184.16666,104.1500015258789,12.970000267028809,-1.9949140718504177,0.726628547387842,-1.2682855244625757,0.5374193548387097,12.25,104.8399629032258,83.85806451612903,3.4562580645161294,2023-S2,4,2023,12,54.117575703319055,-1.2682855244625757,-0.033839906478805304,-0.011280131048274633,3.4562580645161294,0.2,27.9,55.0,29.53,37.35,BAIXO
2023-12-07,4.901199817657471,4.911838181813558,52213979484,6488731738,42347973435.23333,1.0003169775009155,58702711222,47410624290.66666,103.54000091552734,13.0600004196167,-2.806719138300229,0.9347320685713756,-1.8719870697288528,0.5329032258064517,12.25,104.82813548387097,83.82967741935484,3.4851612903225817,2023-S2,4,2023,12,51.7816190889651,-1.8719870697288532,-0.03385136174796077,-0.011281403605367668,3.4851612903225817,0.2,28.4,55.0,28.96,37.25,BAIXO
2023-12-08,4.910099983215332,4.909331512451172,48979635040,6282261785,42932657140.13333,1.0001239776611328,55261896825,48088598020.03333,104.01000213623048,12.350000381469728,-2.429640126607868,0.9212037254911488,-1.5084364011167195,0.5283870967741936,12.25,104.81630806451614,83.80129032258064,3.5002150537634416,2023-S2,4,2023,12,81.80901224920751,-1.5084364011167195,-0.03386282477527702,-0.01128267644963099,3.5002150537634416,0.2,29.23,55.0,28.11,37.14,BAIXO
2023-12-11,4.893286228179932,4.907373380661011,73473005079,8980651787,42570692629.9,0.999547004699707,82453656866,47713731127.0,104.0999984741211,12.630000114440918,-2.3085577522840905,1.1222977428090308,-1.1862600094750595,0.5148387096774194,12.25,104.78082580645162,83.71612903225807,3.462279569892474,2023-S2,4,2023,12,155.43823162040997,-1.1862600094750597,-0.1016228867058766,-0.03385184874349356,3.462279569892474,0.2,34.77,55.0,28.58,36.59,MEDIO
2023-12-12,4.936699867248535,4.903726704915365,50960203250,6327509556,43133002018.53333,0.9997860193252563,57287712806,48374830424.566666,103.87000274658205,12.06999969482422,-2.1202411814604583,-0.0477750953165712,-2.168016276777029,0.5103225806451613,12.25,104.76899838709676,83.68774193548387,3.421935483870968,2023-S2,4,2023,12,73.71607368192721,-2.1680162767770295,-0.03390875462392362,-0.011287770700252331,3.421935483870968,0.2,26.54,55.0,27.84,36.26,BAIXO
2023-12-13,4.964499950408936,4.901406701405843,52038965688,6632941650,43280185946.96667,1.0001909732818604,58671907338,48546970985.96667,102.87000274658205,12.1899995803833,-3.553347820551156,2.1707748777088143,-1.3825729428423417,0.5058064516129033,12.25,104.75717096774194,83.65935483870967,3.367741935483872,2023-S2,4,2023,12,30.380217075898706,-1.3825729428423195,-0.03392025656049347,-0.011289044981721563,3.367741935483872,0.2,30.48,55.0,27.97,36.08,MEDIO
2023-12-14,4.918399810791016,4.900230026245117,50697278985,6352617430,43373347477.833336,1.000154972076416,57049896415,48655317230.76667,101.95999908447266,12.479999542236328,-4.603291818280786,3.8906880200245686,-0.7126037982562172,0.5012903225806452,11.75,104.7453435483871,83.63096774193549,3.313548387096775,2023-S2,4,2023,12,36.79192241167255,-0.7126037982562172,-0.03393176630265282,-0.01129031955099391,3.313548387096775,0.2,35.22,55.0,30.36,36.25,MEDIO
2023-12-15,4.914599895477295,4.898953358332316,45289072124,5589250638,43219819945.36667,1.0001499652862549,50878322762,48472783690.73333,102.5500030517578,12.279999732971191,-3.364115720341143,2.5908306165997708,-0.7732851037413724,0.4967741935483871,11.75,104.73351612903224,83.6025806451613,3.259354838709678,2023-S2,4,2023,12,47.27739274888789,-0.7732851037413724,-0.0339432838584286,-0.011291594408102679,3.259354838709678,0.2,32.24,55.0,30.98,36.02,MEDIO
2023-12-18,4.919657230377197,4.899635267257691,47767663338,5768924196,42840157922.03333,0.999758005142212,53536587534,48032225422.333336,102.51000213623048,12.5600004196167,-2.390015794198419,2.8075792314398607,0.4175634372414416,0.4832258064516129,11.75,104.69803387096776,83.51741935483871,3.096774193548388,2023-S2,4,2023,12,64.72471371514837,0.4175634372414416,-0.10186442770713233,-0.03387860865929904,3.096774193548388,0.2,37.04,56.67,32.22,35.56,MEDIO
2023-12-19,4.895899772644043,4.900028594334921,44657013334,5304568228,43375088048.36667,0.9998900294303894,49961581562,48631389948.96667,102.16999816894533,12.529999732971191,-2.898691328999614,3.140287783059581,0.2415964540599668,0.4787096774193549,11.75,104.6862064516129,83.48903225806451,3.0425806451612907,2023-S2,4,2023,12,20.267513349384657,0.24159645405996688,-0.03398943237648,-0.011296696716800447,3.0425806451612907,0.2,31.84,55.97,32.59,35.37,MEDIO
2023-12-20,4.866499900817871,4.899861923853556,50936892565,5626388921,43720623660.0,1.000025987625122,56563281486,48973953716.96667,102.41000366210938,13.670000076293944,-2.9656975803166508,2.8630574402108038,-0.1026401401058474,0.4741935483870967,11.75,104.67437903225806,83.46064516129033,2.9883870967741943,2023-S2,4,2023,12,62.017531844585605,-0.10264014010584743,-0.03400098911966465,-0.011297973014534612,2.9883870967741943,0.2,33.09,55.0,32.35,35.27,MEDIO
2023-12-21,4.914599895477295,4.90003859202067,48533420642,5752000926,43707322360.43333,1.0001460313796997,54285421568,48927508511.63333,101.83999633789062,13.649999618530272,-3.551472800510292,3.659432085436154,0.1079592849258626,0.4696774193548387,11.75,104.66255161290324,83.43225806451613,2.934193548387097,2023-S2,4,2023,12,-32.29324250632274,0.1079592849258626,-0.03401255372438294,-0.011299249600682515,2.934193548387097,0.2,27.3,20.43,32.46,34.88,BAIXO
2023-12-22,4.881800174713135,4.8983019351959225,52902171478,6215615616,44016628301.066666,1.000942945480347,59117787094,49249206653.6,101.6999969482422,13.029999732971191,-3.975079377108326,2.919125547170043,-1.0559538299382831,0.4651612903225806,11.75,104.65072419354838,83.40387096774194,2.880000000000001,2023-S2,4,2023,12,4.978394037671818,-1.0559538299382831,-0.03402412619858408,-0.011300526475410688,2.880000000000001,0.2,28.66,54.85,32.2,34.63,BAIXO
2023-12-25,4.86984395980835,4.897517426808675,61756563211,4515777689,45886469714.566666,1.0005619525909424,66272340900,51164167678.0,,,,,-0.4809611231943345,0.4516129032258064,11.75,104.61524193548388,83.31870967741936,2.71741935483871,2023-S2,4,2023,12,29.676800018693996,-0.4809611231943345,-0.10210711965097374,-0.03390541091611299,2.71741935483871,0.2,,55.0,31.7,34.06,
2023-12-26,4.869743824005127,4.896302223205566,63483140133,5897181585,46992580891.6,1.0002340078353882,69380321718,52367456519.833336,101.47000122070312,12.989999771118164,-4.1469859855821305,3.4039239702176376,-0.7430620153644929,0.4470967741935484,11.75,104.60341451612904,83.29032258064517,2.6632258064516128,2023-S2,4,2023,12,32.525920040031586,-0.7430620153644929,-0.03407049495137704,-0.011305636861347335,2.6632258064516128,0.2,32.88,55.0,31.8,33.91,MEDIO
2023-12-27,4.813499927520752,4.894602219263713,56078039633,6415682081,47576229361.2,1.000694990158081,62493721714,53003040983.53333,100.98999786376952,12.43000030517578,-4.419842548249453,3.371428162892498,-1.048414385356955,0.4425806451612903,11.75,104.5915870967742,83.26193548387097,2.609032258064516,2023-S2,4,2023,12,12.392332223738611,-1.048414385356955,-0.03408210689388458,-0.011306915180098187,2.609032258064516,0.2,31.0,55.0,30.8,33.64,MEDIO
2023-12-28,4.826099872589111,4.893442217508952,59086706628,6962497226,48288435027.93333,1.0011860132217407,66049203854,53782460821.93333,101.2300033569336,12.470000267028809,-2.7663022154776677,2.050384315950826,-0.7159178995268412,0.4380645161290322,11.75,104.57975967741936,83.23354838709677,2.554838709677419,2023-S2,4,2023,12,12.635332104236575,-0.7159178995268412,-0.034093726754280684,-0.011308193787995524,2.554838709677419,0.2,27.53,55.0,30.08,33.22,BAIXO
2023-12-29,4.850200176239014,4.89304223060608,52443392742,6732719103,48866045561.93333,1.0004489421844482,59176111845,54424281615.46667,101.33000183105467,12.449999809265137,-2.931312938485553,2.684519149235387,-0.2467937892501659,0.4335483870967742,11.75,104.56793225806452,83.20516129032258,2.500645161290323,2023-S2,4,2023,12,14.482002853043552,-0.24679378925016593,-0.034105354540669985,-0.011309472685083755,2.500645161290323,0.2,29.35,55.0,29.45,32.87,BAIXO
2024-01-01,4.850500106811523,4.894086329142253,35556530943,3619152850,48972812240.86667,1.0003679990768433,39175683793,54469426971.16666,,,,,0.6499648198341035,0.42,11.75,104.53245,83.12,2.338064516129032,2024-S1,1,2024,1,-12.359357666247517,0.6499648198341035,-0.10235097078343802,-0.0339322556144217,2.338064516129032,0.2,,22.6,29.88,32.13,
2024-01-02,4.852399826049805,4.8941063245137535,59445456300,7168716923,49870773635.46667,1.0005069971084597,66614173223,55491929589.66666,102.1999969482422,13.199999809265137,-2.079147016608573,2.09151069914616,0.0123636825375861,0.4332258064516129,11.75,104.53977774193548,83.14774193548388,2.3016129032258057,2024-S1,1,2024,1,21.48470923127157,0.01236368253758613,0.0333757645378574,0.007010016445119227,2.3016129032258057,0.2,34.89,55.05,31.13,31.94,MEDIO
2024-01-03,4.922500133514404,4.894879659016927,87663506544,9659438355,50308393281.4,1.0006569623947144,97322944899,56006173587.7,102.45999908447266,14.039999961853027,-1.3099601371115766,1.7834978798332513,0.4735377427216747,0.4464516129032257,11.75,104.54710548387096,83.17548387096775,2.282903225806452,2024-S1,1,2024,1,100.95710998903971,0.4735377427216747,0.03336462883789526,0.007009525076262513,2.282903225806452,0.2,36.9,56.89,32.09,31.85,MEDIO
2024-01-04,4.9191999435424805,4.8953363259633385,54080510298,6513854273,50127601469.43333,1.0010319948196411,60594364571,55813953259.6,102.41999816894533,14.130000114440918,-1.0147898321931417,1.294068367988599,0.2792785357954574,0.4596774193548387,11.75,104.55443322580643,83.20322580645161,2.281935483870967,2024-S1,1,2024,1,88.82645731449936,0.27927853579545747,0.033353500566213334,0.0070090337762618304,2.281935483870967,0.2,35.39,56.12,32.51,31.97,MEDIO
2024-01-05,4.895599842071533,4.895106315612793,53743098427,6668210536,50016560320.1,1.000877022743225,60411308963,55720953442.03333,102.41000366210938,13.350000381469728,-1.1390990611992555,0.9983482136400768,-0.140750847559179,0.4729032258064516,11.75,104.56176096774192,83.23096774193549,2.298709677419355,2024-S1,1,2024,1,34.11782283505409,-0.140750847559179,0.03334237971543974,0.007008542545161589,2.298709677419355,0.2,32.87,55.0,32.82,31.74,MEDIO
2024-01-08,4.8606672286987305,4.893765226999919,61906019146,7434325806,49356453325.0,1.000599026679993,69340344952,54950033696.0,102.20999908447266,13.079999923706056,-1.6454956837977153,0.8245717858773927,-0.8209238979203226,0.5125806451612903,11.75,104.58374419354838,83.3141935483871,2.4554838709677416,2024-S1,1,2024,1,60.50891748096643,-0.8209238979203226,0.09999379883418591,0.02102415414870773,2.4554838709677416,0.2,50.82,55.0,36.7,31.9,MEDIO
2024-01-09,4.86899995803833,4.892881886164347,61396977432,7685031179,50318970009.63333,1.0001660585403442,69082008611,56050700399.73333,102.56999969482422,12.760000228881836,-0.8027096893678087,0.2613916610569977,-0.541318028310811,0.5258064516129032,11.75,104.59107193548388,83.34193548387097,2.5432258064516127,2024-S1,1,2024,1,62.768038113435296,-0.541318028310811,0.03329797037254778,0.007006578309098899,2.5432258064516127,0.2,32.39,55.0,37.21,31.9,MEDIO
2024-01-10,4.905099868774414,4.894058545430501,80427898461,10293999660,50550799789.03333,1.000223994255066,90721898121,56326308441.566666,102.36000061035156,12.6899995803833,-0.8139499638860515,1.5388211562658127,0.7248711923797613,0.5390322580645162,11.75,104.59839967741937,83.36967741935484,2.6487096774193546,2024-S1,1,2024,1,129.04093047477522,0.7248711923797613,0.033286886514938274,0.007006087422078977,2.6487096774193546,0.2,37.18,57.9,37.21,31.97,MEDIO
2024-01-11,4.89139986038208,4.893635209401449,78116360556,9752773344,51456005032.566666,1.0002470016479492,87869133900,57345689144.7,102.29000091552734,12.4399995803833,-0.4476876734527013,0.1887190344829314,-0.2589686389697698,0.552258064516129,11.75,104.60572741935484,83.39741935483872,2.7719354838709678,2024-S1,1,2024,1,167.08448044927482,-0.25896863896976985,0.03327581003382818,0.007005596603848474,2.7719354838709678,0.2,34.32,55.0,37.12,32.07,MEDIO
2024-01-12,4.869699954986572,4.89185520807902,71993899911,9173229465,52121169506.66666,0.999908983707428,81167129376,58095529879.3,102.4000015258789,12.699999809265137,-0.3600225058608686,-0.7246607167179953,-1.0846832225788638,0.5654838709677419,11.75,104.61305516129032,83.42516129032259,2.912903225806451,2024-S1,1,2024,1,95.96396725787848,-1.0846832225788638,0.03326474092182341,0.007005105854385185,2.912903225806451,0.2,32.98,55.0,36.56,32.12,MEDIO
2024-01-15,4.85290002822876,4.89021323521932,41325317168,4968009259,51596787284.96667,0.9997230172157288,46293326427,57493216878.6,,,,,-1.0048467142833362,0.6051612903225806,11.75,104.63503838709676,83.5083870967742,3.389032258064516,2024-S1,1,2024,1,-44.555761595652456,-1.0048467142833362,0.09976103751478949,0.021013845521045127,3.389032258064516,0.2,,20.0,36.76,32.21,
2024-01-16,4.862199783325195,4.887516562143961,43063894677,5325841668,51872488522.8,0.9998689889907836,48389736345,57806317602.93333,103.36000061035156,13.84000015258789,-0.135265110771432,-1.5013635769004718,-1.6366286876719038,0.6183870967741936,11.75,104.64236612903224,83.53612903225807,3.547741935483871,2024-S1,1,2024,1,-27.628893617570284,-1.6366286876719038,0.03322053801819713,0.007003143543915513,3.547741935483871,0.2,25.2,20.0,35.48,32.46,BAIXO
2024-01-17,4.924900054931641,4.8874232292175295,39917312476,5296515232,51610810160.73333,0.9991880059242249,45213827708,57528892275.4,103.4499969482422,14.789999961853027,0.17430067882922,-0.2311220715416784,-0.0568213927124583,0.6316129032258064,11.75,104.64969387096774,83.56387096774193,3.7064516129032254,2024-S1,1,2024,1,-30.060833928548192,-0.05682139271245834,0.0332095056417403,0.007002653138088455,3.7064516129032254,0.2,25.41,20.0,31.25,32.37,BAIXO
2024-01-18,4.934000015258789,4.888516569137574,46185843187,6065965043,51661771155.833336,0.9992049932479858,52251808230,57605233164.333336,103.54000091552734,14.130000114440918,-0.0964863708124319,0.7657142909463843,0.6692279201339524,0.6448387096774193,11.75,104.65702161290322,83.59161290322581,3.8651612903225807,2024-S1,1,2024,1,-11.54506198641153,0.6692279201339524,0.03319848059046837,0.007002162800895384,3.8651612903225807,0.2,27.6,22.68,30.45,32.34,BAIXO
2024-01-19,4.92609977722168,4.889049895604452,46650934337,5781605843,51518905881.566666,0.9991859793663024,52432540180,57467541787.46667,103.29000091552734,13.300000190734863,-0.7304200998941024,1.0562748495130725,0.3258547496189701,0.6580645161290323,11.75,104.6643493548387,83.61935483870968,4.023870967741935,2024-S1,1,2024,1,-4.754426408237277,0.3258547496189701,0.03318746285705387,0.007001672532380709,4.023870967741935,0.2,28.56,21.3,29.01,32.31,BAIXO
2024-01-22,4.904642105102539,4.889428424835205,49537774963,7125306569,50154733825.73333,0.9988530278205872,56663081532,55988298207.833336,103.33000183105467,13.1899995803833,-0.7873256676049767,1.019396231088665,0.2320705634836883,0.697741935483871,11.75,104.68633258064516,83.70258064516129,4.5,2024-S1,1,2024,1,-32.576903708054736,0.23207056348368837,0.09952935730266343,0.02100354699756668,4.5,0.2,46.15,20.93,30.98,32.73,MEDIO
2024-01-23,4.98829984664917,4.891148424148559,52394904183,6820740579,50253085356.6,0.9992470145225524,59215644762,56165686456.26667,103.62000274658205,12.550000190734863,0.0772665929566152,0.9679656631698564,1.0452322561264715,0.7109677419354838,11.75,104.69366032258064,83.73032258064516,4.658709677419355,2024-S1,1,2024,1,2.8153359710157755,1.0452322561264715,0.033143464956575386,0.006999712144706294,4.658709677419355,0.2,31.68,43.89,30.77,32.92,MEDIO
2024-01-24,4.952199935913086,4.890738423665365,38440622439,5374964637,49475887330.86667,0.999737024307251,43815587076,55417127995.46667,103.23999786376952,13.140000343322754,-0.740317523936207,0.4925581399354839,-0.247759384000723,0.7241935483870967,11.75,104.70098806451612,83.75806451612904,4.81741935483871,2024-S1,1,2024,1,-26.131079027452174,-0.24775938400074526,0.03313248370344635,0.006999222219294943,4.81741935483871,0.2,28.13,20.0,30.39,32.84,BAIXO
2024-01-25,4.932499885559082,4.891208426157633,33716145309,4814403169,48483654170.066666,0.9997169971466064,38530548478,54388802220.8,103.56999969482422,13.449999809265137,-0.5091246753751166,0.7958048012390417,0.2866801258639251,0.7374193548387097,11.75,104.7083158064516,83.78580645161291,4.976129032258064,2024-S1,1,2024,1,-33.49515795714455,0.2866801258639251,0.03312150972463179,0.006998732362450966,4.976129032258064,0.2,29.12,21.15,30.95,32.61,BAIXO
2024-01-26,4.915800094604492,4.891248432795207,42091434921,5487181666,48017434013.0,0.9999859929084778,47578616587,53891632049.9,103.47000122070312,13.260000228881836,-0.3850982144044224,0.4095193097676919,0.0244210953632695,0.7506451612903225,11.75,104.71564354838708,83.81354838709677,5.134838709677419,2024-S1,1,2024,1,-7.060505002718919,0.02442109536326953,0.03311054301289307,0.006998242574196567,5.134838709677419,0.2,28.33,20.1,31.37,32.47,BAIXO
2024-01-29,4.913599967956543,4.891046524047852,35674653681,4920736968,46190641335.66666,1.0001250505447388,40595390649,51896336591.9,103.61000061035156,13.600000381469728,0.7193524292912645,-0.8424760969982903,-0.1231236677070257,0.7903225806451613,11.75,104.73762677419354,83.8967741935484,5.610967741935484,2024-S1,1,2024,1,-25.3163098463303,-0.12312366770702576,0.0992987506831744,0.020993258563417605,5.610967741935484,0.2,44.9,20.0,33.84,32.76,MEDIO
2024-01-30,4.950200080871582,4.892856534322103,41189878063,5630117915,46458329343.7,1.0000280141830444,46819995978,52232741447.63333,103.4000015258789,13.3100004196167,1.4123209634527625,-0.3032233358635894,1.1090976275891729,0.8035483870967741,11.75,104.74495451612904,83.92451612903226,5.769677419354839,2024-S1,1,2024,1,-7.763921077902147,1.1090976275891729,0.03306674869270054,0.006996284106475237,5.769677419354839,0.2,28.09,24.44,33.77,32.62,BAIXO
2024-01-31,4.950300216674805,4.895649878184001,41189878063,7284362922,46646107581.03333,1.0000280141830444,48474240985,52542693354.03333,103.2699966430664,14.350000381469728,0.702090268047284,1.019893037507691,1.721983305554975,0.8167741935483871,11.75,104.75228225806453,83.95225806451613,5.928387096774193,2024-S1,1,2024,1,-19.135471386602443,1.721983305554975,0.03305581820838288,0.006995794660791255,5.928387096774193,0.2,30.94,26.89,31.6,32.54,MEDIO
2024-02-01,4.951900005340576,4.896893215179444,37397906057,5394329612,45911189239.6,0.9999330043792723,42792235669,51748628768.9,103.0500030517578,13.880000114440918,0.5267787574618321,0.2321865836965919,0.7589653411584241,0.83,11.25,104.75961,83.98,6.087096774193547,2024-S1,1,2024,2,-22.94401350182912,0.7589653411584241,0.03304489494797558,0.006995305283585829,6.087096774193547,0.2,29.1,23.04,31.23,32.61,BAIXO
2024-02-02,4.914999961853027,4.897999874750773,32455547367,4598678104,44070923933.7,0.9997140169143676,37054225471,49739671454.63333,103.91999816894533,13.850000381469728,1.712831585947816,-1.032758949794843,0.680072636152973,0.8068965517241379,11.25,104.75788896551724,83.99448275862069,6.2094771968854285,2024-S1,1,2024,2,-38.649876819334295,0.680072636152973,0.01724548537829218,-0.0016428416283353897,6.2094771968854285,0.2,24.88,22.72,30.77,32.47,BAIXO
2024-02-05,4.932938098907471,4.900103012720744,30574227480,4507910878,41813785936.2,0.998794972896576,35082138358,47257902005.16666,104.4499969482422,13.670000076293944,1.99198634233384,-0.696377291615824,1.2956090507180162,0.7375862068965517,11.25,104.75272586206896,84.03793103448277,6.358642936596217,2024-S1,1,2024,2,-50.49234301536689,1.2956090507180162,0.051727535470313946,-0.00492860585419308,6.358642936596217,0.2,34.5,25.18,31.53,32.54,MEDIO
2024-02-06,4.949943065643311,4.90277632077535,31068605844,4415864090,41760510813.2,0.9999819993972778,35484469934,47236675486.333336,104.18000030517578,13.0600004196167,2.297725894963065,-0.6508375875567074,1.6468883074063578,0.7144827586206897,11.25,104.7510048275862,84.05241379310345,6.335706340378197,2024-S1,1,2024,2,-51.06006763542275,1.64688830740638,0.017233597308274895,-0.0016429495925729398,6.335706340378197,0.2,25.04,26.59,31.06,32.26,BAIXO
2024-02-07,4.962299823760986,4.907736317316691,36206749333,5719303290,40903868486.1,0.9998239874839784,41926052623,46322865742.03333,104.04000091552734,12.829999923706056,2.3008889257647214,0.7904146678945345,3.091303593659256,0.6913793103448276,11.25,104.74928379310344,84.06689655172414,6.276440489432703,2024-S1,1,2024,2,-35.435065901102625,3.091303593659256,0.017230627851261282,-0.0016429765858472223,6.276440489432703,0.2,27.02,32.37,28.51,32.12,BAIXO
2024-02-08,4.969299793243408,4.912509648005168,41495353803,6233371927,40240481031.8,1.000195026397705,47728725730,45611089646.0,104.1500015258789,12.789999961853027,2.641175000428575,0.3260226215608064,2.9671976219893814,0.6682758620689655,11.25,104.74756275862067,84.08137931034483,6.180845383759733,2024-S1,1,2024,2,-29.772099053941538,2.9671976219893814,0.0172276594173848,-0.0016430035800207854,6.180845383759733,0.2,25.68,31.87,28.17,32.05,BAIXO
2024-02-09,4.991899967193604,4.917232974370321,55541686302,8069980546,39410940626.5,1.0004899501800537,63611666848,44707415270.23333,104.08000183105467,12.93000030517578,3.0597128751833624,-0.1381882822650615,2.921524592918301,0.6451724137931034,11.25,104.74584172413792,84.09586206896552,6.048921023359288,2024-S1,1,2024,2,5.907881618648014,2.921524592918323,0.017224692006090336,-0.0016430305750603225,6.048921023359288,0.2,28.3,66.69,27.79,32.01,BAIXO
2024-02-12,4.953100204467773,4.920652977625529,50194735130,6739557067,36795022857.46667,1.0002789497375488,56934292197,41788548964.86667,104.16999816894533,13.93000030517578,2.9042721668647964,-0.789024349177514,2.1152478176872824,0.5758620689655172,11.25,104.74067862068964,84.13931034482759,5.435172413793103,2024-S1,1,2024,2,41.1688199010928,2.1152478176872824,0.051665176850734795,-0.004929172713008523,5.435172413793103,0.2,40.31,63.46,29.39,32.3,MEDIO
2024-02-13,4.952199935913086,4.923979647954305,57692446059,6825450889,37549616612.96667,1.0005919933319092,64517896948,42641130247.43333,104.95999908447266,15.850000381469728,3.5823519074540178,-1.5256353663414934,2.0567165411125243,0.5527586206896551,11.25,104.7389575862069,84.15379310344828,5.157931034482758,2024-S1,1,2024,2,-2.9489389940135724,2.0567165411125243,0.017212832576518622,-0.0016431385641224594,5.157931034482758,0.2,23.49,28.23,29.19,31.91,BAIXO
2024-02-14,4.952000141143799,4.924962981541952,64385254811,6680249701,38318281201.066666,1.000931978225708,71065504512,43466869516.93333,104.72000122070312,14.380000114440918,2.465757678776792,-1.8664685608640097,0.5992891179127824,0.5296551724137931,11.25,104.73723655172414,84.16827586206897,4.880689655172413,2024-S1,1,2024,2,-26.55409605514263,0.5992891179127824,0.017209870270362693,-0.001643165563625093,4.880689655172413,0.2,23.12,22.4,27.57,31.43,BAIXO
2024-02-15,4.968299865722656,4.926599645614624,69469934488,7527179544,39198482528.1,1.0009440183639526,76997114032,44420448773.16666,104.3000030517578,14.010000228881836,1.7958266481811869,-0.7976984414871158,0.9981282066940712,0.506551724137931,11.25,104.73551551724138,84.18275862068965,4.603448275862069,2024-S1,1,2024,2,28.456506984123497,0.9981282066940711,0.01720690898363575,-0.0016431925639937006,4.603448275862069,0.2,29.12,58.99,28.15,31.21,BAIXO
2024-02-16,4.972400188446045,4.929159657160441,53607476361,5614125794,39654821324.26667,1.0006519556045532,59221602155,44887374588.066666,104.27999877929688,14.239999771118164,1.8160521808284316,-0.247289437711462,1.5687627431169693,0.4834482758620689,11.25,104.7337944827586,84.19724137931036,4.326206896551724,2024-S1,1,2024,2,-0.25235252519766327,1.5687627431169693,0.017203948715871498,-0.0016432195652837933,4.326206896551724,0.2,22.39,26.28,27.49,30.85,BAIXO
2024-02-19,4.965099811553955,4.932640743255615,49248059896,5396207837,40511707433.96667,1.0001020431518557,54644267733,45693670672.66666,,,,,2.148523606772046,0.4141379310344827,11.25,104.72863137931034,84.24068965517242,3.494482758620689,2024-S1,1,2024,2,-20.447057369570633,2.148523606772046,0.051602968399322435,-0.00492973970221966,3.494482758620689,0.2,,28.59,27.79,30.14,
2024-02-20,4.956399917602539,4.935554075241089,66817806001,7544920935,42007180205.53333,1.0001699924468994,74362726936,47365070301.7,104.08000183105467,15.420000076293944,1.6306982806633783,0.1643306845745096,1.795028965237888,0.3910344827586207,11.25,104.7269103448276,84.2551724137931,3.2172413793103445,2024-S1,1,2024,2,8.829145661126091,1.7950289652378881,0.017192117823316977,-0.001643327579170517,3.2172413793103445,0.2,25.65,62.18,27.35,29.9,BAIXO
2024-02-21,4.926400184631348,4.936264085769653,59273333052,6349227247,42331698808.5,1.0000139474868774,65622560299,47663719593.93333,104.01000213623048,15.34000015258789,1.7610831306926975,-1.326834768237739,0.4342483624549587,0.3679310344827586,11.25,104.72518931034485,84.26965517241379,2.9399999999999995,2024-S1,1,2024,2,-26.302521654545007,0.4342483624549587,0.01718916264221715,-0.0016433545848792974,2.9399999999999995,0.2,20.57,21.74,24.06,29.31,BAIXO
2024-02-22,4.934899806976318,4.937714083989461,55760174038,6826866133,42443874470.333336,0.9993600249290466,62587040171,47776099440.9,103.95999908447266,14.539999961853027,1.355171486579021,-0.4658566107585749,0.8893148758204461,0.3448275862068966,11.25,104.72346827586206,84.2841379310345,2.6627586206896554,2024-S1,1,2024,2,-28.619083581055104,0.8893148758204461,0.017186208476904774,-0.0016433815914984606,2.6627586206896554,0.2,20.2,23.56,23.51,28.8,BAIXO
2024-02-23,4.962399959564209,4.940804084142049,49400677249,4974874020,42809209630.66666,0.9998980164527892,54375551269,48128098247.333336,103.94000244140624,13.75,1.543573487332428,0.3600346494011752,1.9036081367336035,0.3217241379310345,11.25,104.7217472413793,84.29862068965518,2.3855172413793104,2024-S1,1,2024,2,-31.382134722428013,1.9036081367336033,0.017183255326802538,-0.0016434085989391889,2.3855172413793104,0.2,20.77,27.61,23.12,28.37,BAIXO
2024-02-26,4.993500232696533,4.945490757624309,62980327478,6783326949,43959342075.86667,1.0007179975509644,69763654427,49282968704.13333,103.83000183105467,13.739999771118164,1.5055243931409334,1.3917165071438031,2.897240900284737,0.2524137931034482,11.25,104.71658413793104,84.34206896551724,1.5537931034482764,2024-S1,1,2024,2,52.40131666011367,2.8972409002847366,0.05154090957433244,-0.004930306821915309,1.5537931034482764,0.2,39.23,66.59,24.8,28.74,MEDIO
2024-02-27,4.978899955749512,4.949380763371786,81780866102,8273690025,45706069084.36667,1.0003540515899658,90054556127,51157230588.833336,103.83000183105467,13.43000030517578,1.3964846522139809,1.0036670820799731,2.400151734293954,0.2293103448275862,11.25,104.71486310344828,84.35655172413793,1.2765517241379305,2024-S1,1,2024,2,89.90587524745723,2.400151734293954,0.01717145286845856,-0.0016435166377171129,1.2765517241379305,0.2,29.46,64.6,25.98,28.89,BAIXO
2024-02-28,4.932400226593018,4.949630769093831,128007189181,11959164677,48783820267.7,1.001060962677002,139966353858,54469596029.13333,103.9800033569336,13.84000015258789,0.5998478549930741,-0.4475570150222818,0.1522908399707923,0.2062068965517242,11.25,104.71314206896552,84.37103448275863,0.9993103448275864,2024-S1,1,2024,2,220.6808806528832,0.1522908399707923,0.017168504786746475,-0.00164354364963204,0.9993103448275864,0.2,28.01,55.61,26.27,28.98,BAIXO
2024-02-29,4.967299938201904,4.950740766525269,111968615893,10631188477,51143111528.7,1.0004019737243652,122599804370,56995589642.2,104.16000366210938,13.399999618530272,0.6863284048451046,-0.0114211725765089,0.6749072322685956,0.1831034482758621,11.25,104.71142103448275,84.38551724137932,0.7220689655172414,2024-S1,1,2024,2,142.43059813730105,0.6749072322685956,0.017165557717135904,-0.0016435706624462476,0.7220689655172414,0.2,26.98,57.7,26.46,28.96,BAIXO
2024-03-01,4.969799995422363,4.952197440465292,76389482142,7468283734,52316431664.66666,1.0006779432296753,83857765876,58175040471.9,103.86000061035156,13.109999656677246,0.3090590032786444,0.578056974411334,0.8871159776899784,0.16,11.25,104.7097,84.4,0.4448275862068969,2024-S1,1,2024,3,63.74695003999873,0.8871159776899784,0.01716261165913835,-0.0016435976761264293,0.4448275862068969,0.2,26.62,58.55,27.32,28.89,BAIXO
2024-03-04,4.952700138092041,4.953799374898275,123818816561,10518120570,58062926041.3,1.001291036605835,134336937131,64233383969.3,103.83000183105467,13.489999771118164,0.5228007655542211,0.4570471409730325,0.9798479065272536,0.1812903225806451,11.25,104.71426,84.42419354838711,-0.2056952169076749,2024-S1,1,2024,3,149.94828018311455,0.9798479065272536,0.028665341690881085,0.004354897397274016,-0.2056952169076749,0.2,29.99,58.92,28.72,28.33,BAIXO
2024-03-05,4.944900035858154,4.952352714538574,189867087465,18001924574,63655802700.9,1.0013079643249512,207869012039,70335170045.6,103.8000030517578,14.460000038146973,0.4548545556706473,-1.3248866733303166,-0.8700321176596693,0.1883870967741935,11.25,104.71578,84.43225806451613,-0.362135706340378,2024-S1,1,2024,3,262.3770105616571,-0.8700321176596693,0.00955237567581424,0.0014515692513983325,-0.362135706340378,0.2,24.46,55.0,29.25,28.08,BAIXO
2024-03-06,4.957099914550781,4.952516047159831,128487768220,12709293551,66919587392.23333,1.000445008277893,141197061771,73872334159.36667,103.37000274658205,14.5,-0.2412661584379694,0.3402116513725572,0.0989454929345878,0.1954838709677419,11.25,104.7173,84.44032258064517,-0.4883759733036705,2024-S1,1,2024,3,234.24996804849476,0.09894549293458788,0.009551463284185324,0.0014515481811860909,-0.4883759733036705,0.2,25.34,55.4,27.27,27.99,BAIXO
2024-03-07,4.943600177764893,4.952886056900025,95225950701,10388182989,69058165554.13333,1.0014009475708008,105614133690,76209989617.9,102.81999969482422,14.4399995803833,-0.4068172972063855,0.6318612396970624,0.2250439424906769,0.2025806451612903,11.25,104.71882,84.4483870967742,-0.5844160177975528,2024-S1,1,2024,3,182.4342754139837,0.22504394249067694,0.00955055106679481,0.0014515271115733697,-0.5844160177975528,0.2,25.89,55.9,26.76,27.88,BAIXO
2024-03-08,4.933800220489502,4.953486061096191,108030960578,10713621716,71452305928.96666,1.0021899938583374,118744582294,78770607273.6,102.73999786376952,14.739999771118164,-0.801392134305634,1.1675609275559218,0.3661687932502877,0.2096774193548387,11.25,104.72034,84.45645161290324,-0.650255839822024,2024-S1,1,2024,3,156.65782309574308,0.3661687932502877,0.009549639023642698,0.001451506042560169,-0.650255839822024,0.2,27.0,56.46,26.61,27.83,BAIXO
2024-03-11,4.977540016174316,4.955617396036784,118434243798,12100716195,75901109605.36667,1.0002750158309937,130534959993,83446292909.1,102.87000274658205,15.220000267028809,-0.5798767440248542,1.8811639598086072,1.301287215783753,0.2309677419354838,11.25,104.7249,84.48064516129033,-0.6665739710789764,2024-S1,1,2024,3,231.9842845764667,1.301287215783753,0.028646181464009324,0.004354454922528284,-0.6665739710789764,0.2,34.25,60.21,27.65,27.46,MEDIO
2024-03-12,4.977399826049805,4.956524054209392,115805937864,12511458622,78713536812.56667,1.0000920295715332,128317396486,86539970142.7,102.95999908447266,13.84000015258789,-0.6273540411638301,1.1768216330562795,0.5494675918924496,0.2380645161290322,11.25,104.72642,84.48870967741937,-0.6116129032258062,2024-S1,1,2024,3,181.15144620451312,0.5494675918924496,0.009545992592308039,0.0014514217726580014,-0.6116129032258062,0.2,27.29,57.2,27.75,27.43,BAIXO
2024-03-13,4.968699932098389,4.957137378056844,95338044782,10114698359,80218313800.96666,1.0005170106887815,105452743141,88157251840.83333,102.79000091552734,13.75,-0.5899425544968584,0.961631434326915,0.3716888798300566,0.2451612903225806,11.25,104.72794,84.49677419354839,-0.5264516129032257,2024-S1,1,2024,3,131.45988593649216,0.3716888798300566,0.009545081419526369,0.0014514007067090162,-0.5264516129032257,0.2,26.13,56.49,27.19,27.27,BAIXO
2024-03-14,4.969200134277344,4.957714049021403,116520409213,13013493200,82179245906.1,0.9996790289878844,129533902413,90324452023.0,103.36000061035156,14.399999618530272,0.0871540333212461,0.2622094214761006,0.3493634547973467,0.252258064516129,11.25,104.72946,84.50483870967743,-0.4412903225806452,2024-S1,1,2024,3,211.56934036736033,0.34936345479734676,0.009544170420716647,0.001451379641381756,-0.4412903225806452,0.2,25.13,56.4,27.29,27.13,BAIXO
2024-03-15,4.992700099945068,4.960304053624471,145040404215,17489269628,84867750886.23334,1.0001239776611328,162529673843,93373257667.36668,103.43000030517578,14.40999984741211,0.3687503562975314,1.212127338414537,1.5808776947120684,0.2593548387096774,11.25,104.73098,84.51290322580645,-0.3561290322580648,2024-S1,1,2024,3,346.88941022906147,1.5808776947120684,0.009543259595745646,0.001451358576654016,-0.3561290322580648,0.2,27.6,61.32,27.61,27.23,BAIXO
2024-03-18,4.968047142028809,4.961474355061849,98373958984,12802524795,88935846589.13333,0.9999160170555116,111176483779,98114026290.2,103.58000183105467,14.329999923706056,-0.3271712316024966,1.0388980446576546,0.711726813055158,0.2806451612903226,11.25,104.73554,84.53709677419356,-0.1006451612903225,2024-S1,1,2024,3,221.75452036638018,0.711726813055158,0.028627046833862302,0.004354012537644003,-0.1006451612903225,0.2,32.06,57.85,28.49,27.14,MEDIO
2024-03-19,5.029399871826172,4.964122915267945,137581151030,14129126750,91871627505.83331,0.9994800090789796,151710277780,101391982790.16669,103.80999755859376,13.81999969482422,-0.612732798800919,2.217939265403679,1.60520646660276,0.2877419354838709,11.25,104.73706,84.54516129032258,-0.015483870967742,2024-S1,1,2024,3,342.8301408850304,1.6052064666027377,0.009539618033693742,0.0014512743238714876,-0.015483870967742,0.2,30.21,61.42,28.95,27.32,MEDIO
2024-03-20,5.03000020980835,4.966379594802857,122985298758,13623240407,94329535467.9,1.0002590417861938,136608539165,104124125171.23334,103.41000366210938,13.039999961853027,-0.7391021701006362,2.1033967200428605,1.3642945499422243,0.2948387096774194,11.25,104.73858,84.55322580645162,0.0696774193548384,2024-S1,1,2024,3,239.67506341671836,1.3642945499422243,0.00953870807738344,0.0014512532622079632,0.0696774193548384,0.2,30.0,60.46,28.35,27.42,BAIXO
2024-03-21,4.96619987487793,4.9662762641906735,87543595572,9554155555,95020395120.26666,0.9998049736022948,97097751127,104881959310.93332,104.0,12.920000076293944,-0.0384476308874948,-0.0239337607462641,-0.062381391633759,0.3019354838709677,10.75,104.7401,84.56129032258065,0.1548387096774193,2024-S1,1,2024,3,110.97204276800463,-0.062381391633759,0.009537798294623201,0.0014512322011661638,0.1548387096774193,0.2,23.52,55.0,27.81,27.35,BAIXO
2024-03-22,4.974500179290772,4.96569627126058,81269693027,8965555313,95753607119.43332,1.0002659559249878,90235248340,105702382245.63332,104.43000030517578,13.0600004196167,0.2688418388811175,-0.6174022671185053,-0.3485604282373877,0.3090322580645162,10.75,104.74162,84.56935483870969,0.2400000000000002,2024-S1,1,2024,3,46.321976227202825,-0.34856042823738775,0.00953688868543523,0.0014512111407238848,0.2400000000000002,0.2,22.02,55.0,27.22,27.13,BAIXO
2024-03-25,5.000899791717529,4.967289590835572,81204666738,8257351260,97404121174.83331,1.0002230405807495,89462017998,107477788322.6,104.2300033569336,13.1899995803833,0.1441213712912725,0.8209224452388142,0.9650438165300868,0.3303225806451613,10.75,104.74618,84.59354838709677,0.495483870967742,2024-S1,1,2024,3,61.77925140492717,0.9650438165300868,0.02860793774912551,0.004353570242665583,0.495483870967742,0.2,29.92,58.86,27.9,26.77,BAIXO
2024-03-26,4.9721999168396,4.967956256866455,77399464621,8407213538,98761438802.1,1.0000189542770386,85806678159,108999885502.73334,104.29000091552734,13.239999771118164,0.11519895237726,0.2886615779998491,0.4038605303771092,0.3374193548387096,10.75,104.7477,84.60161290322581,0.580645161290323,2024-S1,1,2024,3,34.15875024928972,0.40386053037710923,0.009533251982918323,0.0014511269050609954,0.580645161290323,0.2,22.65,56.62,27.2,26.74,BAIXO
2024-03-27,4.9756999015808105,4.968746248881022,83797223894,10072829600,99455335349.3,0.99964702129364,93870053494,109803432138.3,104.3499984741211,12.779999732971191,-0.5811743670659064,1.0597640229930594,0.4785896559271529,0.3445161290322581,10.75,104.74922,84.60967741935484,0.665806451612903,2024-S1,1,2024,3,30.149712290466123,0.47858965592715297,0.009532343240614694,0.0014511058476607275,0.665806451612903,0.2,24.54,56.91,26.12,26.79,BAIXO
2024-03-28,4.990300178527832,4.9694795926411945,73312354659,8026263655,99173051634.53334,1.000100016593933,81338618314,109512900877.86668,104.5500030517578,13.010000228881836,-0.1623359119209966,0.6051496188182015,0.4428137068972049,0.3516129032258064,10.75,104.75074,84.61774193548388,0.7509677419354839,2024-S1,1,2024,3,5.531054835907079,0.4428137068972049,0.009531434671550265,0.0014510847908821844,0.7509677419354839,0.2,20.54,56.77,24.74,26.5,BAIXO
2024-03-29,5.014100074768066,4.9708695888519285,61237744035,7136644890,96947403463.0,1.0004899501800537,68374388925,107126502046.76666,,,,,0.838626915406282,0.3587096774193549,10.75,104.75226,84.6258064516129,0.8361290322580648,2024-S1,1,2024,3,14.23358865583737,0.838626915406282,0.009530526275658424,0.0014510637347475708,0.8361290322580648,0.2,,58.35,23.86,26.64,
2024-04-01,5.013199806213379,4.972472922007243,75369785257,9035171770,93998094306.83331,1.0004119873046875,84404957027,104067406768.16669,105.0199966430664,13.649999618530272,0.6903102303374764,0.2784516573388407,0.9687618876763172,0.38,10.75,104.75682,84.65,1.0916129032258066,2024-S1,2,2024,4,53.04112571370887,0.9687618876763171,0.028588854158728694,0.00435312803752641,1.0916129032258066,0.2,29.01,58.88,24.78,26.73,BAIXO
2024-04-02,5.053599834442139,4.97571291923523,96522021189,12493890476,94856751522.36668,1.0002260208129885,109015911665,105153727823.76666,104.81999969482422,14.609999656677246,0.5178374777988104,1.4432616759316286,1.961099153730439,0.3826666666666666,10.75,104.788494,84.70266666666667,1.1723440860215053,2024-S1,2,2024,4,44.455538075517545,1.961099153730439,0.062216971844852864,0.030235740260153854,1.1723440860215053,0.2,40.46,62.84,27.85,27.24,MEDIO
2024-04-03,5.06440019607544,4.980312919616699,72294081106,9728672985,93139260340.53334,1.0003180503845217,82022754091,103409921722.43332,104.25,14.329999923706056,0.1633341333153071,2.637900160938811,2.801234294254118,0.3853333333333333,10.75,104.820168,84.75533333333334,1.248645161290323,2024-S1,2,2024,4,21.967295212801695,2.80123429425414,0.062178286397918114,0.03022660102358632,1.248645161290323,0.2,42.37,66.2,29.93,27.99,MEDIO
2024-04-04,5.038599967956543,4.983769591649374,68789308326,12034799564,89103334369.23334,1.0003830194473269,80824107890,99175091584.13332,104.12000274658205,16.350000381469727,0.105759646276593,1.9956034013303148,2.101363047606908,0.388,10.75,104.851842,84.808,1.3205161290322582,2024-S1,2,2024,4,23.366380239632644,2.101363047606908,0.0621396490289694,0.03021746731031172,1.3205161290322582,0.2,40.89,63.41,32.97,28.7,MEDIO
2024-04-05,5.057400226593018,4.986936267217001,64371464433,13790745235,86966124243.0,1.0002739429473877,78162209668,97073929847.36668,104.3000030517578,16.030000686645508,0.3270526839932897,1.5873489725219514,1.914401656515241,0.3906666666666666,10.75,104.883516,84.86066666666667,1.3879569892473125,2024-S1,2,2024,4,30.304821750805132,1.914401656515241,0.062101059648456136,0.03020833911528964,1.3879569892473125,0.2,40.38,62.66,35.61,29.38,MEDIO
2024-04-08,5.054900169372559,4.988982931772868,69769294376,8121148241,83275825098.46666,1.0001660585403442,77890442617,93191634916.93332,104.13999938964844,15.1899995803833,0.1924157625019518,1.0371813900923232,1.229597152594275,0.3986666666666666,10.75,104.978538,85.01866666666668,1.5636989247311828,2024-S1,2,2024,4,10.779503965538261,1.229597152594275,0.1861875545011049,0.09059764930077208,1.5636989247311828,0.2,51.38,59.92,40.75,29.8,MEDIO
2024-04-09,5.023900032043457,4.990482934316,70338237086,7949691378,83035735605.76666,0.999763011932373,78287928464,92975183785.46666,104.1500015258789,14.979999542236328,0.3081957904083499,0.595619845452755,0.9038156358611048,0.4013333333333333,10.75,105.010212,85.07133333333334,1.61341935483871,2024-S1,2,2024,4,-13.991816865485806,0.9038156358611049,0.061947180227095444,0.03017188141827276,1.61341935483871,0.2,31.59,23.62,39.44,29.87,MEDIO
2024-04-10,5.007599830627441,4.992989587783813,68657000944,7603456293,81376494177.3,1.000116944313049,76260457237,91166033693.6,105.25,15.800000190734863,1.3676183606890824,0.1569863060000731,1.5246046666891555,0.404,10.75,105.041886,85.12400000000001,1.6587096774193553,2024-S1,2,2024,4,-46.3647304629741,1.5246046666891555,0.061908829452939074,0.03016278073983969,1.6587096774193553,0.2,30.5,26.1,39.65,29.96,MEDIO
2024-04-11,5.066199779510498,4.996286249160766,57625638532,7223448243,79437150866.23334,1.0005500316619873,64849086775,89050423369.9,105.27999877929688,14.90999984741211,1.250235988068571,0.7407821211457888,1.99101810921436,0.4066666666666667,10.75,105.07356,85.17666666666668,1.699569892473118,2024-S1,2,2024,4,-48.534115499767815,1.9910181092143597,0.06187052613442212,0.030153685549771936,1.699569892473118,0.2,32.06,27.96,38.45,30.13,MEDIO
2024-04-12,5.090400218963623,5.000306256612142,96319763859,10539883881,79469874835.46666,1.0004479885101318,106859647740,89097320189.86667,106.04000091552734,17.309999465942383,1.8049128142473947,0.621748694311175,2.4266615085585697,0.4093333333333333,10.75,105.105234,85.22933333333334,1.7359999999999998,2024-S1,2,2024,4,26.09034798789669,2.4266615085585697,0.06183227018354831,0.03014459584314011,1.7359999999999998,0.2,37.99,64.71,37.83,30.52,MEDIO
2024-04-15,5.117099761962891,5.005786244074503,87031799798,9899289273,77511143138.7,1.0003770589828491,96931089071,86806162615.93333,106.20999908447266,19.229999542236328,2.262659792327093,1.0567340592494423,3.3193938515765358,0.4173333333333333,10.75,105.200256,85.38733333333334,1.832,2024-S1,2,2024,4,-29.71036049668322,3.3193938515765353,0.18538218453740818,0.09040653484486683,1.832,0.2,47.15,33.28,38.72,31.11,MEDIO
2024-04-16,5.183700084686279,5.013746245702108,77388159492,9306979016,77077155529.5,1.000393033027649,86695138508,86284888280.86667,106.26000213623048,18.399999618530277,2.34036430927711,2.488854625311188,4.829218934588297,0.42,10.75,105.23193,85.44,1.864,2024-S1,2,2024,4,-59.24087711817578,4.829218934588297,0.06167971830324248,0.030108291751695937,1.864,0.2,36.77,39.32,38.21,31.54,MEDIO
2024-04-17,5.2855000495910645,5.0246929168701175,71118551643,8797320706,76168641951.46666,0.9999939799308776,79915872349,85242867899.86667,105.9499969482422,18.209999084472656,2.071285003153922,4.55355897217764,6.624843975331562,0.4226666666666667,10.75,105.263604,85.49266666666666,1.896,2024-S1,2,2024,4,-44.64955487340318,6.624843975331562,0.06164169787765683,0.03009922938788101,1.896,0.2,42.16,46.5,36.89,32.12,MEDIO
2024-04-18,5.232600212097168,5.03432625134786,63558115213,8537096534,73701207424.23334,1.0005509853363037,72095211747,82589032365.43333,106.1500015258789,18.0,2.689367036307644,3.156575676295348,5.845942712602992,0.4253333333333333,10.75,105.295278,85.54533333333333,1.9280000000000008,2024-S1,2,2024,4,-33.25546792116978,5.845942712602992,0.06160372429604433,0.030090172477836852,1.9280000000000008,0.2,38.57,43.38,37.89,32.56,MEDIO
2024-04-19,5.241700172424316,5.04458958307902,84354523666,11026707590,72413514921.16667,1.000594973564148,95381231256,81214788768.46666,106.1500015258789,18.709999084472656,3.238671309996421,3.001953323650919,6.24062463364734,0.428,10.75,105.326952,85.598,1.9600000000000009,2024-S1,2,2024,4,-21.916343967806572,6.24062463364734,0.06156579747189639,0.030081121016656276,1.9600000000000009,0.2,38.2,44.96,38.99,32.94,MEDIO
2024-04-22,5.206200122833252,5.052211586634318,52741030322,7099413055,69638198242.83333,1.0003360509872437,59840443377,78216802831.46666,106.08000183105467,16.940000534057617,3.250928593276692,1.342909043706908,4.5938376369836,0.436,10.75,105.421974,85.756,2.056,2024-S1,2,2024,4,-55.46809045198577,4.5938376369836,0.18458375195682386,0.09021622499814086,2.056,0.2,48.19,38.38,41.29,33.42,MEDIO
2024-04-23,5.1656999588012695,5.058488257726034,49389574681,5682840288,69496918011.63333,1.0000929832458496,55072414969,78088402566.73334,105.69000244140624,15.6899995803833,2.741323631312831,1.0417787782218468,3.7831024095346777,0.4386666666666666,10.75,105.453648,85.80866666666667,2.088,2024-S1,2,2024,4,-57.35143154835285,3.7831024095346777,0.06141455602717283,0.030044969562026402,2.088,0.2,33.24,35.13,40.61,33.63,MEDIO
2024-04-24,5.130499839782715,5.063881587982178,60998445931,7285867078,68823377318.06667,0.9998019933700562,68284313009,77382479067.1,105.86000061035156,15.970000267028809,2.8166293236848494,0.4397538327838957,3.256383156468745,0.4413333333333333,10.75,105.485322,85.86133333333333,2.12,2024-S1,2,2024,4,-36.01877815883569,3.256383156468745,0.06137686170006873,0.030035945271422726,2.12,0.2,31.71,33.03,38.41,33.82,MEDIO
2024-04-25,5.145500183105469,5.069758256276448,56150133824,7296808841,68115066291.5,0.9998270273208618,63446942665,76637154550.63333,105.5999984741211,15.369999885559082,2.733726562472749,0.8141291097513159,3.547855672224065,0.444,10.75,105.516996,85.914,2.152,2024-S1,2,2024,4,-51.810902310377905,3.547855672224065,0.06133921361575201,0.030026926400261722,2.152,0.2,32.71,34.19,37.83,34.08,MEDIO
2024-04-26,5.158599853515625,5.075288248062134,45201516166,6238863810,66828542700.566666,0.9997000098228456,51440379976,75222832100.03334,105.94000244140624,15.029999732971191,2.496131787751077,0.8267145729262237,3.3228463606773007,0.4466666666666666,10.75,105.54867,85.96666666666667,2.184,2024-S1,2,2024,4,-68.8352246323061,3.3228463606773007,0.061301611689201785,0.030017912943614,2.184,0.2,32.78,33.29,36.49,34.26,MEDIO
2024-04-29,5.115499973297119,5.080203342437744,49733140585,6353850718,64998502053.0,0.9997130036354064,56086991303,73197945061.73334,105.58000183105467,14.670000076293944,2.078702039577696,0.8893219556232568,2.9680239952009524,0.4546666666666666,10.75,105.643692,86.12466666666667,2.28,2024-S1,2,2024,4,-49.444811311203985,2.9680239952009524,0.18379216750679106,0.09002671469000578,2.28,0.2,47.31,31.87,37.73,34.79,MEDIO
2024-04-30,5.117000102996826,5.083123350143433,66092463422,8551034898,65689759817.0,0.9991620182991028,74643498320,73988846501.36667,106.22000122070312,15.649999618530272,2.548753951515126,-0.806990850486411,1.741763101028715,0.4573333333333333,10.75,105.675366,86.17733333333334,2.3119999999999994,2024-S1,2,2024,4,-51.961105916617655,1.741763101028715,0.06115166386710946,0.029981913165233465,2.3119999999999994,0.2,30.76,26.97,36.67,34.81,MEDIO
2024-05-01,5.193900108337402,5.088586680094401,76859530069,9451759014,65739417977.4,0.9985569715499878,86311289083,74052390903.23334,105.76000213623048,15.390000343322754,1.878436204120004,1.380010946825494,3.258447150945498,0.46,10.75,105.70704,86.23,2.3439999999999994,2024-S1,2,2024,5,-37.505107646859784,3.258447150945498,0.061114291461028536,0.029972926708388137,2.3439999999999994,0.2,34.38,33.03,34.7,34.96,MEDIO
2024-05-02,5.194399833679199,5.096193345387777,54769809487,7331043686,64347677587.333336,1.00005304813385,62100853173,72488555620.16667,105.3000030517578,14.68000030517578,1.8276755852596027,2.7673863242628998,4.595061909522502,0.4519354838709677,10.75,105.73507838709678,86.26677419354839,2.365268817204301,2024-S1,2,2024,5,-37.43710304661325,4.595061909522502,0.04264663521789114,0.026524616616607766,2.365268817204301,0.2,33.26,38.38,34.7,35.29,MEDIO
2024-05-03,5.110300064086914,5.1007200082143145,53871028495,7138386537,63733575833.63333,1.0005470514297483,61009415032,71788110984.86667,105.02999877929688,13.489999771118164,0.9903834416316036,1.739536749375481,2.7299201910070847,0.4438709677419355,10.75,105.76311677419356,86.30354838709678,2.3758064516129034,2024-S1,2,2024,5,-33.713261994108215,2.7299201910070625,0.04262845561593398,0.026517582929419525,2.3758064516129034,0.2,30.6,30.92,34.54,35.59,MEDIO
2024-05-06,5.070899963378906,5.103053347269694,52931405950,6005322108,62216929415.86667,1.0000380277633667,58936728058,69673812507.03334,105.0500030517578,13.489999771118164,0.5937017569378478,0.8060497793219046,1.3997515362597523,0.4196774193548387,10.75,105.84723193548388,86.41387096774194,2.3430322580645164,2024-S1,2,2024,5,-34.81728566071367,1.3997515362597523,0.12783087452017394,0.07953165891461111,2.3430322580645164,0.2,47.17,25.6,36.61,36.18,MEDIO
2024-05-07,5.074900150299072,5.10647668838501,46143834059,5575954842,62254104051.66666,1.0,51719788901,69739737656.46666,105.41000366210938,13.229999542236328,1.1321119324297468,0.9333768889600024,2.0654888213897493,0.4116129032258064,10.75,105.87527032258065,86.45064516129032,2.3106451612903225,2024-S1,2,2024,5,-40.38223095605203,2.0654888213897493,0.04255589193788989,0.02648948544432539,2.3106451612903225,0.2,28.4,28.26,35.98,36.38,BAIXO
2024-05-08,5.073299884796143,5.109730021158854,46623837988,5502550653,61482588838.73333,0.999584972858429,52126388641,68880935857.26666,105.5500030517578,13.0,1.20817156502957,0.7533611870627288,1.9615327520922987,0.4035483870967742,10.75,105.90330870967742,86.4874193548387,2.267526881720431,2024-S1,2,2024,5,-44.36111863684504,1.9615327520922987,0.042537789602126175,0.026482470374200595,2.267526881720431,0.2,27.87,27.85,33.21,36.5,BAIXO
2024-05-09,5.087900161743164,5.112983353932699,46236991775,5118793775,60679213995.03333,0.9998679757118224,51355785550,67983197760.13333,105.2300033569336,12.6899995803833,0.8433204558510266,1.112473378661849,1.955793834512876,0.3954838709677419,10.5,105.9313470967742,86.5241935483871,2.2136774193548394,2024-S1,2,2024,5,-36.931514490206276,1.9557938345128756,0.04251970266047067,0.026475459018615588,2.2136774193548394,0.2,28.73,27.82,32.92,36.78,BAIXO
2024-05-10,5.1407999992370605,5.117206684748331,50244486838,5916392041,60065463524.833336,0.9998610019683838,56160878879,67313211814.86667,105.30999755859376,12.550000190734863,0.7269196409871892,1.7999530296755497,2.5268726706627387,0.3874193548387097,10.5,105.95938548387096,86.56096774193549,2.1490967741935485,2024-S1,2,2024,5,-17.951767117215944,2.5268726706627387,0.042501631093294634,0.02646845137459497,2.1490967741935485,0.2,30.42,30.11,32.35,36.57,MEDIO
2024-05-13,5.123260021209717,5.120875358581543,53205467613,5504768753,54577583230.73333,0.9998559951782228,58710236366,61209429981.93333,105.22000122070312,13.600000381469728,0.1904442811176965,2.004964225439898,2.1954085065575946,0.3632258064516129,10.5,106.04350064516127,86.67129032258065,1.8909677419354844,2024-S1,2,2024,5,-29.407431065940948,2.1954085065575946,0.1274507246430856,0.07938434231775648,1.8909677419354844,0.2,49.69,28.78,34.7,37.26,MEDIO
2024-05-14,5.154200077056885,5.124228700002035,57380795961,5790525927,53202596723.96667,0.9995920062065125,63171321888,59660914921.0,105.01000213623048,13.420000076293944,0.1812654473949848,1.809399542126311,1.990664989521296,0.3551612903225806,10.5,106.07153903225807,86.70806451612904,1.7941935483870974,2024-S1,2,2024,5,-40.55160132977061,1.9906649895212958,0.042429498178142566,0.02644045785571425,1.7941935483870974,0.2,29.96,27.96,34.61,36.91,BAIXO
2024-05-15,5.127799987792969,5.126342026392619,70663923975,8085028154,52657000863.2,1.0005470514297483,78748952129,59054843689.6,104.3499984741211,12.449999809265137,0.0959217977180681,1.155949880327034,1.2518716780451022,0.3470967741935484,10.5,106.09957741935484,86.74483870967742,1.6974193548387095,2024-S1,2,2024,5,-2.2548970898596976,1.25187167804508,0.042411503190153965,0.02643346872552854,1.6974193548387095,0.2,28.14,25.01,31.89,36.43,BAIXO
2024-05-16,5.133600234985352,5.129508701960246,62000126842,6684369918,52144066441.53333,1.0000979900360107,68684496760,58454488964.66666,104.45999908447266,12.420000076293944,0.3265427669245646,1.5589069141966228,1.8854496811211876,0.3390322580645161,10.5,106.12761580645162,86.7816129032258,1.6006451612903223,2024-S1,2,2024,5,-9.869530090090938,1.8854496811211874,0.04239352345960512,0.02642648328932129,1.6006451612903223,0.2,29.05,27.54,31.98,36.04,BAIXO
2024-05-17,5.128600120544434,5.131882031758626,56249728895,6590780561,51648439016.6,1.0003999471664429,62840509456,57885310201.566666,104.4499969482422,11.989999771118164,0.1438100595356095,1.2640258000238047,1.4078358595594145,0.3309677419354839,10.5,106.1556541935484,86.8183870967742,1.5038709677419355,2024-S1,2,2024,5,-12.616981157005336,1.4078358595594143,0.04237555896708933,0.02641950154418371,1.5038709677419355,0.2,28.15,25.63,32.02,35.63,BAIXO
2024-05-20,5.102000236511231,5.133452033996582,86442004708,9745625023,50658691030.13333,1.0000979900360107,96187629731,56638585138.66666,104.56999969482422,12.149999618530272,0.4129059993239536,0.5188644721098701,0.9317704714338236,0.3067741935483871,10.5,106.23976935483871,86.92870967741936,1.2135483870967745,2024-S1,2,2024,5,23.896916947658365,0.931770471433846,0.12707282907962192,0.0792375704613546,1.2135483870967745,0.2,50.99,58.73,35.2,35.62,MEDIO
2024-05-21,5.103099822998047,5.136092027028401,104832621504,10821965697,52789302864.93333,0.999879002571106,115654587201,58975829378.833336,104.66000366210938,11.859999656677246,0.4896803924709925,1.0867799361469643,1.5764603286179568,0.2987096774193548,10.5,106.26780774193548,86.96548387096774,1.1167741935483877,2024-S1,2,2024,5,49.04072926340899,1.5764603286179568,0.042303852990399626,0.02639161141542168,1.1167741935483877,0.2,34.52,61.31,35.79,35.71,MEDIO
2024-05-22,5.1219000816345215,5.139902035395305,75458368905,7995414894,53546547484.36667,0.999455988407135,83453783799,59762940726.23333,104.94000244140624,12.289999961853027,-0.2945344974762509,2.577070140759852,2.282535643283601,0.2906451612903226,10.5,106.29584612903226,87.00225806451613,1.0199999999999996,2024-S1,2,2024,5,9.906299237491488,2.282535643283601,0.042285964398169895,0.02638464808162322,1.0199999999999996,0.2,35.39,64.13,33.74,35.88,MEDIO
2024-05-23,5.151100158691406,5.142732048034668,107880114240,10711191548,55496232136.333336,0.9995790123939514,118591305788,61880237086.86667,105.11000061035156,12.770000457763672,-0.1614724267823053,1.8372922301046255,1.6758198033223204,0.2825806451612903,10.5,106.32388451612904,87.03903225806452,0.923225806451613,2024-S1,2,2024,5,87.20853597152467,1.6758198033223204,0.04226809092831019,0.02637768842137511,0.923225806451613,0.2,37.27,61.7,34.79,36.05,MEDIO
2024-05-24,5.143099784851074,5.144488700230917,68659164363,6974788144,55751589417.4,0.999809980392456,75633952507,62125225070.13333,104.72000122070312,11.93000030517578,-1.2448129794677576,2.280086506510404,1.035273527042646,0.2745161290322581,10.5,106.3519229032258,87.0758064516129,0.826451612903226,2024-S1,2,2024,5,-28.71747021358112,1.035273527042646,0.04225023256159144,0.026370732431724164,0.826451612903226,0.2,29.87,24.14,35.03,35.78,BAIXO
2024-05-27,5.1697998046875,5.146245368321737,64469471473,5846002184,56034482413.7,0.9992120265960692,70315473657,62221295068.16666,,,,,1.0298810884311171,0.2503225806451613,10.5,106.43603806451613,87.18612903225807,0.536129032258065,2024-S1,2,2024,5,-25.924235023711972,1.0298810884311171,0.12669716783670903,0.07909134032946241,0.536129032258065,0.2,,24.12,36.03,35.39,
2024-05-28,5.17170000076294,5.145845365524292,75112778670,7130885149,57334439236.3,0.9989020228385924,82243663819,63625495137.36667,104.61000061035156,12.920000076293944,-1.5064480631890032,1.274951569809868,-0.2314964933791352,0.242258064516129,10.5,106.4640764516129,87.22290322580646,0.4393548387096775,2024-S1,2,2024,5,-2.940218293000263,-0.23149649337911304,0.04217894974416492,0.02634294512144919,0.4393548387096775,0.2,26.73,20.0,35.8,35.04,BAIXO
2024-05-29,5.161300182342529,5.1417053699493405,64306272506,6200045453,57820210300.333336,0.9987620115280152,70506317959,64106139359.23333,105.0999984741211,14.279999732971191,-1.0916653856473668,-1.258157073594579,-2.349822459241946,0.2341935483870967,10.5,106.49211483870968,87.25967741935484,0.34258064516129,2024-S1,2,2024,5,-9.578765286441982,-2.349822459241946,0.04216116660686886,0.02633600744146314,0.34258064516129,0.2,23.29,20.0,31.18,34.39,BAIXO
2024-05-30,5.202099800109863,5.140688689549764,66107540689,6596463941,57820712875.9,0.9996579885482788,72704004630,64041489569.566666,104.72000122070312,14.470000267028809,-1.1609209655191632,0.5780288898587393,-0.5828920756604239,0.2261290322580645,10.5,106.52015322580644,87.29645161290323,0.2458064516129035,2024-S1,2,2024,5,4.011172243632788,-0.5828920756604239,0.042143398458427406,0.026329073414710358,0.2458064516129035,0.2,27.69,48.08,30.04,34.02,BAIXO
2024-05-31,5.202099800109863,5.139368677139283,58892635053,6257893920,57221816375.36667,0.998995006084442,65150528973,63336130899.23333,104.66999816894533,12.920000076293944,-1.394256557380058,0.6387693869618793,-0.7554871704181787,0.2180645161290322,10.5,106.54819161290322,87.33322580645162,0.149032258064516,2024-S1,2,2024,5,-30.184378390678635,-0.7554871704181787,0.04212564527990015,0.026322143038370882,0.149032258064516,0.2,24.68,20.0,28.26,33.55,BAIXO
2024-06-03,5.244400024414063,5.140642007191976,66326852767,5759511394,57229783545.4,0.9997990131378174,72086364161,63058604863.6,104.13999938964844,13.109999656677246,-1.8935488528847968,2.6272874852756978,0.7337386323909012,0.2213333333333333,10.5,106.59698533333332,87.372,-0.1000967741935481,2024-S1,2,2024,6,25.75949381734568,0.7337386323909234,0.044397986207811435,0.045794977550972504,-0.1000967741935481,0.2,36.41,57.93,28.11,33.14,MEDIO
2024-06-04,5.249000072479248,5.143418677647909,64592711851,6054685985,58175387384.66666,1.0002180337905884,70647397836,64062086115.6,104.11000061035156,13.15999984741211,-1.857090108124804,3.4696520908635176,1.612561982738714,0.2269999999999999,10.5,106.607363,87.373,-0.1556774193548387,2024-S1,2,2024,6,30.7820775299136,1.6125619827387139,0.001144531428831641,0.009735422286327733,-0.1556774193548387,0.2,27.8,61.45,27.77,32.96,BAIXO
2024-06-05,5.287700176239014,5.148658688863119,67311453236,6274992543,58654722294.2,1.0001139640808103,73586445779,64550410039.63333,104.2699966430664,12.630000114440918,-1.343557352198077,4.407592852937048,3.064035500738971,0.2326666666666666,10.5,106.61774066666666,87.37400000000001,-0.1975268817204298,2024-S1,2,2024,6,10.349455971617916,3.064035500738971,0.0011445183294656047,0.009734474594091935,-0.1975268817204298,0.2,28.3,67.26,27.84,32.84,BAIXO
2024-06-06,5.3003997802734375,5.153822008768717,58624834999,5526353581,59070755658.86667,0.999521017074585,64151188580,64964790028.93333,104.0999984741211,12.579999923706056,-1.6625752182910625,4.6729647169944215,3.0103894987033586,0.2383333333333333,10.5,106.62811833333332,87.375,-0.2256451612903225,2024-S1,2,2024,6,4.407293458563855,3.0103894987033586,0.0011445052303882264,0.009733527086353,-0.2256451612903225,0.2,27.6,62.89,27.97,32.66,BAIXO
2024-06-07,5.2571001052856445,5.157105350494385,83727148277,7530255040,60307532668.5,0.9996240139007568,91257403317,66269157184.8,104.88999938964844,12.220000267028809,-0.672347627587,2.5817853542385527,1.9094377266515528,0.244,10.5,106.638496,87.376,-0.2400322580645162,2024-S1,2,2024,6,85.23084042030095,1.9094377266515528,0.0011444921316217105,0.009732579763110927,-0.2400322580645162,0.2,27.37,62.64,28.55,32.48,BAIXO
2024-06-10,5.270441055297852,5.162270053227743,51346980569,4910419104,60534491716.63333,0.999580979347229,56257399673,66369953409.7,105.1500015258789,12.739999771118164,-0.7457059631127305,3.7745610664168816,3.028855103304151,0.261,10.5,106.669629,87.379,-0.2008064516129031,2024-S1,2,2024,6,3.244999139440541,3.028855103304151,0.0034334370994315577,0.02919489787251983,-0.2008064516129031,0.2,25.4,54.83,28.22,31.72,BAIXO
2024-06-11,5.352799892425537,5.170130046208699,72360838236,6723356948,62084333330.333336,0.9999409914016724,79084195184,68058546748.93333,105.2300033569336,12.850000381469728,-0.3315007274589221,4.939665368507351,4.608164641048429,0.2666666666666666,10.5,106.68000666666666,87.38000000000001,-0.1602688172043014,2024-S1,2,2024,6,9.484250532434334,4.608164641048429,0.0011444397395310446,0.009728792313179468,-0.1602688172043014,0.2,29.54,73.43,28.92,31.68,BAIXO
2024-06-12,5.3649001121521,5.175830046335856,67692265125,6871867010,62567226580.73333,0.9996820092201232,74564132135,68587009941.23333,104.6500015258789,12.039999961853027,-1.4780640903609863,4.770387782536034,3.292323692175048,0.2723333333333333,10.5,106.69038433333333,87.381,-0.1059999999999998,2024-S1,2,2024,6,-11.92729767638465,3.2923236921750476,0.0011444266422522276,0.009727845911267075,-0.1059999999999998,0.2,24.68,33.17,27.24,31.34,BAIXO
2024-06-13,5.401000022888184,5.1827167193094885,56101863399,5971089832,62524595495.333336,0.9996050000190736,62072953231,68550397652.66666,105.1999969482422,11.9399995803833,-0.5295056511694596,4.506869655177004,3.977364004007544,0.278,10.5,106.700762,87.382,-0.0379999999999998,2024-S1,2,2024,6,2.432095208065621,3.977364004007544,0.001144413545284273,0.009726899693451863,-0.0379999999999998,0.2,26.31,52.93,27.03,31.1,BAIXO
2024-06-14,5.361599922180176,5.191093381245931,56734383862,6091367068,62060277491.566666,0.9994710087776184,62825750930,68019624279.36667,105.5500030517578,12.65999984741211,0.2374168972028689,4.680099783653002,4.917516680855871,0.2836666666666667,10.5,106.71113966666668,87.38300000000001,0.0299999999999998,2024-S1,2,2024,6,5.315204567267107,4.917516680855871,0.0011444004486049764,0.009725953659711628,0.0299999999999998,0.2,27.95,74.67,26.98,31.01,BAIXO
2024-06-17,5.357200145721436,5.200636720657348,60712949361,5844947783,61098854619.26667,0.9996449947357178,66557897144,66865146060.333336,105.31999969482422,12.75,0.2761124620564104,5.369831737398045,5.645944199454456,0.3006666666666666,10.5,106.74227266666666,87.38600000000001,0.2339999999999995,2024-S1,2,2024,6,14.701184053849992,5.645944199454478,0.003433162056687422,0.02917502342982825,0.2339999999999995,0.2,32.31,77.58,27.65,30.5,MEDIO
2024-06-18,5.423999786376953,5.212273375193278,78695656625,7136467512,62444966719.66666,0.9995499849319458,85832124137,68331409276.03333,105.26000213623048,12.300000190734863,0.1999039299115379,6.679041975207567,6.878945905119105,0.3063333333333333,10.5,106.75265033333332,87.387,0.3019999999999996,2024-S1,2,2024,6,70.54425196740021,6.878945905119105,0.0011443480649075966,0.009722171364168197,0.3019999999999996,0.2,38.06,82.52,29.18,30.83,MEDIO
2024-06-19,5.439899921417236,5.224493376413981,48283435769,4457463559,61173014421.7,0.9997959733009338,52740899328,66883184929.26667,,,,,7.226066760211336,0.312,10.5,106.763028,87.388,0.3700000000000001,2024-S1,2,2024,6,3.559547760583648,7.226066760211336,0.0011443349697382033,0.009721226249914672,0.3700000000000001,0.5,,66.32,29.81,30.94,
2024-06-20,5.422399997711182,5.235643370946248,53052487180,5213531694,59447009944.23333,0.9993990063667296,58266018874,64970232651.7,105.58999633789062,13.279999732971191,0.1707548330595054,6.403663401071391,6.5744182341308965,0.3176666666666666,10.5,106.77340566666666,87.38900000000001,0.4379999999999997,2024-S1,2,2024,6,14.740352136587509,6.5744182341308965,0.001144321874857468,0.009720281319358648,0.4379999999999997,0.5,30.18,73.8,29.92,30.99,MEDIO
2024-06-21,5.452400207519531,5.246030044555664,52864626463,5778982985,58693885196.16666,0.9994789958000184,58643609448,64143226840.0,105.8000030517578,13.199999809265137,0.2368545644450659,5.824462902266636,6.061317466711702,0.3233333333333333,10.5,106.78378333333332,87.39,0.5060000000000002,2024-S1,2,2024,6,5.214780346842707,6.061317466711702,0.0011443087802653906,0.009719336572500126,0.5060000000000002,0.5,27.02,71.75,30.3,30.87,BAIXO
2024-06-24,5.426126003265381,5.256125577290853,75556423079,8141512257,55827013003.3,0.9994080066680908,83697935336,61027744266.53333,105.47000122070312,13.329999923706056,0.2280698052963714,5.68351736384658,5.911587169142951,0.3403333333333334,10.5,106.81491633333331,87.393,0.71,2024-S1,2,2024,6,42.008756747659625,5.911587169142951,0.0034328870580191406,0.029155176027817475,0.71,0.5,31.14,71.15,31.11,30.21,MEDIO
2024-06-25,5.3892998695373535,5.263962237040202,52502040528,5991607536,56083874818.46667,0.9998080134391784,58493648064,61350775302.833336,105.61000061035156,12.84000015258789,0.2848761358966722,4.2764483948870335,4.561324530783706,0.346,10.5,106.825294,87.394,0.778,2024-S1,2,2024,6,-8.502418537930257,4.561324530783706,0.0011442564049835013,0.009715559420842013,0.778,0.5,19.92,30.75,29.77,29.85,BAIXO
2024-06-26,5.450699806213379,5.274725564320883,44813407523,4964437157,55428672686.8,0.9993240237236024,49777844680,60666187670.26667,106.0500030517578,12.550000190734863,0.7888251486651621,5.508218791993458,6.29704394065862,0.3516666666666667,10.5,106.83567166666666,87.39500000000001,0.8460000000000001,2024-S1,2,2024,6,-36.582339329394706,6.29704394065862,0.0011442433119013273,0.009714615591560616,0.8460000000000001,0.5,23.21,37.69,28.26,29.67,BAIXO
2024-06-27,5.522500038146973,5.2876888910929365,45267792573,5254114011,54433839816.9,0.9985970258712769,50521906584,59608795762.43333,105.91000366210938,12.239999771118164,0.8570626679078819,6.718513640338308,7.57557630824619,0.3573333333333333,10.5,106.84604933333333,87.396,0.9139999999999996,2024-S1,2,2024,6,-26.987580705504644,7.57557630824619,0.0011442302191078113,0.009713671945688063,0.9139999999999996,0.5,26.44,42.8,26.32,29.58,BAIXO
2024-06-28,5.500500202178955,5.3000855604807535,48868972915,5731112290,53919263163.86667,0.9981369972229004,54600085205,59078588003.96667,105.87000274658205,12.4399995803833,1.4566404357331253,5.794852620719904,7.251493056453029,0.363,10.5,106.856427,87.397,0.9820000000000002,2024-S1,2,2024,6,-13.121407204961788,7.251493056453029,0.0011442171266473622,0.009712728483113331,0.9820000000000002,0.5,24.13,41.51,26.01,29.44,BAIXO
2024-07-01,5.591899871826172,5.316415548324585,45876476553,4714986074,52252920716.2,0.9989680051803588,50591462627,57261120278.833336,105.9000015258789,12.220000267028809,1.3785204423003794,8.223588781628965,9.602109223929345,0.38,10.5,106.88756,87.4,1.186,2024-S2,3,2024,7,-46.9280279790246,9.602109223929322,0.0034326121033823043,0.02913535561130942,1.186,0.5,29.94,50.91,25.97,28.68,BAIXO
2024-07-02,5.65500020980835,5.334812227884928,39391729670,4088170748,51967107171.4,0.9984530210494996,43479900418,57005563767.36667,105.72000122070312,12.029999732971191,1.2158968976229367,9.599105864483803,10.81500276210674,0.3670967741935484,10.5,106.89583096774192,87.34870967741936,1.2354301075268816,2024-S2,3,2024,7,-62.42416806442548,10.81500276210674,-0.05868457961172302,0.007738007811131098,1.2354301075268816,0.5,29.12,52.5,26.27,28.49,BAIXO
2024-07-03,5.67549991607666,5.353265555699666,57042672759,5941703427,51657634504.46667,0.9988530278205872,62984376186,56702164168.2,105.4000015258789,12.09000015258789,0.7937284436042358,10.014757189045431,10.808485632649669,0.3541935483870967,10.5,106.90410193548388,87.29741935483871,1.2662903225806454,2024-S2,3,2024,7,-24.40510762853203,10.808485632649667,-0.05871903863270411,0.0077374090898363335,1.2662903225806454,0.5,29.16,52.5,25.99,28.27,BAIXO
2024-07-04,5.555399894714356,5.366742213567098,74732714381,7220316786,51995634588.8,0.9996610283851624,81953031167,57079018612.566666,,,,,7.848803625780354,0.3412903225806452,10.5,106.9123729032258,87.24612903225807,1.2785806451612904,2024-S2,3,2024,7,-30.726144565677092,7.848803625780376,-0.0587535381454507,0.007736810461134169,1.2785806451612904,0.5,,43.9,27.0,27.94,
2024-07-05,5.486400127410889,5.378185558319092,104430727675,10285011034,53232943736.76667,1.0000269412994385,114715738709,58449995043.566666,104.87999725341795,12.479999542236328,0.2101983409238395,6.464771170089745,6.674969511013584,0.3283870967741935,10.5,106.92064387096774,87.19483870967743,1.2723010752688175,2024-S2,3,2024,7,52.10020198159748,6.674969511013584,-0.05878807822141674,0.007736211925091219,1.2723010752688175,0.5,33.42,74.2,28.7,28.07,MEDIO
2024-07-08,5.471290111541748,5.388235235214234,74590713592,8124831163,52432303558.73333,0.9998189806938172,82715544755,57624378360.066666,105.01000213623048,12.369999885559082,0.0667044913242653,5.765055310687495,5.83175980201176,0.2896774193548387,10.5,106.94545677419354,87.04096774193549,1.1420430107526889,2024-S2,3,2024,7,15.6992788799871,5.83175980201176,-0.1764679767965016,0.023206840444922605,1.1420430107526889,0.5,29.26,70.83,29.17,28.11,BAIXO
2024-07-09,5.470399856567383,5.398191897074382,52771534181,5416525622,52909345530.66666,1.000012993812561,58188059803,58198322067.16666,105.12000274658205,12.510000228881836,0.0095158749618295,5.766145044279014,5.775660919240844,0.2767741935483871,10.5,106.95372774193548,86.98967741935485,1.0614838709677423,2024-S2,3,2024,7,-29.743600069908048,5.7756609192408215,-0.05892664559142835,0.007733818706667783,1.0614838709677423,0.5,23.87,35.6,29.13,28.01,BAIXO
2024-07-10,5.417099952697754,5.406718556086222,48310166694,5380030813,52808118401.5,0.9998769760131836,53690197507,58112748661.63333,105.0500030517578,12.850000381469728,0.3151277952711195,4.640983287559308,4.956111082830428,0.2638709677419354,10.5,106.96199870967742,86.93838709677419,0.9623548387096772,2024-S2,3,2024,7,-24.874876413506176,4.956111082830428,-0.05896138956050789,0.007733220633410198,0.9623548387096772,0.5,20.81,32.32,27.61,27.92,BAIXO
2024-07-11,5.414700031280518,5.4138052304585775,52287657808,6096076403,52139012387.23333,1.00006902217865,58383734211,57422733295.86667,104.44000244140624,12.920000076293944,-0.1625066130899966,4.249322309439474,4.086815696349477,0.2509677419354839,10.5,106.97026967741937,86.88709677419355,0.8446559139784946,2024-S2,3,2024,7,-20.905153537650158,4.086815696349477,-0.05899617452478356,0.007732622652656396,0.8446559139784946,0.5,19.64,28.85,26.03,27.63,BAIXO
2024-07-12,5.438000202178955,5.421668577194214,46446510451,5327947652,51430820564.76667,1.000223994255066,51774458103,56663077494.8,104.08999633789062,12.460000038146973,-0.9609915802987978,5.49570662102351,4.534715040724713,0.2380645161290322,10.5,106.97854064516127,86.83580645161291,0.7083870967741936,2024-S2,3,2024,7,-21.133584175337372,4.534715040724713,-0.05903100055688615,0.007732024764317558,0.7083870967741936,0.5,22.7,30.64,24.95,27.56,BAIXO
2024-07-15,5.422800064086914,5.427615245183309,66578959504,7433084707,51211121695.13333,1.0007929801940918,74012044211,56446198222.36667,104.19000244140624,13.119999885559082,-0.5061103639407705,3.907834848006675,3.4017244840659044,0.1993548387096774,10.5,107.0033535483871,86.68193548387097,0.2438709677419357,2024-S2,3,2024,7,0.38009754191961065,3.4017244840658822,-0.17719760318881672,0.02319428090546971,0.2438709677419357,0.5,18.57,28.77,24.04,26.92,BAIXO
2024-07-16,5.446800231933594,5.434208583831787,76288567031,7796844852,52688645594.73333,1.0006259679794312,84085411883,58095880323.1,104.2699966430664,13.1899995803833,-0.3821548990889156,4.1504947109212935,3.7683398118323774,0.1864516129032258,10.5,107.01162451612905,86.63064516129033,0.0890322580645164,2024-S2,3,2024,7,18.1070818128515,3.7683398118323774,-0.059170716821599356,0.007729634135444918,0.0890322580645164,0.5,23.94,62.57,22.68,26.79,BAIXO
2024-07-17,5.424300193786621,5.438761917750041,61898179810,6728358080,52728153276.36667,1.0001859664916992,68626537890,58164835014.63333,103.75,14.479999542236328,-0.3744952870502915,2.95784935393626,2.583354066885968,0.1735483870967742,10.5,107.01989548387095,86.57935483870968,-0.0658064516129033,2024-S2,3,2024,7,-8.042128294304652,2.583354066885968,-0.0592057492878717,0.007729036709158699,-0.0658064516129033,0.5,15.18,22.83,20.67,26.32,BAIXO
2024-07-18,5.48769998550415,5.4450052579243975,53674693484,5968408600,51894121171.66666,0.9998310208320618,59643102084,57291867612.86667,104.16999816894533,15.93000030517578,0.0576290060916528,3.4760705825278797,3.533699588619532,0.1606451612903225,10.5,107.0281664516129,86.52806451612904,-0.2206451612903226,2024-S2,3,2024,7,-8.443761957000707,3.533699588619532,-0.059240823261141884,0.007728439375265239,-0.2206451612903226,0.5,16.52,26.63,19.62,25.92,BAIXO
2024-07-19,5.5432000160217285,5.454541921615601,64622483446,7526347950,52438756094.23333,1.000517964363098,72148831396,57938798681.8,104.4000015258789,16.520000457763672,0.1246810079581495,5.3174811157653545,5.442162123723504,0.1477419354838709,10.5,107.03643741935484,86.4767741935484,-0.3754838709677419,2024-S2,3,2024,7,-22.817766070086122,5.442162123723504,-0.05927593881529525,0.0077278421336535175,-0.3754838709677419,0.5,21.31,34.27,19.69,25.7,BAIXO
2024-07-22,5.520872116088867,5.462889623641968,52730305555,5765488048,52797505269.833336,1.0004169940948486,58495793603,58346312872.96667,104.30999755859376,14.90999984741211,0.2017282301160383,4.54988663785183,4.751614867967868,0.1090322580645161,10.5,107.06125032258063,86.32290322580646,-0.8399999999999999,2024-S2,3,2024,7,2.6940727004211906,4.751614867967868,-0.17793328807287345,0.023181734953103827,-0.8399999999999999,0.5,21.77,50.36,20.0,25.58,BAIXO
2024-07-23,5.570700168609619,5.470152966181437,67217361972,8082893148,54062570912.4,1.000161051750183,75300255120,59796053966.4,104.4499969482422,14.720000267028809,-0.4194894117328762,4.490261354700909,4.070771942968032,0.0961290322580645,10.5,107.06952129032258,86.27161290322582,-0.9948387096774192,2024-S2,3,2024,7,-7.108093810667171,4.070771942968032,-0.059416818322799436,0.007725454090090622,-0.9948387096774192,0.5,19.16,28.78,19.49,25.2,BAIXO
2024-07-24,5.585299968719482,5.477499628067017,51701005917,5549791333,53267390340.333336,0.9998220205307008,57250797250,58914482696.86667,104.38999938964844,18.040000915527344,-0.7227790063734973,4.830960928869166,4.108181922495668,0.0832258064516129,10.5,107.07779225806452,86.22032258064516,-1.149677419354839,2024-S2,3,2024,7,-23.62346595799486,4.108181922495668,-0.059452142894544924,0.007724857309776567,-1.149677419354839,0.5,20.04,28.93,19.7,25.04,BAIXO
2024-07-25,5.653600215911865,5.48591963450114,69959674584,7654250854,53849311475.53333,0.9998109936714172,77613925438,59551825276.0,104.36000061035156,18.459999084472656,-0.8267630132359094,5.50367825028869,4.676915237052781,0.0703225806451612,10.5,107.08606322580646,86.16903225806452,-1.3045161290322582,2024-S2,3,2024,7,24.701160256375744,4.676915237052781,-0.05948750949368309,0.007724260621655432,-1.3045161290322582,0.5,27.89,66.21,20.27,25.1,BAIXO
2024-07-26,5.643099784851074,5.495302963256836,52685688859,5793637323,54111720853.4,1.000175952911377,58479326182,59841874659.4,104.31999969482422,16.389999389648438,-0.3153385821720089,5.565634515413387,5.250295933241378,0.0574193548387096,10.5,107.0943341935484,86.11774193548388,-1.4593548387096773,2024-S2,3,2024,7,-7.136228028576097,5.250295933241378,-0.05952291819528721,0.007723664025727217,-1.4593548387096773,0.5,21.95,33.5,21.23,24.88,BAIXO
2024-07-29,5.622840881347656,5.504157654444376,63609014546,6797227757,55107615545.93333,0.9997950196266174,70406242303,60894911678.26667,104.55999755859376,16.600000381469727,-0.6083644564774171,5.566938495163953,4.958574038686536,0.0187096774193548,10.5,107.1191470967742,85.96387096774194,-1.9238709677419357,2024-S2,3,2024,7,4.770094708758021,4.958574038686514,-0.17867510722379132,0.02316920256579813,-1.9238709677419357,0.5,25.25,65.72,22.48,24.63,BAIXO
2024-07-30,5.614500045776367,5.510507663091024,51267032806,5332646102,55651949915.23333,0.9998300075531006,56599678908,61500276988.03333,104.5500030517578,17.690000534057617,-0.947418257780286,4.459591320136935,3.5121730623566494,0.0058064516129032,10.5,107.12741806451614,85.9125806451613,-2.078709677419355,2024-S2,3,2024,7,-34.85405039531303,3.5121730623566494,-0.05966497553360206,0.007721278563255218,-2.078709677419355,0.5,19.08,26.55,22.16,23.95,BAIXO
2024-07-31,5.611100196838379,5.516214338938395,52003171104,5968875897,55856173066.93333,0.9997329711914062,57972047001,61746296467.16666,104.0999984741211,16.360000610351562,-1.1583756401805978,4.305497423563343,3.1471217833827447,-0.0070967741935483,10.5,107.13568903225809,85.86129032258064,-2.233548387096774,2024-S2,3,2024,7,7.703957425060093,3.1471217833827447,-0.059700595879541574,0.007720682427891923,-2.233548387096774,0.5,22.75,60.09,22.3,23.91,BAIXO
2024-08-01,5.656599998474121,5.524021005630493,65833386618,7390211553,56737561631.86667,0.9991080164909364,73223598171,62737753058.93333,104.41999816894533,18.59000015258789,-0.7980276935563801,5.117148394017368,4.319120700460988,-0.02,10.5,107.14396,85.81,-2.3883870967741934,2024-S2,3,2024,8,24.09104665467636,4.319120700460988,-0.05973625878197275,0.007720086384499503,-2.3883870967741934,0.5,26.84,64.78,23.4,23.79,BAIXO
2024-08-02,5.75059986114502,5.533960994084676,67773726855,8383547954,57095263435.066666,0.9986749887466432,76157274809,63176849679.7,103.20999908447266,23.38999938964844,-2.25399880288083,7.723143441497681,5.469144638616852,-0.0051612903225806,10.5,107.1715470967742,85.76870967741935,-2.515483870967742,2024-S2,3,2024,8,28.202413200507316,5.469144638616874,-0.04811831089692742,0.02574769195966553,-2.515483870967742,0.5,33.84,69.38,25.37,24.03,MEDIO
2024-08-05,5.7266998291015625,5.543980121612549,188926094526,24826261611,59727250255.6,1.0003650188446045,213752356137,66346132100.7,102.69000244140624,38.56999969482422,-2.9395089987191536,8.478890606431545,5.53938160771239,0.0393548387096774,10.5,107.25430838709678,85.64483870967742,-2.730322580645161,2024-S2,3,2024,8,150.04637174057774,5.53938160771239,-0.14442442728568317,0.07722319268923528,-2.730322580645161,0.5,36.93,69.66,26.66,24.23,MEDIO
2024-08-06,5.720900058746338,5.555033461252848,81396416579,10057433619,61011664468.7,1.0005730390548706,91453850198,67843552444.36667,102.97000122070312,27.709999084472656,-2.370342249990665,8.52327857263493,6.152936322644265,0.0541935483870967,10.5,107.28189548387095,85.60354838709678,-2.746451612903226,2024-S2,3,2024,8,55.034767716485746,6.152936322644265,-0.04821110437326359,0.025721201496731183,-2.746451612903226,0.5,35.07,72.11,28.54,24.75,MEDIO
2024-08-07,5.6554999351501465,5.561860132217407,72320106597,9172640907,60935977568.86667,1.0002729892730713,81492747504,67802792536.0,103.1999969482422,27.850000381469727,-2.281984327413356,6.039302400650692,3.757318073237337,0.0690322580645161,10.5,107.30948258064517,85.56225806451613,-2.73483870967742,2024-S2,3,2024,8,61.380512204706775,3.757318073237337,-0.048234358690291135,0.0257145873959308,-2.73483870967742,0.5,30.95,62.53,29.35,25.02,MEDIO
2024-08-08,5.635799884796143,5.56563679377238,73383041658,8609634275,61623027818.1,1.0002789497375488,81992675933,68596279740.333336,103.20999908447266,23.790000915527344,-2.6779857478166136,4.729590018826935,2.051604271010321,0.0838709677419354,10.5,107.33706967741936,85.52096774193548,-2.695483870967742,2024-S2,3,2024,8,62.10872562354488,2.051604271010321,-0.04825763545127648,0.02570797669578795,-2.695483870967742,0.5,27.57,55.71,30.56,25.06,BAIXO
2024-08-09,5.54610013961792,5.567156791687012,55251256632,6203173859,61854397482.7,1.0005780458450315,61454430491,68855087506.46666,103.13999938964844,20.3700008392334,-2.6154321373628053,3.444446513562649,0.8290143761998436,0.0987096774193548,10.5,107.36465677419356,85.47967741935484,-2.6283870967741936,2024-S2,3,2024,8,13.05999151670527,0.8290143761998436,-0.04828093468870476,0.025701369393726914,-2.6283870967741936,0.5,21.41,50.82,30.37,24.96,BAIXO
2024-08-12,5.50629997253418,5.564303461710612,63275431596,7736713766,61956783737.73333,1.0001800060272217,71012145362,68963539858.2,103.13999938964844,20.709999084472656,-2.578637277896667,1.0478534431704325,-1.5307838347262348,0.1432258064516129,10.5,107.44741806451611,85.3558064516129,-2.2606451612903227,2024-S2,3,2024,8,37.92565678599882,-1.5307838347262348,-0.14491276930566066,0.0770842964613605,-2.2606451612903227,0.5,17.1,47.5,28.98,24.52,BAIXO
2024-08-13,5.491899967193604,5.558866786956787,51440569199,5704692463,62302529675.0,1.0002659559249878,57145261662,69357542556.96666,102.55999755859376,18.1200008392334,-3.153922492124761,0.2697450108957389,-2.884177481229022,0.1580645161290322,10.5,107.47500516129033,85.31451612903226,-2.0825806451612903,2024-S2,3,2024,8,30.587231456800357,-2.884177481229,-0.04837435705566939,0.025674974113987226,-2.0825806451612903,0.5,14.69,47.5,26.25,24.02,BAIXO
2024-08-14,5.455699920654297,5.551540120442708,52144724490,6330884911,61821388507.86667,1.000290036201477,58475609401,68839661396.63333,102.56999969482422,16.190000534057617,-2.9795700808808223,-0.893216434360744,-3.8727865152415664,0.1729032258064516,10.5,107.50259225806452,85.27322580645162,-1.904516129032258,2024-S2,3,2024,8,-8.586463487945906,-3.8727865152415664,-0.04839776916532035,0.025668383763077784,-1.904516129032258,0.5,7.5,12.5,22.04,23.28,BAIXO
2024-08-15,5.468900203704834,5.548656797409057,56751936622,7187161595,61170167494.23333,1.000236988067627,63939098217,68168117607.76667,102.9800033569336,15.229999542236328,-2.29601340978266,0.7389753450373848,-1.5570380647452753,0.1877419354838709,10.5,107.53017935483872,85.23193548387097,-1.726451612903226,2024-S2,3,2024,8,-24.060115985257756,-1.5570380647452864,-0.04842120394784599,0.025661796794596015,-1.726451612903226,0.5,9.42,12.5,18.38,22.81,BAIXO
2024-08-16,5.484899997711182,5.548606793085734,49001060836,5554835179,60740263528.43333,1.0002909898757937,54555896015,67699096211.93333,102.45999908447266,14.800000190734863,-2.307397246681797,2.2800545508362635,-0.0273426958455336,0.2025806451612903,10.5,107.5577664516129,85.19064516129032,-1.5483870967741935,2024-S2,3,2024,8,-53.07792837708003,-0.027342695845533616,-0.04844466143616444,0.02565521320592179,-1.5483870967741935,0.5,13.42,12.5,15.87,22.15,BAIXO
2024-08-19,5.47130012512207,5.548607126871745,46796006984,4852810943,59090058121.566666,1.000525951385498,51648817927,65811971245.63333,101.88999938964844,14.649999618530272,-2.971148160281367,2.9713311807412213,0.000183020459854,0.2470967741935484,10.5,107.64052774193549,85.06677419354838,-1.0141935483870967,2024-S2,3,2024,8,-37.26295844283361,0.00018302045985407744,-0.14540442498987005,0.07694589898332715,-1.0141935483870967,0.5,15.21,12.5,14.11,21.68,BAIXO
2024-08-20,5.405600070953369,5.546447134017944,53591125880,5325316305,59193956487.16666,1.0000460147857666,58916442185,65917857466.96667,101.44000244140624,15.880000114440918,-3.5007612338513128,2.31620823383214,-1.1845530000191729,0.2619354838709677,10.5,107.66811483870968,85.02548387096775,-0.8361290322580643,2024-S2,3,2024,8,1.553094318214998,-1.1845530000191729,-0.048538719108692785,0.025628912597253084,-0.8361290322580643,0.5,15.28,23.37,13.23,21.39,BAIXO
2024-08-21,5.478099822998047,5.548480463027954,53113473486,5665095199,59206728751.53333,1.0003060102462769,58778568685,65927283303.03333,101.04000091552734,16.270000457763672,-3.817231813172584,4.943293189793751,1.126061376621168,0.276774193548387,10.5,107.69570193548388,84.9841935483871,-0.6580645161290319,2024-S2,3,2024,8,9.942641726791134,1.126061376621168,-0.04856229062255579,0.02562234586862555,-0.6580645161290319,0.5,24.83,52.0,14.34,21.53,BAIXO
2024-08-22,5.482500076293945,5.550740464528402,45673020568,4782782342,58488584038.066666,1.0002280473709106,50455802910,65099134896.03333,101.51000213623048,17.549999237060547,-2.8054387559207417,4.057586513354194,1.2521477574334527,0.2916129032258064,10.5,107.72328903225808,84.94290322580645,-0.48,2024-S2,3,2024,8,-12.650475307746456,1.2521477574334527,-0.048585885041252386,0.025615782504240237,-0.48,0.5,18.03,17.51,14.81,21.47,BAIXO
2024-08-23,5.59089994430542,5.555837122599284,66435913915,8562443281,58979747638.0,1.0008389949798584,74998357196,65690720227.566666,100.72000122070312,15.859999656677246,-3.237578283938092,6.049268913614769,2.811690629676677,0.3064516129032258,10.5,107.75087612903226,84.90161290322581,-0.3019354838709676,2024-S2,3,2024,8,43.03747099599305,2.8116906296766775,-0.048609502398189175,0.025609222501477014,-0.3019354838709676,0.5,30.32,58.75,18.07,21.73,MEDIO
2024-08-26,5.485400199890137,5.557923793792725,51030197598,5394349814,57643955397.63333,1.000201940536499,56424547412,64163218060.7,100.8499984741211,16.149999618530273,-3.2056856598726813,4.360073338994386,1.1543876791217045,0.3509677419354838,10.5,107.83363741935484,84.77774193548387,0.2322580645161291,2024-S2,3,2024,8,-23.353867380678793,1.1543876791217045,-0.14589942818062918,0.07680799757348034,0.2322580645161291,0.5,19.13,17.12,19.46,21.75,BAIXO
2024-08-27,5.495699882507324,5.559553782145183,65120597214,6943030162,58692364115.86667,1.0003269910812378,72063627376,65342009113.333336,100.5500030517578,15.43000030517578,-3.567654849019275,4.465423235806087,0.8977683867868125,0.3658064516129032,10.5,107.86122451612904,84.73645161290322,0.4103225806451611,2024-S2,3,2024,8,-14.639113371289136,0.8977683867868125,-0.0487042018789241,0.025583016055485963,0.4103225806451611,0.5,19.63,16.09,20.35,21.6,BAIXO
2024-08-28,5.507900238037109,5.562340450286865,69866785923,7652368988,58900956495.1,1.0001499652862549,77519154911,65579106200.26667,101.08999633789062,17.110000610351562,-2.56385895143072,4.105072403190824,1.541213451760104,0.3806451612903225,10.5,107.88881161290324,84.69516129032259,0.5883870967741935,2024-S2,3,2024,8,12.8737325353671,1.541213451760104,-0.0487279344304592,0.025576472822330665,0.5883870967741935,0.5,23.87,53.66,21.58,21.89,BAIXO
2024-08-29,5.56220006942749,5.564823786417644,51557558279,6251270493,58910640677.53333,1.0001590251922607,57808828772,65619411195.73333,101.33999633789062,15.649999618530272,-2.7167148706913946,4.074297904022906,1.3575830333315109,0.3954838709677419,10.5,107.91639870967742,84.65387096774194,0.7664516129032255,2024-S2,3,2024,8,-3.9443824781805303,1.3575830333315109,-0.04875169012207303,0.025569932935365358,0.7664516129032255,0.5,19.09,17.93,22.13,21.98,BAIXO
2024-08-30,5.627699851989746,5.5676404476165775,53462688174,6018973038,58959291246.53333,0.9998930096626282,59481661212,65669731669.43333,101.6999969482422,15.0,-2.5862112434619444,4.110598523801534,1.5243872803395897,0.4103225806451613,10.5,107.94398580645162,84.61258064516129,0.9445161290322583,2024-S2,3,2024,8,-17.269214485273345,1.5243872803395897,-0.0487754689875719,0.025563396392058735,0.9445161290322583,0.5,19.41,18.6,21.35,21.91,BAIXO
2024-09-02,5.60920000076294,5.570584710439047,45617837521,4433901472,56395529308.4,0.9998949766159058,50051738993,62728306483.6,,,,,1.599890068394605,0.444,10.5,108.00430666666666,84.55233333333334,1.467870967741936,2024-S2,3,2024,9,-13.488387672211354,1.599890068394605,-0.07120372806097564,0.05588163135201718,1.467870967741936,0.5,,18.9,21.91,21.92,
2024-09-03,5.615099906921387,5.572064701716105,43284063635,4872467519,55889913404.7,0.9997509717941284,48156531154,62169929730.23333,101.83000183105467,20.71999931335449,-2.37752448047559,3.1745470623398164,0.7970225818642263,0.448,10.5,108.00945333333334,84.57466666666667,1.6242580645161286,2024-S2,3,2024,9,-35.60582807008944,0.7970225818642263,0.026413621544052468,0.004765242077398035,1.6242580645161286,0.5,24.67,15.69,20.97,22.11,BAIXO
2024-09-04,5.647500038146973,5.574138037363688,57499396611,6477656833,51509023474.2,1.0000189542770386,63977053444,57177419640.46667,101.36000061035156,21.31999969482422,-2.958349859427767,4.071988693077556,1.1136388336497882,0.452,10.5,108.0146,84.59700000000001,1.7698064516129026,2024-S2,3,2024,9,11.215237675082479,1.1136388336497882,0.026406646592369576,0.0047650150128752955,1.7698064516129026,0.5,31.89,51.95,23.09,22.52,MEDIO
2024-09-05,5.642000198364258,5.5737513701121015,47219392114,5761221107,50369789325.36667,0.999754011631012,52980613221,55894978407.9,101.11000061035156,19.899999618530277,-3.1420622650392804,2.936882961505227,-0.2051793035340532,0.456,10.5,108.01974666666666,84.61933333333333,1.9045161290322576,2024-S2,3,2024,9,-32.50484311886833,-0.20517930353405323,0.026399675323385274,0.004764787970024109,1.9045161290322576,0.5,24.42,12.5,23.89,22.4,BAIXO
2024-09-06,5.567500114440918,5.571231381098429,76063648537,10002129981,50494574056.7,0.9997419714927672,86065778518,56047412775.03333,101.18000030517578,22.3799991607666,-3.04714477441308,1.7074613859834775,-1.3396833884296022,0.46,10.5,108.02489333333334,84.64166666666667,2.028387096774193,2024-S2,3,2024,9,44.372504534514555,-1.3396833884296022,0.026392707734257392,0.004764560948800067,2.028387096774193,0.5,28.56,47.5,24.67,22.63,BAIXO
2024-09-09,5.59660005569458,5.570356686909993,53645369813,6525561297,49196972782.8,1.0001449584960938,60170931110,54601526197.3,101.5500030517578,19.450000762939453,-2.655288200891204,2.188605500690255,-0.4666827002009488,0.472,10.5,108.04033333333334,84.70866666666667,2.3349677419354835,2024-S2,3,2024,9,-15.663887900345653,-0.4666827002009488,0.07915723146598719,0.014293001847587306,2.3349677419354835,0.5,36.6,12.5,27.59,23.02,MEDIO
2024-09-10,5.5843000411987305,5.569350020090739,44958459857,4970979431,49298617057.43333,1.0000170469284058,49929439288,54727502348.36667,101.62999725341795,19.07999992370605,-2.802219179025756,2.264326146139317,-0.5378930328864384,0.476,10.5,108.04548,84.73100000000001,2.415483870967741,2024-S2,3,2024,9,-12.30532099033763,-0.5378930328864384,0.026364874117557058,0.004763653080175345,2.415483870967741,0.5,23.33,12.5,28.24,23.16,BAIXO
2024-09-11,5.662899971008301,5.571076679229736,53910355372,6194531532,48986447849.96667,1.0001369714736938,60104886904,54363927066.43333,101.68000030517578,17.690000534057617,-2.7451005861388933,3.6682666739430094,0.923166087804117,0.48,10.5,108.05062666666667,84.75333333333333,2.485161290322581,2024-S2,3,2024,9,3.6674384032963303,0.923166087804117,0.02635792488383526,0.004763426167087026,2.485161290322581,0.5,29.96,41.86,28.49,23.41,BAIXO
2024-09-12,5.667399883270264,5.571436675389608,49496227393,5583428255,48921636456.43333,0.9999719858169556,55079655648,54295073532.63333,101.37000274658205,17.06999969482422,-2.6224743204177225,2.813399696068386,0.1909253756506634,0.484,10.5,108.05577333333332,84.77566666666667,2.5440000000000005,2024-S2,3,2024,9,-24.815917977601252,0.19092537565066348,0.026350979312517175,0.004763199275581442,2.5440000000000005,0.5,24.92,13.26,28.53,23.35,BAIXO
2024-09-13,5.625699996948242,5.567273346583049,50561943685,5979995702,48868877096.26667,1.0007779598236084,56541939387,54230617865.5,101.11000061035156,16.559999465942383,-3.1698885430340384,0.9979435770716804,-2.171944965962358,0.488,10.5,108.06092,84.798,2.5920000000000005,2024-S2,3,2024,9,-25.395952043221893,-2.171944965962369,0.026344037400671816,0.004762972405747412,2.5920000000000005,0.5,20.27,12.5,26.87,22.88,BAIXO
2024-09-16,5.612370014190674,5.563462352752685,52359857999,6009825679,48337865613.43333,0.9999369978904724,58369683678,53613385513.2,100.76000213623048,17.139999389648438,-2.373798052490028,0.3773634859374875,-1.9964345665525407,0.5,10.5,108.07636,84.86500000000001,2.7360000000000007,2024-S2,3,2024,9,-72.28553412361242,-1.9964345665525407,0.07901129743626001,0.014288236672421739,2.7360000000000007,0.5,32.39,12.5,28.0,22.72,MEDIO
2024-09-17,5.503900051116943,5.556229019165039,55698782715,6832779460,49028925645.3,1.0000879764556885,62531562175,54428670154.26667,100.88999938964844,17.610000610351562,-1.7528513087579969,-2.0402582614334364,-3.793109570191433,0.504,10.5,108.08150666666668,84.88733333333333,2.7840000000000007,2024-S2,3,2024,9,-31.57096460021547,-3.793109570191433,0.026316306290374847,0.00476206514234967,2.7840000000000007,0.5,17.93,12.5,26.49,22.13,BAIXO
2024-09-18,5.4816999435424805,5.5504356861114506,62277811817,6960600328,49544985806.4,1.0004349946975708,69238412145,55014989961.53333,100.5999984741211,18.229999542236328,-2.301643894809935,-0.771470659174267,-3.073114553984202,0.508,10.5,108.08665333333332,84.90966666666667,2.8320000000000007,2024-S2,3,2024,9,-13.885895987349905,-3.073114553984202,0.026309382632661027,0.004761838380451522,2.8320000000000007,0.8,13.49,5.0,23.18,21.53,BAIXO
2024-09-19,5.460999965667725,5.544609022140503,68815065769,7071100441,50052450469.36667,1.0001980066299438,75886166210,55580647429.03333,100.61000061035156,16.329999923706055,-2.509686448139703,-0.5919126629284621,-3.101599111068165,0.512,10.75,108.0918,84.932,2.88,2024-S2,3,2024,9,-6.224838580947556,-3.101599111068165,0.02630246261714486,0.0047616116402693365,2.88,0.8,13.55,5.0,21.79,21.05,BAIXO
2024-09-20,5.423900127410889,5.5405356884002686,62999225593,6050168399,50381975539.6,1.0001109838485718,69049393992,55923008272.6,100.72000122070312,16.149999618530273,-2.412554874389239,0.2092046078819742,-2.2033502665072646,0.516,10.75,108.09694666666668,84.95433333333334,2.928,2024-S2,3,2024,9,14.02315428335903,-2.2033502665072646,0.026295546240917567,0.004761384921581069,2.928,0.8,19.25,40.0,20.26,20.97,BAIXO
2024-09-23,5.513599872589111,5.5407790184021,60077721757,6075070143,49619366200.8,0.9999989867210388,66152791900,54992569646.86667,100.91999816894533,15.890000343322754,-2.1524153905763344,2.2849889897508024,0.1325735991744681,0.528,10.75,108.11238666666668,85.02133333333333,3.072,2024-S2,3,2024,9,-5.053635760901143,0.1325735991744681,0.07886590050338871,0.014283474673537633,3.072,0.8,33.25,5.53,21.45,21.53,MEDIO
2024-09-24,5.536099910736084,5.5422523498535154,56967919219,6354408025,50172912853.1,0.9999679923057556,63322327244,55632028244.3,100.37000274658205,15.390000343322754,-2.685666724314928,3.490487347533,0.8048206232180721,0.532,10.75,108.11753333333333,85.04366666666667,3.12,2024-S2,3,2024,9,10.745118310447177,0.8048206232180499,0.026267917071787217,0.004760478262788581,3.12,0.8,27.55,43.22,22.49,21.97,BAIXO
2024-09-25,5.449699878692627,5.542052348454793,50797578929,5027597589,50165158897.46667,0.9998549818992616,55825176518,55612049214.5,100.91999816894533,15.40999984741211,-1.5990634055070951,1.4890859131792111,-0.109977492327884,0.536,10.75,108.12268,85.066,3.1679999999999997,2024-S2,3,2024,9,-2.5834743095791923,-0.10997749232788401,0.026261018849149664,0.0047602516520584,3.1679999999999997,0.8,17.78,5.0,20.4,22.33,BAIXO
2024-09-26,5.473800182342529,5.5422156810760494,66981158381,6835010999,50227177603.03333,1.0002429485321045,73816169380,55670467281.3,100.55999755859376,15.369999885559082,-1.959639409389502,2.0492365579053207,0.0895971485158186,0.54,10.75,108.12782666666666,85.08833333333334,3.216000000000001,2024-S2,3,2024,9,18.0244452751144,0.08959714851581868,0.02625412424861473,0.004760025062888751,3.216000000000001,0.8,24.83,40.36,21.39,22.86,BAIXO
2024-09-27,5.436699867248535,5.540609010060629,61923482857,5842305183,49962400834.16666,1.0001790523529053,67765788040,55345355052.26667,100.41999816894533,16.959999084472656,-2.485924552862151,1.6071458972301444,-0.8787786556320065,0.544,10.75,108.13297333333334,85.11066666666667,3.264,2024-S2,3,2024,9,26.37171889859613,-0.8787786556320065,0.02624723326738465,0.004759798495301837,3.264,0.8,24.43,40.0,22.95,23.24,BAIXO
2024-09-30,5.433199882507324,5.53933900197347,64288823984,6665769413,50378041887.93333,0.999813973903656,70954593397,55705654592.066666,100.77999877929688,16.729999542236328,-1.6396645717229763,0.943299142237497,-0.6963654294854793,0.556,10.75,108.14841333333334,85.17766666666667,3.4080000000000013,2024-S2,3,2024,9,37.381003481730744,-0.6963654294854793,0.07872103770776295,0.014278715847759749,3.4080000000000013,0.8,37.02,40.0,26.3,23.99,MEDIO
2024-10-01,5.448500156402588,5.540769004821778,87661652549,10848900888,51939542504.76667,0.999787986278534,98510553437,57497301180.66666,101.19000244140624,19.26000022888184,-0.687012417740096,1.480635417705245,0.793622999965149,0.56,10.75,108.15356,85.2,3.4560000000000004,2024-S2,4,2024,10,63.57494101782808,0.793622999965149,0.026219705478358613,0.004758892440515083,3.4560000000000004,0.8,25.96,43.17,27.26,24.36,BAIXO
2024-10-02,5.423999786376953,5.538965670267741,70063566098,6994868258,52754400124.0,0.9997509717941284,77058434356,58397524359.43333,101.68000030517578,18.899999618530277,0.2365909483373229,-1.2241603313188465,-0.9875693829815236,0.5545161290322581,10.75,108.14811903225808,85.22967741935484,3.4945161290322586,2024-S2,4,2024,10,31.912980830500224,-0.9875693829815235,0.034832651824934224,-0.0050307800704141314,3.4945161290322586,0.8,23.98,40.0,25.94,24.33,BAIXO
2024-10-03,5.440299987792969,5.537559000651042,63125979096,6648292023,53415797306.03333,0.9999939799308776,69774271119,59118115691.6,101.98999786376952,20.489999771118164,0.940218665512904,-1.7099421112716673,-0.7697234457587632,0.5490322580645162,10.75,108.14267806451612,85.25935483870968,3.523548387096774,2024-S2,4,2024,10,38.212840558717296,-0.7697234457587632,0.03482052291341464,-0.005031033170665999,3.523548387096774,0.8,24.34,40.0,25.48,24.55,BAIXO
2024-10-04,5.47629976272583,5.533738994598389,52705769943,6045872517,53256009750.43333,1.0001510381698608,58751642460,58943935325.46667,102.5199966430664,19.209999084472656,0.9949704320570074,-3.0447331307494663,-2.049762698692459,0.5435483870967742,10.75,108.1372370967742,85.28903225806452,3.543096774193549,2024-S2,4,2024,10,-20.666749598066392,-2.049762698692459,0.03480840244567407,-0.005031286296308668,3.543096774193549,0.8,17.47,5.0,25.43,24.1,BAIXO
2024-10-07,5.4542999267578125,5.532702318827311,62209887550,6657443142,52098770868.16666,0.9999709725379944,68867330692,57543071569.23333,102.54000091552734,22.63999938964844,1.8069893494502052,-2.373953873441492,-0.5669645239912868,0.5270967741935484,10.75,108.1209141935484,85.37806451612903,3.5448387096774194,2024-S2,4,2024,10,21.907988756128518,-0.5669645239912868,0.10438887123858098,-0.015094618342426092,3.5448387096774194,0.8,42.97,40.0,28.02,24.92,MEDIO
2024-10-08,5.494200229644775,5.53265233039856,52704043947,6015193014,52763762395.2,0.9994199872016908,58719236961,58294343169.4,102.5500030517578,21.420000076293945,1.685676354346155,-1.712964104671133,-0.0272877503249779,0.5216129032258064,10.75,108.11547322580644,85.40774193548387,3.5264516129032266,2024-S2,4,2024,10,-19.067013814686906,-0.02728775032497799,0.03476000483617625,-0.00503229905384206,3.5264516129032266,0.8,17.44,5.0,27.03,24.85,BAIXO
2024-10-09,5.5346999168396,5.5335456530253095,51841377811,5488861733,52703629328.46667,0.9990710020065308,57330239544,58199653450.53333,102.93000030517578,20.86000061035156,2.366978797795638,-1.880410820085832,0.4865679777098064,0.5161290322580645,10.75,108.1100322580645,85.43741935483871,3.49858064516129,2024-S2,4,2024,10,-25.79968131332928,0.4865679777098064,0.03474792645525859,-0.005032552306893923,3.49858064516129,0.8,17.4,6.95,24.22,24.63,BAIXO
2024-10-10,5.596099853515625,5.534675645828247,53496953156,5487546707,52988245771.76667,0.9992089867591858,58984499863,58501488803.03333,102.98999786376952,20.93000030517578,1.8795148824896524,-1.2700476992708376,0.6094671832188148,0.5106451612903227,10.75,108.10459129032256,85.46709677419355,3.4612258064516137,2024-S2,4,2024,10,3.76161118124545,0.6094671832188148,0.034735856465406556,-0.005032805585480915,3.4612258064516137,0.8,20.28,33.77,23.41,24.67,BAIXO
2024-10-11,5.581699848175049,5.533142312367757,51632274020,5062260065,52912309726.7,0.9997559785842896,56694534085,58387810375.73333,102.88999938964844,20.459999084472656,1.5295077045293537,-2.346893226581204,-0.81738552205185,0.5051612903225807,10.75,108.09915032258064,85.49677419354839,3.4143870967741945,2024-S2,4,2024,10,-3.4237226307115787,-0.81738552205185,0.03472379485787158,-0.005033058889525321,3.4143870967741945,0.8,17.28,5.0,22.45,24.59,BAIXO
2024-10-14,5.610599994659424,5.533188978830974,73645211355,7287349529,53419216595.46667,0.9995030164718628,80932560884,58832557114.73333,103.3000030517578,19.700000762939453,1.5732607192996406,-1.5483018321803763,0.024958887119264,0.4887096774193549,10.75,108.08282741935484,85.58580645161291,3.226451612903226,2024-S2,4,2024,10,61.43950559054383,0.02495888711924188,0.10413522487171534,-0.01509993665730347,3.226451612903226,0.8,44.37,40.1,25.32,25.25,MEDIO
2024-10-15,5.594699859619141,5.532508977254232,83963242850,8158392140,55098830812.93333,0.9998080134391784,92121634990,60673571565.566666,103.26000213623048,20.63999938964844,1.4043015608978138,-1.7676084947085613,-0.3633069338107475,0.4832258064516129,10.75,108.0773864516129,85.61548387096775,3.160645161290323,2024-S2,4,2024,10,93.9818857074832,-0.3633069338107475,0.03467563207646407,-0.0050340723608544025,3.160645161290323,0.8,25.49,40.0,26.46,25.28,BAIXO
2024-10-16,5.651999950408936,5.532658974329631,63169854723,6696380074,55459164037.066666,0.9998350143432616,69866234797,61056789936.2,103.58999633789062,19.57999992370605,2.2000746982151487,-2.120394977425999,0.0796797207891497,0.477741935483871,10.75,108.07194548387096,85.64516129032259,3.0948387096774197,2024-S2,4,2024,10,9.861769768406937,0.07967972078917196,0.034663612249818954,-0.00503432579244123,3.0948387096774197,0.8,21.33,40.32,23.37,24.93,BAIXO
2024-10-17,5.668000221252441,5.533525641759237,55057801321,5414632057,55437797990.6,0.9996830224990844,60472433378,60988152309.63333,103.83000183105467,19.11000061035156,2.6901406431449004,-2.229310760584436,0.4608298825604651,0.472258064516129,10.75,108.06650451612904,85.67483870967742,3.0290322580645164,2024-S2,4,2024,10,16.599979068082927,0.4608298825604651,0.034651600753288214,-0.005034579249552085,3.0290322580645164,0.8,22.14,41.84,24.04,24.85,BAIXO
2024-10-18,5.651800155639648,5.536335643132528,59487210585,6032177392,55344777949.53333,0.9999079704284668,65519387977,60864184837.36667,103.48999786376952,18.030000686645508,2.28305747343982,-0.7689121754437922,1.514145297996028,0.4667741935483871,10.75,108.0610635483871,85.70451612903226,2.963225806451613,2024-S2,4,2024,10,-21.792851474823284,1.514145297996028,0.034639597578234316,-0.0050348327322202735,2.963225806451613,0.8,16.66,11.06,23.94,24.46,BAIXO
2024-10-21,5.635900020599365,5.537645641962687,66839777317,6942827868,54643802682.63333,0.9998329877853394,73782605185,60066261428.36667,104.01000213623048,18.3700008392334,2.422451019739369,-1.7202395964879047,0.7022114232514642,0.4503225806451613,10.75,108.04474064516128,85.79354838709678,2.765806451612904,2024-S2,4,2024,10,24.59561291122383,0.7022114232514642,0.10388280814803696,-0.015105258721148651,2.765806451612904,0.8,42.03,42.81,27.04,24.64,MEDIO
2024-10-22,5.68809986114502,5.541105635960897,58886789137,6299084767,55225825618.2,0.9993879795074464,65185873904,60734172660.13333,104.08000183105467,18.200000762939453,2.4107100697125405,-0.5519306491854392,1.858779420527101,0.4448387096774194,10.75,108.03929967741936,85.82322580645162,2.700000000000001,2024-S2,4,2024,10,30.980441332514562,1.8587794205271235,0.03459166791999202,-0.005035846918077791,2.700000000000001,0.8,22.82,47.44,27.83,24.62,BAIXO
2024-10-23,5.689300060272217,5.541985638936361,60689585382,7180272273,55246221072.36667,0.9991940259933472,67869857655,60791408185.3,104.43000030517578,19.239999771118164,2.7045633278386383,-2.238369515497362,0.4661938123412756,0.4393548387096774,10.75,108.03385870967742,85.85290322580646,2.6341935483870973,2024-S2,4,2024,10,12.575005234562052,0.46619381234127566,0.03457970622284812,-0.005036100528410525,2.6341935483870973,0.8,21.12,41.86,24.51,24.32,BAIXO
2024-10-24,5.686500072479248,5.5426223119099935,57614263583,6751752975,55267765884.5,0.9995070099830629,64366016558,60826197829.1,104.05999755859376,19.07999992370605,2.653639872869018,-2.3166213175811468,0.3370185552878713,0.4338709677419355,10.75,108.02841774193548,85.8825806451613,2.568387096774193,2024-S2,4,2024,10,16.401323126190604,0.3370185552878713,0.03456775279548907,-0.005036354164256185,2.568387096774193,0.8,21.5,41.35,23.94,24.21,BAIXO
2024-10-25,5.664000034332275,5.543898979822795,78091841017,10349261606,56177574620.76667,0.9981629848480223,88441102623,61913395365.93333,104.26000213623048,20.32999992370605,3.1154203410779235,-2.434615509593674,0.6808048314842496,0.4283870967741935,10.75,108.02297677419354,85.91225806451614,2.50258064516129,2024-S2,4,2024,10,54.44786201952749,0.6808048314842496,0.034555807629321755,-0.005036607825681383,2.50258064516129,0.8,23.58,42.72,24.26,24.32,BAIXO
2024-10-28,5.685812950134277,5.546347077687582,66855500410,7852957302,55440786615.3,0.999305009841919,74708457712,61184604232.66666,104.31999969482422,19.799999237060547,3.533145576734431,-2.22455516380895,1.308590412925481,0.4119354838709678,10.75,108.00665387096774,86.00129032258064,2.305161290322581,2024-S2,4,2024,10,27.68464805858879,1.308590412925481,0.10363161214741456,-0.015110584537880722,2.305161290322581,0.8,41.57,45.23,27.04,24.63,MEDIO
2024-10-29,5.71019983291626,5.553223737080892,87586242107,9596165797,57055266617.86667,0.9997289776802064,97182407904,63017153510.46667,104.27999877929688,19.34000015258789,3.360094568497196,0.3881526722471218,3.748247240744318,0.4064516129032258,10.75,108.0012129032258,86.03096774193548,2.2393548387096773,2024-S2,4,2024,10,57.24983175155196,3.748247240744318,0.03450810940570648,-0.005037622726866697,2.2393548387096773,0.8,24.33,54.99,28.14,24.84,BAIXO
2024-10-30,5.760000228881836,5.562500413258871,69142436437,7228206285,57217053699.63333,0.9996320009231568,76370642722,63197688487.96667,103.98999786376952,20.350000381469727,3.3697807565280518,1.7071167060409564,5.076897462569008,0.4009677419354839,10.75,107.99577193548386,86.06064516129032,2.1735483870967744,2024-S2,4,2024,10,11.022584801423863,5.076897462569008,0.03449620541740028,-0.005037876516089668,2.1735483870967744,0.8,24.7,60.31,25.66,25.21,BAIXO
2024-10-31,5.76230001449585,5.572543748219808,67445977914,8076588759,56543197878.46667,0.9986230134963988,75522566673,62431422262.5,103.9800033569336,23.15999984741211,3.349570347021058,2.167735104770574,5.517305451791632,0.3954838709677419,10.75,107.99033096774193,86.09032258064516,2.107741935483872,2024-S2,4,2024,10,-1.98951761463948,5.517305451791632,0.03448430963912674,-0.005038130330869972,2.107741935483872,0.8,21.13,27.07,25.42,25.47,BAIXO
2024-11-01,5.789400100708008,5.584727080663045,75894767746,9015564727,56737571266.73333,0.9994419813156128,84910332473,62693152199.73333,104.27999877929688,21.8799991607666,3.5345487643441142,3.204144145025345,6.738692909369459,0.39,10.75,107.98489,86.12,2.041935483870968,2024-S2,4,2024,11,20.469366141594048,6.738692909369459,0.03447242206235934,-0.005038384171229815,2.041935483870968,0.8,29.49,66.95,26.61,25.81,BAIXO
2024-11-04,5.677525997161865,5.590191284815471,64129566492,7276116614,57134282102.3,0.9995650053024292,71405683106,63135341748.03333,103.88999938964844,21.979999542236328,2.942926352149944,0.0301969857932737,2.9731233379432176,0.403,10.75,107.930868,86.211,1.90341935483871,2024-S2,4,2024,11,6.744338194761679,2.9731233379432176,0.10566651184393816,-0.05002736956993825,1.90341935483871,0.8,45.17,51.89,30.0,26.21,MEDIO
2024-11-05,5.790599822998047,5.598674615224202,69890308288,7134708417,58421034471.8,1.0000009536743164,77025016705,64574371722.53333,103.41999816894533,20.489999771118164,3.0387519566618115,1.558345573467923,4.597097530129735,0.4073333333333333,10.75,107.91286066666666,86.24133333333334,1.876881720430108,2024-S2,4,2024,11,22.683624829832482,4.5970975301297345,0.03518499186105917,-0.016684136491285084,1.876881720430108,0.8,27.37,58.39,30.54,26.2,BAIXO
2024-11-06,5.739799976348877,5.608344618479411,174263401161,18761282529,62156151592.16666,1.000830054283142,193024683690,68712950155.8,105.08999633789062,16.270000457763672,4.131983991878907,1.1912467201551813,5.323230712034088,0.4116666666666667,10.75,107.89485333333332,86.27166666666668,1.8601612903225808,2024-S2,4,2024,11,243.0545408563048,5.323230712034088,0.03517261637884239,-0.016686920559882967,1.8601612903225808,0.8,30.44,61.29,28.95,26.62,MEDIO
2024-11-07,5.674799919128418,5.615044609705607,113210698441,11496612662,64173040075.3,1.0007150173187256,124707311103,70912552627.2,104.51000213623048,15.199999809265137,3.9280078296890952,-0.2559750537343364,3.672032775954759,0.416,11.25,107.876846,86.302,1.8532580645161287,2024-S2,4,2024,11,69.01872284298021,3.672032775954759,0.035160249599131,-0.016689705557759726,1.8532580645161287,0.8,25.32,54.69,29.09,26.64,BAIXO
2024-11-08,5.690999984741211,5.6235212802886965,102072246665,9887580646,65847402370.43333,1.0004589557647705,111959827311,72733538886.1,105.0,14.9399995803833,4.560846359854898,0.1166257041193663,4.677472063974264,0.4203333333333333,11.25,107.85883866666666,86.33233333333334,1.856172043010753,2024-S2,4,2024,11,64.83608795182856,4.677472063974264,0.03514789151275455,-0.016692491485470473,1.856172043010753,0.8,25.51,58.71,29.2,26.67,BAIXO
2024-11-11,5.736400127410889,5.633627955118815,221704336713,17333067299,77161664178.1,1.0011160373687744,239037404012,84780656273.1,105.54000091552734,14.970000267028809,4.723161533921649,0.8573481373633118,5.580509671284961,0.4333333333333333,11.25,107.80481666666668,86.42333333333333,1.9238172043010755,2024-S2,4,2024,11,244.85673088090252,5.580509671284961,0.10540662633156117,-0.050085835030111436,1.9238172043010755,0.8,53.44,62.32,33.82,27.22,MEDIO
2024-11-12,5.75540018081665,5.643857955932617,263991047405,19965628237,84729339937.2,1.0009820461273191,283956675642,92918369984.96666,106.0199966430664,14.710000038146973,4.7731930873872175,0.8595501557862484,5.632743243173466,0.4376666666666667,11.25,107.78680933333332,86.45366666666666,1.966,2024-S2,4,2024,11,201.14769654546225,5.632743243173466,0.035098545917389146,-0.016703644503224258,1.966,0.8,29.68,62.53,33.85,27.35,BAIXO
2024-11-13,5.748199939727783,5.654664627710978,249998968429,19408804164,90607798506.33331,1.0012710094451904,269407772593,99200877041.93332,106.4800033569336,14.020000457763672,4.720695355380999,1.2564463503598189,5.977141705740818,0.442,11.25,107.768802,86.48400000000001,2.0180000000000007,2024-S2,4,2024,11,256.8173622212135,5.977141705740818,0.03508623116044163,-0.016706435086732974,2.0180000000000007,0.8,30.8,63.91,31.79,27.57,MEDIO
2024-11-14,5.805900096893311,5.666851298014323,191362214233,14655228620,94187764219.1,1.0000189542770386,206017442853,102997403970.7,106.66999816894533,14.3100004196167,4.588685560545813,2.131534095000398,6.720219655546211,0.4463333333333333,11.25,107.75079466666666,86.51433333333334,2.0700000000000003,2024-S2,4,2024,11,203.14336026690748,6.7202196555462335,0.03507392504200624,-0.01670922660282903,2.0700000000000003,0.8,33.14,66.88,32.62,27.87,MEDIO
2024-11-15,5.788300037384033,5.6772513071695965,162767483205,11937522034,97507685168.5,1.0003670454025269,174705005239,106492029652.1,106.69000244140624,16.139999389648438,4.067504813581047,1.6297778074656932,5.69728262104674,0.4506666666666666,11.25,107.73278733333332,86.54466666666667,2.1220000000000008,2024-S2,4,2024,11,208.8228924101271,5.69728262104674,0.03506162755304576,-0.01671201905196762,2.1220000000000008,0.8,31.9,62.79,32.83,28.35,MEDIO
2024-11-18,5.794600009918213,5.688594643274943,160315204053,11308072958,106771388585.2,1.0005910396575928,171623277011,116176719809.66669,106.27999877929688,15.579999923706056,3.64735501304565,2.591760688878808,6.239115701924458,0.4636666666666666,11.25,107.67876533333332,86.63566666666667,2.2780000000000005,2024-S2,4,2024,11,157.70052055495154,6.239115701924458,0.1051480160533691,-0.05014443730380069,2.2780000000000005,0.8,57.88,64.96,37.48,28.84,MEDIO
2024-11-19,5.746399879455566,5.697001298268636,145026896702,10786686009,110091974331.46666,1.0013370513916016,155813582711,119743270769.1,106.20999908447266,16.350000381469727,3.568986761382753,1.02130189337013,4.590288654752883,0.468,11.25,107.660758,86.666,2.330000000000001,2024-S2,4,2024,11,175.17223696883923,4.590288654752883,0.035012523710409305,-0.01672319818821766,2.330000000000001,0.8,30.3,58.36,38.16,29.27,MEDIO
2024-11-20,5.7718000411987305,5.7049046357472735,140774842890,11034592309,112556476517.23334,1.0007619857788086,151809435199,122344165102.9,106.68000030517578,17.15999984741211,3.643252685205156,0.6406313179318834,4.28388400313704,0.4723333333333334,11.25,107.64275066666669,86.69633333333334,2.382000000000001,2024-S2,4,2024,11,171.54919262220994,4.2838840031370395,0.03500026923284327,-0.016725995309563313,2.382000000000001,0.8,29.34,57.14,34.72,29.67,BAIXO
2024-11-21,5.770699977874756,5.710724639892578,196629125698,14804992372,117147887735.93332,1.001054048538208,211434118070,127219106575.1,106.97000122070312,16.8700008392334,3.864456199133204,-0.7444238743089304,3.1200323248242734,0.4766666666666667,11.25,107.62474333333331,86.72666666666667,2.434,2024-S2,4,2024,11,267.5520082884326,3.1200323248242734,0.03498802333046225,-0.016728793366804773,2.434,0.8,28.06,52.48,34.49,29.93,BAIXO
2024-11-22,5.814099788665772,5.718471304575602,168744865627,12996186019,120749730410.76666,1.0011210441589355,181741051646,131014813041.46666,107.48999786376952,15.239999771118164,4.470792595401552,-0.3071874784638106,4.163605116937741,0.481,11.25,107.606736,86.757,2.4860000000000007,2024-S2,4,2024,11,226.82051842542498,4.163605116937763,0.03497578599431783,-0.016731592360264003,2.4860000000000007,0.8,28.13,56.65,34.11,30.29,BAIXO
2024-11-25,5.799300193786621,5.724761311213175,191694839817,13994888761,132379230180.86668,0.9999889731407166,205689728578,142992052200.0,106.81999969482422,14.600000381469728,3.407547472484329,-0.0442672652548825,3.3632802072294465,0.494,11.25,107.552714,86.848,2.6420000000000003,2024-S2,4,2024,11,160.29505013293067,3.3632802072294465,0.10489067164607402,-0.050203176871754795,2.6420000000000003,0.8,51.6,53.45,36.74,30.53,MEDIO
2024-11-26,5.797200202941895,5.731511322657267,181473614140,13492395639,137279895073.7,0.9996539950370787,194966009779,148227959779.6,107.01000213623048,14.100000381469728,3.631609454213103,-0.0121062028529905,3.619503251360112,0.4983333333333333,11.25,107.53470666666666,86.87833333333333,2.694,2024-S2,4,2024,11,116.13459411542965,3.619503251360112,0.03492692213216131,-0.01674279770692566,2.694,0.8,27.35,54.48,36.09,30.59,BAIXO
2024-11-27,5.809599876403809,5.736764653523763,160374457051,11875242690,140397193628.4,1.0009939670562744,172249699741,151479334513.9,106.08000183105467,14.100000381469728,2.4037123092872204,0.3846798948470065,2.788392204134227,0.5026666666666667,11.25,107.51669933333334,86.90866666666666,2.7460000000000004,2024-S2,4,2024,11,153.87814766116287,2.7883922041342046,0.03491472749246327,-0.01674560138908987,2.7460000000000004,0.8,28.94,51.15,31.96,30.85,BAIXO
2024-11-28,5.937399864196777,5.745744641621908,129679180306,8182163025,141800291568.36667,1.0001540184020996,137861343331,152835299028.13333,,,,,4.752992809248813,0.507,11.25,107.498692,86.93900000000001,2.798,2024-S2,4,2024,11,135.53279861275192,4.752992809248813,0.03490254136528925,-0.01674840601040284,2.798,0.8,,59.01,32.24,31.15,
2024-11-29,6.013899803161621,5.75781462987264,134186448971,9445741613,143968425319.5,1.000365972518921,143632190584,155077350623.53333,105.73999786376952,13.510000228881836,1.8395415573840168,4.567260480027935,6.406802037411952,0.5113333333333334,11.25,107.48068466666666,86.96933333333334,2.85,2024-S2,4,2024,11,125.57192991805164,6.406802037411952,0.03489036374162424,-0.016751211571341962,2.85,0.8,39.55,65.63,33.94,31.94,MEDIO
2024-12-02,5.973199844360352,5.76905795733134,227268445649,13993252120,153960280814.3,1.000349044799805,241261697769,165313287144.26666,106.4499969482422,13.34000015258789,2.860178901896493,3.1246650898022037,5.984843991698696,0.5083870967741936,11.25,107.46483516129032,87.0225806451613,2.9900537634408604,2024-S2,4,2024,12,240.01975286532956,5.984843991698696,0.061225388061636465,-0.01474637552365543,2.9900537634408604,0.8,43.31,63.94,36.48,31.98,MEDIO
2024-12-03,6.05679988861084,5.781347958246867,228432340978,12588468097,159655787805.06668,1.0009859800338743,241020809075,171234631639.23334,106.37000274658205,13.300000190734863,2.2690131351602805,4.21294105809118,6.48195419325146,0.4967741935483871,11.25,107.48500032258065,87.01516129032258,3.010161290322581,2024-S2,4,2024,12,287.91780690666053,6.481954193251438,-0.00852578122104708,0.018764427693995778,3.010161290322581,0.8,27.9,65.93,36.44,32.16,BAIXO
2024-12-04,6.043099880218506,5.79314128557841,230862012926,14566231354,165213536019.53333,1.0013370513916016,245428244280,177035383678.36667,106.33999633789062,13.449999809265137,2.171401294270159,4.047286702463149,6.218687996733308,0.4851612903225806,11.25,107.50516548387095,87.00774193548388,3.014322580645162,2024-S2,4,2024,12,280.39807237581107,6.2186879967333075,-0.008526508172468361,0.018760907317094677,3.014322580645162,0.8,27.47,64.87,32.42,32.38,BAIXO
2024-12-05,6.03879976272583,5.8048846085866295,300668571420,21397586720,172906144790.6,1.0022239685058594,322066158140,185203421726.2,105.70999908447266,13.539999961853027,1.2257002542912288,4.969669230562812,6.195369484854041,0.4735483870967742,11.25,107.52533064516128,87.00032258064516,3.0025376344086023,2024-S2,4,2024,12,421.86481735872957,6.195369484854041,-0.008527235247890452,0.018757388260892682,3.0025376344086023,0.8,29.85,64.78,32.84,32.66,BAIXO
2024-12-06,6.010300159454346,5.816427946090698,217009391726,14138620427,174331011142.76666,1.001539945602417,231148012153,186474199341.63333,105.97000122070312,12.770000457763672,1.8354830933317023,4.278572751000498,6.1140558443322,0.4619354838709678,11.25,107.5454958064516,86.99290322580646,2.9748064516129045,2024-S2,4,2024,12,177.88996763280136,6.1140558443322,-0.008527962447291149,0.018753870524590432,2.9748064516129045,0.8,27.77,64.46,32.64,32.81,BAIXO
2024-12-09,6.0883002281188965,5.829844188690186,268299692134,17356499121,182041874913.6,1.0004470348358154,285656191255,194300798080.46667,106.1500015258789,14.1899995803833,1.812775130369637,5.266024005558911,7.0787991359285485,0.4270967741935484,11.25,107.60599129032258,86.97064516129032,2.795935483870968,2024-S2,4,2024,12,301.31281717826874,7.0787991359285485,-0.025586069312300008,0.05625106232236554,2.795935483870968,0.8,30.35,68.32,32.31,32.42,MEDIO
2024-12-10,6.076600074768066,5.8420575300852455,258614541407,16205054595,184697812890.26663,1.0006979703903198,274819596002,197089086955.06668,106.4000015258789,14.18000030517578,1.993866791736476,4.422725491771784,6.41659228350826,0.415483870967742,11.25,107.6261564516129,86.96322580645162,2.70441935483871,2024-S2,4,2024,12,195.26845219716444,6.41659228350826,-0.00853087248570139,0.018739812763701735,2.70441935483871,0.8,27.96,65.67,30.66,32.55,BAIXO
2024-12-11,6.045300006866455,5.851567522684733,183494290144,11895234521,183424144671.3,1.0005509853363037,195389524665,195634157643.5,106.70999908447266,13.579999923706056,2.330264991965292,2.6228559567816667,4.953120948746959,0.4038709677419355,11.25,107.64632161290322,86.9558064516129,2.596956989247312,2024-S2,4,2024,12,165.3859186914727,4.9531209487469585,-0.008531600305661247,0.01873630161584039,2.596956989247312,0.8,22.84,59.81,27.73,32.48,BAIXO
2024-12-12,5.952700138092041,5.857914193471273,175416498704,12062083208,180471659714.6,1.0001039505004885,187478581912,192418221185.8333,106.95999908447266,13.920000076293944,2.856045082906844,0.4481932093933549,3.304238292300199,0.392258064516129,12.25,107.66648677419354,86.9483870967742,2.4735483870967743,2024-S2,4,2024,12,160.0844470335542,3.304238292300199,-0.008532328249788446,0.018732791783482305,2.4735483870967743,0.8,16.97,53.22,26.17,32.34,BAIXO
2024-12-13,5.996099948883057,5.864804188410441,138144222106,9114211832,176743168170.5,1.0001319646835327,147258433938,188346576564.0,107.0,13.8100004196167,2.904401371001719,0.6659141121132084,3.5703154831149275,0.3806451612903226,12.25,107.68665193548388,86.94096774193548,2.334193548387097,2024-S2,4,2024,12,82.02074557805183,3.5703154831149275,-0.008533056318182908,0.018729283265850327,2.334193548387097,0.8,16.1,54.28,24.55,31.88,BAIXO
2024-12-16,6.040900230407715,5.876916662851969,182117784211,12630474818,173779343037.46667,1.0001410245895386,194748259029,185138072345.8,106.86000061035156,14.6899995803833,2.4741099551747414,3.9261114339918857,6.400221389166627,0.3458064516129032,12.25,107.74714741935485,86.91870967741936,1.9161290322580644,2024-S2,4,2024,12,183.98411867281018,6.400221389166627,-0.025601353532422877,0.05617732818661292,1.9161290322580644,0.8,25.52,65.6,23.93,31.2,BAIXO
2024-12-17,6.147299766540527,5.888806660970052,153946818098,11318307939,174509239261.93332,1.000051975250244,165265126037,185967230850.36667,106.95999908447266,15.869999885559082,2.9550483327176917,3.2049343019966647,6.159982634714356,0.3341935483870968,12.25,107.76731258064515,86.91129032258064,1.7767741935483876,2024-S2,4,2024,12,120.26919306697681,6.159982634714356,-0.008535969834633228,0.01871526232783971,1.7767741935483876,0.8,22.68,64.64,23.2,31.04,BAIXO
2024-12-18,6.1031999588012695,5.900919993718465,204621508146,13913234580,175986116065.03333,0.9996659755706788,218534742726,187530946374.2,108.02999877929688,27.6200008392334,4.457552399895359,1.8736783738214855,6.331230773716845,0.3225806451612903,12.25,107.78747774193548,86.90387096774194,1.63741935483871,2024-S2,4,2024,12,17.420816294611676,6.331230773716845,-0.00853669852463046,0.01871176037282485,1.63741935483871,0.8,15.49,65.32,21.08,30.52,BAIXO
2024-12-19,6.288899898529053,5.92138999303182,235961162359,13783077258,179017258253.6,0.9991999864578248,249744239617,190661968271.06668,108.41000366210938,24.09000015258789,3.1592039584282583,7.6623225826335295,10.821526541061788,0.3109677419354839,12.25,107.8076429032258,86.89645161290322,1.4980645161290322,2024-S2,4,2024,12,108.42655827441226,10.821526541061788,-0.00853742733907259,0.0187082597280952,1.4980645161290322,0.8,33.69,80.0,21.9,30.81,MEDIO
2024-12-20,6.151599884033203,5.936743323008219,259587932676,14518266682,182977694579.8,0.999526023864746,274106199358,194738527076.36667,107.62000274658205,18.36000061035156,2.9757923134454023,5.117686873463033,8.093479186908436,0.2993548387096774,12.25,107.82780806451612,86.88903225806452,1.3587096774193554,2024-S2,4,2024,12,154.31783972382306,8.093479186908436,-0.008538156277948517,0.018704760392940223,1.3587096774193554,0.8,27.56,72.37,22.57,30.88,BAIXO
2024-12-23,6.084199905395508,5.94833664894104,143549331087,9456995473,178351898140.86667,0.9987210035324096,153006326560,189637926004.3,108.04000091552734,16.780000686645508,2.8952389671689005,3.1677930783588826,6.063032045527783,0.2645161290322581,12.25,107.8883035483871,86.86677419354838,0.9406451612903228,2024-S2,4,2024,12,-35.25190656381836,6.063032045527783,-0.025616656024007867,0.05610378709988151,0.9406451612903228,0.8,12.46,29.25,21.93,29.47,BAIXO
2024-12-24,6.193900108337402,5.962953313191732,110251264354,7328436637,176654306083.76666,0.99931001663208,117579700991,187905515500.0,108.26000213623048,14.270000457763672,2.5772230406556185,5.041707246456606,7.618930287112224,0.2529032258064516,12.25,107.90846870967742,86.85935483870968,0.8012903225806456,2024-S2,4,2024,12,-58.236741193401606,7.618930287112224,-0.00854107327868947,0.01869077613336767,0.8012903225806456,0.8,17.14,35.48,22.08,29.04,BAIXO
2024-12-25,6.175600051879883,5.977199983596802,95006873018,4968406014,173431373857.13333,0.9991679787635804,99975279032,184381700515.13333,,,,,7.435373101728615,0.2412903225806452,12.25,107.92863387096774,86.85193548387096,0.6619354838709679,2024-S2,4,2024,12,-61.997093982016935,7.435373101728615,-0.008541802840345003,0.018687283335072635,0.6619354838709679,0.8,,34.74,21.5,28.97,
2024-12-26,6.182799816131592,5.989763307571411,103981654028,6293907750,170848308520.06668,0.9987840056419371,110275561778,181558685581.76663,108.12999725341795,14.729999542236328,1.990191168799238,4.501476151483397,6.491667320282635,0.2296774193548387,12.25,107.94879903225808,86.84451612903226,0.5225806451612907,2024-S2,4,2024,12,-45.662389806279435,6.491667320282635,-0.008542532526611968,0.018683791841977992,0.5225806451612907,0.8,15.37,30.97,20.28,28.34,BAIXO
2024-12-27,6.148499965667725,6.001769971847534,109643243034,7058593949,169157268052.83334,0.9986330270767212,116701836983,179707090156.5,108.0,15.949999809265137,1.4274949240668189,4.795401711513958,6.222896635580777,0.2180645161290322,12.25,107.9689641935484,86.83709677419354,0.3832258064516129,2024-S2,4,2024,12,-32.63811611812654,6.222896635580777,-0.008543262337590285,0.01868030165328438,0.3832258064516129,0.8,15.95,29.89,20.36,27.77,BAIXO
2024-12-30,6.193699836730957,6.015073299407959,115072081499,8198256021,164737628753.43332,0.9980729818344116,123270337520,175049084121.3,108.12999725341795,17.399999618530273,1.3687063931137278,5.518737539679441,6.887443932793169,0.1832258064516129,12.25,108.02945967741935,86.81483870967742,-0.0348387096774187,2024-S2,4,2024,12,-28.2213548123874,6.887443932793169,-0.02563197681977325,0.056030438304932595,-0.0348387096774187,0.8,17.33,32.55,17.63,26.32,BAIXO
2024-12-31,6.1778998374938965,6.02945663134257,91819301596,6536628101,163453162882.4,0.9980779886245728,98355929697,173742518663.46667,108.48999786376952,17.350000381469727,1.6871266109041771,5.821921960202436,7.509048571106613,0.1716129032258064,12.25,108.04962483870968,86.8074193548387,-0.1741935483870964,2024-S2,4,2024,12,-36.68808773818728,7.5090485711066135,-0.008546182828872428,0.018666353928398216,-0.1741935483870964,0.8,18.12,35.04,16.06,25.89,BAIXO
2025-01-02,6.300000190734863,6.047063302993775,105203615172,7015734565,154053348361.13333,0.999114990234375,112219349737,163850982324.56668,109.38999938964844,17.93000030517578,2.9262332010464576,6.225160571535305,9.151393772581764,0.1970967741935484,12.25,108.09248903225806,86.84709677419355,-0.4041935483870968,2025-S1,1,2025,1,-25.268170780907916,9.151393772581763,0.04570740571454568,0.03967083977605146,-0.4041935483870968,0.8,30.91,41.61,19.14,25.94,MEDIO
2025-01-03,6.151000022888184,6.059739971160889,98538090257,7108083150,149642550938.83334,0.9995020031929016,105646173407,159191579962.13333,108.9499969482422,16.1299991607666,2.579792757168109,4.0103964134961645,6.5901891706642735,0.2341935483870967,12.25,108.11518806451612,86.8941935483871,-0.4461290322580642,2025-S1,1,2025,1,-49.886320296036246,6.5901891706642735,0.0542295320659969,0.020999638792007502,-0.4461290322580642,0.8,27.35,31.36,20.84,25.92,BAIXO
2025-01-06,6.180699825286865,6.071959972381592,108122902094,7731799916,136123315000.13332,1.000427007675171,115854702010,144806844405.43332,108.26000213623048,16.040000915527344,1.4810665790540245,4.824295384903965,6.305361963957989,0.3454838709677419,12.25,108.18328516129031,87.03548387096774,-0.2796774193548383,2025-S1,1,2025,1,-35.92521959571858,6.305361963957989,0.16260041875175713,0.06298568960871886,-0.2796774193548383,0.8,45.53,30.22,24.37,26.54,MEDIO
2025-01-07,6.115499973297119,6.082499965031942,131667426225,9456450545,136375633709.96666,0.9999240040779114,141123876770,145161794078.53333,108.54000091552734,17.81999969482422,1.467700922602555,3.9846772772580863,5.452378199860641,0.3825806451612903,12.25,108.2059841935484,87.08258064516129,-0.1267741935483872,2025-S1,1,2025,1,-31.31404770692039,5.452378199860641,0.05411215299655492,0.02098201420326351,-0.1267741935483872,0.8,27.26,26.81,26.06,25.67,BAIXO
2025-01-08,6.100900173187256,6.0926232973734535,136465081033,9359722628,131981146673.26666,0.9997599720954896,145824803661,140500747825.4,109.08999633789062,17.700000762939453,1.4885091691497545,3.7502260756886674,5.238735244838422,0.4196774193548387,12.25,108.22868322580644,87.12967741935483,0.0748387096774196,2025-S1,1,2025,1,-24.80169545324513,5.2387352448383995,0.05408288758168567,0.02097761267751963,0.0748387096774196,0.8,26.74,25.95,27.61,25.65,BAIXO
2025-01-09,6.105800151824951,6.102496639887492,123330689723,8459464210,127471684950.46666,0.9999650120735168,131790153933,135733099756.43332,109.18000030517578,,2.2093246743062123,2.889137900099059,5.098462574405271,0.4567741935483871,12.25,108.25138225806452,87.17677419354838,0.3251612903225807,2025-S1,1,2025,1,-23.09829633045608,5.098462574405271,0.054053653804864155,0.020973212998187662,0.3251612903225807,0.8,24.82,25.39,28.68,25.5,BAIXO
2025-01-10,6.034599781036377,6.105736637115479,118957513491,7843222136,125320459062.03334,0.9999110102653505,126800735627,133446806788.5,109.6500015258789,19.540000915527344,2.467058533731792,-0.8299796934514436,1.6370788402803482,0.4938709677419355,12.25,108.27408129032258,87.22387096774193,0.6241935483870971,2025-S1,1,2025,1,-8.267839748601446,1.6370788402803482,0.05402445161482028,0.02096881516389093,0.6241935483870971,0.8,17.71,11.55,28.62,25.23,BAIXO
2025-01-13,6.105899810791016,6.108803304036458,144300712698,9931508302,119913556660.7,0.9995449781417848,154232221000,127693042251.76666,109.95999908447266,19.190000534057617,3.6576142406156142,-2.1278247422766405,1.5297894983389737,0.6051612903225807,12.25,108.34217838709677,87.36516129032258,1.813548387096774,2025-S1,1,2025,1,7.537470291941228,1.5297894983389737,0.16198584288111828,0.06289325752077968,1.813548387096774,0.8,39.42,46.12,29.83,25.23,MEDIO
2025-01-14,6.093400001525879,6.112809975941976,98005957394,6762370105,119495127045.96666,0.9997929930686952,104768327499,127258979910.9,109.2699966430664,18.709999084472656,3.3383760645094407,-1.3260516772881423,2.012324387221298,0.6422580645161291,12.25,108.36487741935484,87.41225806451612,2.258709677419355,2025-S1,1,2025,1,-56.87656633804622,2.012324387221298,0.05390795770070511,0.0209512422548519,2.258709677419355,0.8,19.83,13.05,28.76,24.42,BAIXO
2025-01-15,6.054800033569336,6.112743314107259,123293293794,8920524801,117534310698.73334,1.0000330209732056,132213818595,125174498563.1,109.08999633789062,16.1200008392334,2.480037074056507,-2.513055418368404,-0.0330183443118969,0.6793548387096775,12.25,108.3875764516129,87.45935483870967,2.7038709677419366,2025-S1,1,2025,1,-46.026340549618496,-0.033018344311896985,0.05387891267925049,0.02094685362878934,2.7038709677419366,0.8,20.41,5.0,25.17,24.16,BAIXO
2025-01-16,6.012199878692627,6.111713314056397,121313098677,8642062676,116446520051.36668,0.9998999834060668,129955161353,123997499740.3,108.95999908447266,16.600000381469727,2.434893551766737,-2.9462205550987,-0.5113270033319628,0.7164516129032259,12.25,108.41027548387096,87.50645161290322,3.1490322580645165,2025-S1,1,2025,1,-47.45211776530536,-0.5113270033319628,0.05384989893923997,0.020942466840923046,3.1490322580645165,0.8,20.98,5.0,24.27,23.93,BAIXO
2025-01-17,6.049900054931641,6.112083323796591,134437311375,9993616896,114107046825.66669,1.000296950340271,144430928271,121527372591.8,109.3499984741211,15.970000267028809,2.830545645935812,-2.646729446658491,0.1838161992773201,0.7535483870967743,12.25,108.43297451612904,87.55354838709678,3.5941935483870973,2025-S1,1,2025,1,-55.287208523299135,0.18381619927732018,0.0538209164301362,0.020938081890076177,3.5941935483870973,0.8,21.56,5.74,23.53,23.65,BAIXO
2025-01-20,6.066163063049316,6.113945420583089,273447339459,26853357037,114692182180.03334,0.998951017856598,300300696496,123337865598.3,,,,,0.9294528078950705,0.8648387096774195,12.25,108.50107161290325,87.69483870967743,4.92967741935484,2025-S1,1,2025,1,26.007145259528475,0.9294528078950703,0.16137589530462737,0.0628010963252601,4.92967741935484,0.8,,43.72,23.32,23.5,
2025-01-21,6.029799938201904,6.11199541091919,174822279640,14830922157,116729360305.13332,0.9999179840087892,189653201797,125669265166.2,108.05999755859376,15.0600004196167,2.2230616729484787,-3.1839257520030584,-0.9608640790545796,0.9019354838709678,12.25,108.52377064516128,87.74193548387098,5.37483870967742,2025-S1,1,2025,1,-34.84067080006693,-0.9608640790545797,0.05370529769654908,0.020920560433745905,5.37483870967742,0.8,23.87,5.0,24.34,23.27,BAIXO
2025-01-22,6.020500183105469,6.110125414530436,112098975855,10044372261,115681015130.73334,0.999541997909546,122143348116,124640499218.06668,108.16999816894533,15.100000381469728,2.0760563583086755,-2.999268203293204,-0.9232118449845284,0.9390322580645162,12.25,108.54646967741937,87.78903225806452,5.82,2025-S1,1,2025,1,-56.65403219589964,-0.9232118449845284,0.053676470588226444,0.020916184650743297,5.82,0.8,24.45,5.0,21.85,23.14,BAIXO
2025-01-23,5.940299987792969,6.106625413894653,156427496541,21214955925,117220222870.3,1.0001579523086548,177642452466,126642590933.9,108.0500030517578,15.020000457763672,1.7899213363795408,-3.526808156789174,-1.7368868204096333,0.9761290322580646,12.25,108.5691687096774,87.83612903225807,6.265161290322581,2025-S1,1,2025,1,-14.750755231543666,-1.7368868204096333,0.05364767441005114,0.020911810697743505,6.265161290322581,0.8,25.03,5.0,22.72,23.22,BAIXO
2025-01-24,5.923999786376953,6.105668735504151,106044721443,10239429179,117588151151.13332,0.999891996383667,116284150622,127186219986.9,107.44000244140624,14.850000381469728,0.9774444554630836,-1.4595845103842264,-0.482140054921143,1.0132258064516129,12.25,108.59186774193547,87.88322580645162,6.710322580645162,2025-S1,1,2025,1,-39.54689426224315,-0.482140054921143,0.053618909112285174,0.02090743857381394,6.710322580645162,0.8,25.61,5.0,23.58,23.53,BAIXO
2025-01-27,5.90910005569458,6.102768739064534,162852896419,14155994278,117939030182.1,0.9999600052833556,177008890697,127851511848.13332,107.33999633789062,17.899999618530273,0.5903825872205726,-2.041323931263428,-1.4509413440428554,1.124516129032258,12.25,108.65996483870968,88.02451612903226,8.045806451612904,2025-S1,1,2025,1,17.886143869296745,-1.4509413440428554,0.1607705239357271,0.06270920483293363,8.045806451612904,0.8,49.1,40.0,28.27,24.71,MEDIO
2025-01-28,5.892600059509277,6.097825400034586,91853415796,8727690529,118677690504.0,0.9996489882469176,100581106325,128725198249.03334,107.87000274658205,16.40999984741211,0.8507887714085394,-3.3057237188845456,-2.4549349474760063,1.1616129032258065,12.25,108.68266387096774,88.07161290322581,8.490967741935485,2025-S1,1,2025,1,-49.56373086025499,-2.4549349474760063,0.05350415573373013,0.02088996834459511,8.490967741935485,0.8,27.92,5.0,29.33,24.8,BAIXO
2025-01-29,5.856100082397461,6.0881187438964846,94067494817,8752826477,117977537614.6,1.0001399517059326,102820321294,128043531041.5,108.0,16.559999465942383,0.9345794392523256,-5.671613506275586,-4.73703406702326,1.1987096774193549,12.25,108.7053629032258,88.11870967741936,8.936129032258066,2025-S1,1,2025,1,-38.89610972204818,-4.73703406702326,0.05347554409533828,0.020885605348253122,8.936129032258066,0.8,28.5,5.0,29.21,25.0,BAIXO
2025-01-30,5.8566999435424805,6.079902076721192,83411405756,7862432550,117697274419.93332,1.0001219511032104,91273838306,127807461328.46666,107.8000030517578,15.84000015258789,0.8796579038342189,-4.918523038890421,-4.038865135056202,1.2358064516129033,13.25,108.72806193548386,88.16580645161291,9.381290322580645,2025-S1,1,2025,1,-59.236247200130634,-4.038865135056202,0.05344696304105945,0.02088124417400916,9.381290322580645,0.8,29.07,5.0,29.95,25.49,BAIXO
2025-01-31,5.874499797821045,6.066088740030924,96233410167,8846936448,118621630231.6,0.999770998954773,105080346615,128866237317.63332,108.37000274658205,16.43000030517578,1.318253248109902,-7.907642607049047,-6.589389358939146,1.2729032258064517,13.25,108.75076096774194,88.21290322580646,9.826451612903226,2025-S1,1,2025,1,-59.21641968325832,-6.589389358939146,0.05341841252186619,0.0208768848207308,9.826451612903226,0.8,29.65,5.0,30.7,25.34,BAIXO
2025-02-03,5.84060001373291,6.055722077687581,292831861639,25631139115,126475187514.66669,1.0010509490966797,318463000754,137547570400.86667,108.98999786376952,18.6200008392334,0.8886412064429638,-5.944234485640287,-5.055593279197323,1.2564285714285717,13.25,108.86753857142855,88.23071428571428,10.97028801843318,2025-S1,1,2025,2,12.806423095365083,-5.055593279197323,0.020190991631041655,0.10738095315145912,10.97028801843318,0.8,27.55,40.0,31.06,25.34,BAIXO
2025-02-04,5.80620002746582,6.046455415089925,155187896041,13781033980,129513846020.86668,1.0001579523086548,168968930021,140917664251.23334,107.95999908447266,17.209999084472656,-0.4150950672774489,-4.154115054881025,-4.5692101221584736,1.2296428571428573,13.25,108.91457785714286,88.21607142857144,11.223801843317974,2025-S1,1,2025,2,8.107711032764264,-4.5692101221584736,-0.01659609951182306,0.04320781596751644,11.223801843317974,0.8,21.91,40.0,30.53,25.68,BAIXO
2025-02-05,5.7571001052856445,6.0318954149882,100967848652,9168611887,129275344239.46666,1.0001319646835327,110136460539,140727056202.2,107.58000183105467,15.770000457763672,-0.0371686624293543,-7.014930909919193,-7.052099572348547,1.2028571428571428,13.25,108.96161714285714,88.20142857142858,11.413433179723503,2025-S1,1,2025,2,-8.420235138703147,-7.052099572348547,-0.01659885427420793,0.043189154876932534,11.413433179723503,0.8,18.0,5.0,26.09,25.71,BAIXO
2025-02-06,5.8028998374938965,6.019472074508667,99009274148,9168007548,128186739170.23334,1.0001699924468994,108177281696,139628836366.4,107.69000244140624,15.5,-0.3239526760044575,-5.711091874403795,-6.035044550408253,1.1760714285714289,13.25,109.00865642857144,88.18678571428572,11.539182027649767,2025-S1,1,2025,2,4.2127490389476385,-6.035044550408253,-0.01660160995125004,0.043170509898571297,11.539182027649767,0.8,21.1,34.49,25.11,25.55,BAIXO
2025-02-07,5.760499954223633,6.005395412445068,107866064908,9658671792,127233438632.73334,1.0003050565719604,117524736700,138685500801.03333,108.04000091552734,16.540000915527344,-0.203215607206697,-6.627021089218976,-6.830236696425674,1.1492857142857142,13.25,109.05569571428572,88.17214285714286,11.601048387096776,2025-S1,1,2025,2,3.735669446991108,-6.830236696425674,-0.016604366543415683,0.04315188101149392,11.601048387096776,0.8,20.92,31.15,24.03,25.74,BAIXO
2025-02-10,5.803199768066406,5.993885405858358,82150710154,7290485956,124207920834.6,1.0001349449157717,89441196110,135578059356.3,108.31999969482422,15.8100004196167,0.1757166801372944,-5.791723828700701,-5.616007148563407,1.0689285714285717,13.25,109.19681357142856,88.1282142857143,11.403352534562211,2025-S1,1,2025,2,-25.074534571614826,-5.616007148563407,-0.04982137215349125,0.1293998045847733,11.403352534562211,0.8,17.99,5.0,22.45,25.82,BAIXO
2025-02-11,5.786900043487549,5.980325412750244,84538857183,7590822419,125204648558.9,0.9998599886894226,92129679602,136716803959.6,107.95999908447266,16.020000457763672,-0.0370378847475372,-6.530923171920611,-6.567961056668148,1.0421428571428573,13.25,109.24385285714284,88.11357142857143,11.209688940092168,2025-S1,1,2025,2,-26.533998445370386,-6.567961056668148,-0.016615402072472918,0.043077525960510954,11.209688940092168,0.8,17.74,5.0,20.74,25.83,BAIXO
2025-02-12,5.764500141143799,5.966545422871907,102503671614,9290154331,123811413856.1,1.00006103515625,111793825945,135302190791.1,107.94000244140624,15.890000343322754,-0.1757096243759637,-6.515879867592811,-6.691589491968775,1.0153571428571428,13.25,109.29089214285716,88.09892857142857,10.952142857142858,2025-S1,1,2025,2,11.63630068219279,-6.691589491968775,-0.0166181632471063,0.04305897721845753,10.952142857142858,0.8,22.17,40.0,19.98,25.97,BAIXO
2025-02-13,5.764400005340576,5.948692083358765,83624826615,7971520510,123332042830.13332,1.000161051750183,91596347125,134863124778.63332,107.30999755859376,15.100000381469728,-1.0876581513601824,-7.4139318356047585,-8.501589986964941,0.9885714285714288,13.25,109.33793142857142,88.08428571428571,10.630714285714287,2025-S1,1,2025,2,-20.511451552040583,-8.501589986964941,-0.016620925339616566,0.04304044444323196,10.630714285714287,0.8,16.98,5.0,19.27,25.49,BAIXO
2025-02-14,5.766900062561035,5.93588875134786,82431082792,8868475735,121969969130.06668,1.0000840425491333,91299558527,133499316109.7,106.56999969482422,14.770000457763672,-2.577931904706709,-3.666580514377882,-6.244512419084591,0.9617857142857144,13.25,109.38497071428571,88.06964285714285,10.309285714285716,2025-S1,1,2025,2,-16.34597080478306,-6.244512419084591,-0.016623688350447807,0.04302192761440615,10.309285714285716,0.8,16.55,5.0,19.06,25.12,BAIXO
2025-02-17,5.701200008392334,5.919905424118042,73802340406,6994398261,114325473777.5,0.9999330043792723,80796738667,125097118977.1,,,,,-7.758018192903848,0.8814285714285715,13.25,109.52608857142856,88.02571428571429,9.345,2025-S1,1,2025,2,-31.742175823362896,-7.758018192903848,-0.04987935684015454,0.12901028013385663,9.345,0.8,,5.0,18.73,24.39,
2025-02-18,5.712100028991699,5.906458759307862,85488692072,8525503716,109103172968.7,0.9993789792060852,94014195788,119294320741.43332,107.0500030517578,15.350000381469728,-1.7439136757268492,-4.8524389702847,-6.59635264601155,0.8546428571428573,13.25,109.57312785714284,88.01107142857143,9.02357142857143,2025-S1,1,2025,2,-35.07225399400413,-6.59635264601155,-0.016634749586164066,0.042948019351207734,9.02357142857143,0.8,14.86,5.0,17.72,23.94,BAIXO
2025-02-19,5.688600063323975,5.892715422312419,65862475675,6140029876,102183677509.23334,0.9999290108680724,72002505551,111684381043.26666,107.16999816894533,15.270000457763672,-1.0068390409909034,-5.7511818765663465,-6.75802091755725,0.8278571428571428,13.25,109.62016714285714,87.99642857142857,8.702142857142858,2025-S1,1,2025,2,-51.73675553010288,-6.75802091755725,-0.016637517195483564,0.04292958194607177,8.702142857142858,0.8,14.44,5.0,17.12,23.5,BAIXO
2025-02-20,5.720300197601318,5.8798654238382975,72455845464,7453422390,98771463036.7,1.000331997871399,79909267854,108026249911.83331,106.33999633789062,15.65999984741211,-2.0269067247833394,-4.286761338990608,-6.313668063773948,0.8010714285714287,13.25,109.66720642857145,87.9817857142857,8.380714285714287,2025-S1,1,2025,2,-41.2507579202424,-6.313668063773948,-0.016640285725888493,0.04291116036432285,8.380714285714287,0.8,14.02,5.0,16.5,23.12,BAIXO
2025-02-21,5.701300144195557,5.868755435943603,108902119689,10738574137,98664901164.5,0.9995219707489014,119640693826,107942828102.16669,106.61000061035156,18.209999084472656,-2.273348437795919,-3.249795580606241,-5.52314401840216,0.7742857142857144,13.25,109.71424571428572,87.96714285714286,8.059285714285714,2025-S1,1,2025,2,-8.452928702784934,-5.52314401840216,-0.016643055177800736,0.042892754585577286,8.059285714285714,0.8,13.6,5.0,15.07,22.97,BAIXO
2025-02-24,5.730999946594238,5.856258773803711,100852116996,10369215725,94820591424.13332,0.999750018119812,111221332721,103526620080.76666,106.5999984741211,18.979999542236328,-2.3630718298618514,-3.77688912289098,-6.139960952752832,0.6939285714285715,13.25,109.85536357142855,87.92321428571428,7.095000000000001,2025-S1,1,2025,2,-30.109758219234482,-6.139960952752832,-0.049937476655259605,0.12862309376882042,7.095000000000001,0.8,12.33,5.0,14.3,22.01,BAIXO
2025-02-25,5.7778000831604,5.845738776524862,170041838176,16057418626,98364548522.53334,0.9989879727363586,186099256802,107396983077.46666,106.30999755859376,19.43000030517578,-3.0460592073013992,-2.1333138567752647,-5.179373064076664,0.6671428571428571,13.25,109.90240285714286,87.90857142857142,6.7735714285714295,2025-S1,1,2025,2,73.50153265928923,-5.179373064076664,-0.016654142210126288,0.04281928909526389,6.7735714285714295,0.8,20.01,40.0,14.88,22.01,BAIXO
2025-02-26,5.740300178527832,5.835255448023478,119836685405,11546719465,96930674822.06668,1.0001970529556274,131383404870,105876133549.9,106.41999816894533,19.100000381469727,-3.2193533512199,-1.9748702944469736,-5.194223645666874,0.640357142857143,13.25,109.94944214285714,87.89392857142856,6.4521428571428565,2025-S1,1,2025,2,-2.8035656138567844,-5.194223645666874,-0.01665691627665833,0.042800962027578215,6.4521428571428565,0.8,11.48,5.0,14.39,21.69,BAIXO
2025-02-27,5.801700115203857,5.828238789240519,98043035762,9719464108,97136995487.6,0.9989799857139589,107762499870,106115513334.73334,107.23999786376952,21.1299991607666,-1.857782412063147,-1.643427922523122,-3.501210334586269,0.6135714285714287,13.25,109.99648142857144,87.87928571428571,6.130714285714287,2025-S1,1,2025,2,-19.18182221769579,-3.501210334586269,-0.01665969126746214,0.042782650641548514,6.130714285714287,0.8,11.06,5.0,13.85,21.34,BAIXO
2025-02-28,5.839000225067139,5.821208794911702,146908454227,14081466100,98898360801.26666,0.9995290040969848,160989920327,108054499969.16669,107.61000061035156,19.6299991607666,-1.3566741014042982,-2.129331087930764,-3.486005189335062,0.5867857142857144,13.25,110.0435207142857,87.86464285714285,5.809285714285714,2025-S1,1,2025,2,9.276548842317256,-3.486005189335062,-0.01666246718307063,0.04276435491694652,5.809285714285714,0.8,15.02,40.0,13.93,21.1,BAIXO
2025-03-03,5.88040018081665,5.8150166988372805,135811207338,13808944206,101551468568.16669,0.9991940259933472,149620151544,111028454185.4,106.75,22.780000686645508,-2.028266430838832,-1.034013305164294,-3.062279736003126,0.5516129032258065,13.25,110.06686129032258,87.87129032258063,4.9127764976958535,2025-S1,1,2025,3,-50.33368852419821,-3.062279736003126,0.007565574981716061,0.0212103137789299,4.9127764976958535,0.8,11.4,5.0,13.56,20.77,BAIXO
2025-03-04,6.020500183105469,5.814706707000733,130594229329,14008589283,100979756611.86668,0.9996780157089232,144602818612,110526352656.1,105.73999786376952,23.51000022888184,-3.3013266216056825,3.1470967103027103,-0.1542299113029721,0.5474193548387097,13.25,110.05501193548386,87.88193548387096,4.659124423963134,2025-S1,1,2025,3,-25.298863738692756,-0.15422991130297214,0.012114492971759816,-0.010765597110529157,4.659124423963134,0.8,22.26,5.0,14.79,20.71,BAIXO
2025-03-05,5.885700225830078,5.810213375091553,91447454228,9271446360,94266943031.5,0.9999439716339112,100718900588,103268215983.9,105.73999786376952,21.93000030517578,-2.146955161243857,-0.0920607539729889,-2.2390159152168465,0.5432258064516129,13.25,110.04316258064516,87.89258064516129,4.428064516129033,2025-S1,1,2025,3,-18.422578323741988,-2.2390159152168465,0.012113025540139155,-0.010766756216107343,4.428064516129033,0.8,13.78,5.0,15.0,20.35,BAIXO
2025-03-06,5.740099906921387,5.8035400390625,87306564550,9861139718,92004231981.8,1.0001460313796997,97167704268,100874841792.13332,104.05999755859376,24.8700008392334,-3.799575372029085,0.4293738454566265,-3.3702015265724583,0.5390322580645162,13.25,110.03131322580644,87.90322580645162,4.219596774193549,2025-S1,1,2025,3,-44.18720079233848,-3.3702015265724583,0.012111558463967498,-0.01076791557134138,4.219596774193549,0.8,14.62,5.0,14.23,19.99,BAIXO
2025-03-07,5.763000011444092,5.798173379898072,111427883161,12032728232,92352899798.76666,0.9995579719543456,123460611393,101318980153.93332,103.83999633789062,23.3700008392334,-3.896350388671921,1.1785958184725387,-2.717754570199382,0.5348387096774194,13.25,110.01946387096774,87.91387096774193,4.033721198156683,2025-S1,1,2025,3,5.07631275253384,-2.717754570199382,0.012110091743111617,-0.010769075176253473,4.033721198156683,0.8,19.72,40.0,15.41,19.78,BAIXO
2025-03-10,5.782899856567383,5.793966706593832,106068799847,17810860152,90734077755.36668,0.9996799826622008,123879659999,99850276956.26666,103.91000366210938,27.86000061035156,-3.2855535173893946,1.14986114566219,-2.1356923717272047,0.5222580645161291,13.25,109.9839158064516,87.9458064516129,3.611647465437789,2025-S1,1,2025,3,-34.8683368982899,-2.1356923717272047,0.03632587613242588,-0.03231070509289724,3.611647465437789,0.8,25.61,5.0,17.49,18.97,BAIXO
2025-03-11,5.85290002822876,5.792643372217814,104880955133,14833420303,91995937752.06668,0.999776005744934,119714375436,101421195655.86668,103.44000244140624,26.920000076293945,-3.633309138755481,2.9595822460495858,-0.6737268927058948,0.5180645161290323,13.25,109.9720664516129,87.95645161290322,3.516140552995392,2025-S1,1,2025,3,14.182966658456397,-0.6737268927058948,0.012104228410469986,-0.01077371609459199,3.516140552995392,0.8,25.38,40.0,18.97,18.89,BAIXO
2025-03-12,5.808599948883057,5.791060034434,78841806978,11962339616,91885640979.53334,0.9996870160102844,90804146594,101466627338.66669,103.61000061035156,24.229999542236328,-3.949199988655283,3.138077691459873,-0.8111222971954102,0.5138709677419355,13.25,109.9602170967742,87.96709677419355,3.443225806451614,2025-S1,1,2025,3,-16.185918279869394,-0.8111222971954102,0.012102763464327815,-0.010774876949248835,3.443225806451614,0.8,20.63,5.0,20.29,18.62,BAIXO
2025-03-13,5.797800064086914,5.789096705118815,69499068047,11856838776,91384314675.0,0.9996259808540344,81355906823,101107501579.36668,103.83000183105467,24.65999984741211,-3.861109415690101,2.855425668471523,-1.0056837472185776,0.5096774193548388,13.25,109.94836774193548,87.97774193548388,3.392903225806452,2025-S1,1,2025,3,-16.6791790438075,-1.0056837472185776,0.012101298872746469,-0.010776038054094439,3.392903225806452,0.8,19.83,5.0,19.94,18.3,BAIXO
2025-03-14,5.798500061035156,5.7865633805592855,60468227136,8847938133,89983133192.4,1.0000289678573608,69316165269,99691579556.83331,103.72000122070312,21.770000457763672,-3.784788233350755,2.4910655437342166,-1.2937226896165388,0.5054838709677419,13.25,109.93651838709675,87.98838709677419,3.3425806451612905,2025-S1,1,2025,3,-37.165037557054646,-1.2937226896165388,0.012099834635592721,-0.01077719940921762,3.3425806451612905,0.8,18.82,5.0,20.66,17.92,BAIXO
2025-03-17,5.740600109100342,5.783230050404867,56970443832,7364251292,87605162822.0,1.0000309944152832,64334695124,97162555407.56668,103.37000274658205,20.51000022888184,-4.613822896814224,2.90167167266876,-1.712151224145464,0.4929032258064516,13.25,109.90097032258063,88.02032258064516,3.191612903225807,2025-S1,1,2025,3,-80.54499824126633,-1.712151224145464,0.03629511225822224,-0.03233508304397725,3.191612903225807,0.8,29.61,5.0,22.8,17.99,BAIXO
2025-03-18,5.678069114685059,5.778959019978841,55568882437,7571744811,87932881000.06667,0.9998000264167786,63140627248,97598988379.46666,103.23999786376952,21.700000762939453,-5.275713471604182,3.0689188008273027,-2.2067946707768797,0.4887096774193548,13.25,109.88912096774192,88.03096774193548,3.141290322580645,2025-S1,1,2025,3,-64.19251510290536,-2.2067946707768793,0.012093981228677997,-0.0107818473339516,3.141290322580645,0.8,20.06,5.0,22.85,17.93,BAIXO
2025-03-19,5.672100067138672,5.776125685373942,77454470815,11517621398,88054618680.36667,1.000290036201477,88972092213,97871500164.33331,103.43000030517578,19.899999618530277,-4.195997422853259,2.7195589973874057,-1.4764384254658536,0.484516129032258,13.25,109.87727161290324,88.04161290322581,3.090967741935484,2025-S1,1,2025,3,-23.28798538437933,-1.4764384254658536,0.012092518761730453,-0.010783009941583988,3.090967741935484,0.8,19.08,5.0,21.92,17.97,BAIXO
2025-03-20,5.648099899291992,5.770965687433878,61655037854,10484925681,87260163539.76666,0.9994919896125792,72139963535,97142359089.23334,103.8499984741211,19.799999237060547,-3.4671902709122904,0.7995595597684257,-2.6676307111438646,0.4803225806451613,14.25,109.86542225806453,88.05225806451612,3.040645161290323,2025-S1,1,2025,3,-37.72801751698789,-2.6676307111438646,0.012091056648411147,-0.010784172800049063,3.040645161290323,0.8,14.03,5.0,20.29,17.72,BAIXO
2025-03-21,5.673900127410889,5.7680790265401205,47826756168,8056596360,86658972889.53334,0.9996479749679564,55883352528,96605053988.46666,104.08999633789062,19.280000686645508,-3.3429343689302726,1.8395956396373592,-1.5033387292929137,0.4761290322580645,14.25,109.8535729032258,88.06290322580645,2.990322580645162,2025-S1,1,2025,3,-55.66097993025711,-1.5033387292929135,0.01208959488867567,-0.010785335909324623,2.990322580645162,0.8,16.67,5.0,19.73,17.58,BAIXO
2025-03-24,5.729599952697754,5.765625699361165,67599933158,10763138743,83378126128.5,1.000357985496521,78363071901,93161909318.7,104.26000213623048,17.479999542236328,-3.4987030241255934,2.230440370586517,-1.2682626535390762,0.4635483870967742,14.25,109.81802483870968,88.09483870967742,2.839354838709678,2025-S1,1,2025,3,-17.712296057724963,-1.2682626535390762,0.03626440044688373,-0.03235949780844294,2.839354838709678,0.8,27.4,5.0,20.81,17.9,BAIXO
2025-03-25,5.760799884796143,5.764755694071452,58456757340,9053718025,83525944720.36667,1.0001879930496216,67510475365,93441331256.73334,104.18000030517578,17.149999618530273,-3.8220083099264057,3.3709868909409746,-0.4510214189854311,0.4593548387096774,14.25,109.80617548387096,88.10548387096775,2.789032258064516,2025-S1,1,2025,3,-30.852203013036327,-0.45102141898543113,0.012083751382307995,-0.010789990856341358,2.789032258064516,0.8,20.38,5.0,21.03,17.99,BAIXO
2025-03-26,5.698400020599365,5.76255235671997,58872800987,8964829253,82126634186.73334,1.000051975250244,67837630240,91995207840.7,104.5500030517578,18.32999992370605,-3.1585736028459155,2.0118979340806757,-1.1466756687652402,0.4551612903225806,14.25,109.79432612903226,88.11612903225807,2.738709677419356,2025-S1,1,2025,3,-42.5651783394663,-1.1466756687652402,0.012082291388271216,-0.0107911552209905,2.738709677419356,0.8,16.78,5.0,19.2,17.81,BAIXO
2025-03-27,5.733500003814697,5.761522356669108,55911263699,9335553639,78322281704.16667,0.9997180104255676,65246817338,87966793191.9,104.06999969482422,18.690000534057617,-3.5853276441074837,3.0492787665616694,-0.5360488775458139,0.4509677419354838,14.25,109.78247677419355,88.12677419354839,2.6883870967741936,2025-S1,1,2025,3,-33.14035321542771,-0.5360488775458139,0.012080831746952292,-0.010792319836983033,2.6883870967741936,0.8,19.41,5.0,19.11,17.89,BAIXO
2025-03-28,5.739299774169922,5.760602347056071,71112920720,11720323398,76698156214.66667,0.9995089769363404,82833244118,86348454500.16667,104.04000091552734,21.649999618530277,-3.0472432368483737,2.568644889526639,-0.4785983473217348,0.4467741935483871,14.25,109.77062741935484,88.13741935483871,2.638064516129032,2025-S1,1,2025,3,-13.730454203251641,-0.4785983473217348,0.012079372458306814,-0.01079348470438557,2.638064516129032,0.8,18.09,5.0,18.97,17.94,BAIXO
2025-03-31,5.7581000328063965,5.76249901453654,59967779901,10972505506,71216448758.0,0.9997680187225342,70940285407,80655697956.06667,104.20999908447266,22.280000686645508,-2.2145074759404197,3.212543403995982,0.9980359280555628,0.4341935483870968,14.25,109.73507935483872,88.16935483870968,2.487096774193549,2025-S1,1,2025,3,-18.745422474265162,0.9980359280555628,0.03623374056642703,-0.032383949469760864,2.487096774193549,0.8,29.48,8.99,21.17,18.33,BAIXO
2025-04-01,5.698400020599365,5.762042347590128,58370134998,8951500963,68719422283.63333,1.0,67321635961,78016709602.7,104.26000213623048,21.770000457763672,-2.606259538524625,2.3664176533545467,-0.2398418851700778,0.43,14.25,109.72323,88.18,2.436774193548387,2025-S1,2,2025,4,-31.721806026884003,-0.23984188517007787,0.012073538827417352,-0.010798146689627863,2.436774193548387,0.8,17.3,5.0,21.26,18.41,BAIXO
2025-04-02,5.681300163269043,5.761799017588298,91631661187,15685504944,67246770745.26667,0.999796986579895,107317166131,76606610088.93333,103.80999755859376,21.51000022888184,-3.1352063709609967,3.006881300228814,-0.1283250707321825,0.4243333333333333,14.25,109.69914133333332,88.174,2.384978494623655,2025-S1,2,2025,4,39.125746865572864,-0.12832507073218258,-0.006804264005444427,-0.021954026204551447,2.384978494623655,0.8,24.65,40.0,20.87,18.75,BAIXO
2025-04-03,5.663700103759766,5.759912347793579,74632997745,12665493909,65381396359.13333,0.999567985534668,87298491654,74696465857.0,102.06999969482422,30.020000457763672,-4.015419212070204,3.025959010920498,-0.9894602011497056,0.4186666666666667,14.25,109.67505266666667,88.168,2.3317096774193544,2025-S1,2,2025,4,3.0047986702214757,-0.9894602011497056,-0.0068047270170401575,-0.021958847055558728,2.3317096774193544,0.8,20.3,26.03,20.86,18.96,BAIXO
2025-04-04,5.6305999755859375,5.757555675506592,79619710660,14661520062,64987138240.2,0.9996160268783568,94281230722,74481876861.46666,103.0199966430664,45.310001373291016,-3.367417640682924,2.1273466600032265,-1.2400709806796972,0.413,14.25,109.650964,88.162,2.276967741935484,2025-S1,2,2025,4,-26.88874111231626,-1.2400709806796972,-0.006805190091641045,-0.021963670024283122,2.276967741935484,0.8,15.28,5.0,20.64,19.02,BAIXO
2025-04-07,5.840030193328857,5.761190017064412,159480342752,25379799007,65779017455.63333,0.9997730255126952,184860141759,75783842844.83333,103.26000213623048,46.97999954223633,-3.1332048646337096,5.035669491237171,1.9024646266034615,0.396,14.25,109.578698,88.144,2.103903225806452,2025-S1,2,2025,4,58.132865726879416,1.9024646266034617,-0.020416959687852287,-0.06590548533618179,2.103903225806452,0.8,36.51,47.61,23.09,19.82,MEDIO
2025-04-08,5.913599967956543,5.765716679890951,81564232647,15359090304,66275813316.833336,0.9989749789237976,96923322951,76587790292.46666,102.95999908447266,52.33000183105469,-3.151160333979608,5.501533881723775,2.3503735477441667,0.3903333333333333,14.25,109.55460933333332,88.138,2.043268817204301,2025-S1,2,2025,4,-52.03284466815879,2.3503735477441667,-0.006807043020506942,-0.021982983103785436,2.043268817204301,0.8,23.74,14.4,23.89,19.95,BAIXO
2025-04-09,6.013299942016602,5.774816672007243,139544979611,22801529129,67391685975.63333,0.9996860027313232,162346508740,77870018583.83333,102.9000015258789,33.619998931884766,-3.307645840660789,8.063490570000065,4.755844729339276,0.3846666666666666,14.25,109.53052066666666,88.132,1.9811612903225804,2025-S1,2,2025,4,16.44596071678206,4.755844729339276,-0.006807506410400066,-0.02198781668177885,1.9811612903225804,0.8,34.75,59.02,24.65,20.72,MEDIO
2025-04-10,5.8180999755859375,5.775363334019979,80163124209,12968188424,66567758278.16666,0.9992910027503968,93131312633,76983916490.4,100.87000274658205,40.720001220703125,-5.939943345839593,6.222616701173888,0.2826733553342953,0.379,14.25,109.506432,88.126,1.917580645161291,2025-S1,2,2025,4,-18.23679919133021,0.2826733553342953,-0.006807969863387164,-0.02199265238587156,1.917580645161291,0.8,25.45,6.13,25.81,21.2,BAIXO
2025-04-11,5.884300231933594,5.776873334248861,69911193868,11171173047,66270071174.5,0.9994919896125792,81082366915,76659857167.76666,99.77999877929688,37.560001373291016,-7.276277099380923,8.052094964089672,0.7758178647087499,0.3733333333333333,14.25,109.48234333333332,88.12,1.85252688172043,2025-S1,2,2025,4,-52.41172862660809,0.7758178647087499,-0.0068084333794793395,-0.021997490217451343,1.85252688172043,0.8,29.21,8.1,26.46,21.67,BAIXO
2025-04-14,5.864200115203857,5.776333332061768,65444521521,11279262236,66631207317.03333,0.9996989965438844,76723783757,77101557128.73334,99.63999938964844,30.88999938964844,-6.660422117425346,6.384929546942786,-0.2754925704825606,0.3563333333333333,14.25,109.41007733333332,88.102,1.6500000000000004,2025-S1,2,2025,4,-51.812134798179784,-0.2754925704825606,-0.020426690876074183,-0.06600699053360692,1.6500000000000004,0.8,31.75,5.0,28.1,22.35,MEDIO
2025-04-15,5.8541998863220215,5.770789988835653,54947280667,9638173514,66841415997.2,0.9998840093612672,64585454181,77454959051.4,100.22000122070312,30.1200008392334,-5.220348737076874,2.4581148407950666,-2.762233896281807,0.3506666666666667,14.25,109.38598866666666,88.096,1.582,2025-S1,2,2025,4,-57.9251847885454,-2.762233896281807,-0.006810288075187465,-0.02201686284643012,1.582,0.8,15.24,5.0,28.09,22.12,BAIXO
2025-04-16,5.884600162506104,5.770753320058187,59750641080,10258839386,66934089238.8,0.9999459981918336,70009480466,77644118562.8,99.37999725341795,32.63999938964844,-6.014753866881561,5.996063425952425,-0.0186904409291366,0.345,14.25,109.3619,88.09,1.5140000000000002,2025-S1,2,2025,4,-34.66123077518637,-0.018690440929114427,-0.006810751907015966,-0.022021711336417393,1.5140000000000002,0.8,24.34,5.0,26.35,22.47,BAIXO
2025-04-17,5.8653998374938965,5.774929984410604,47118773907,8550832288,66652418954.46667,0.99993497133255,55669606195,77395084527.7,99.37999725341795,29.649999618530277,-4.497405741856353,6.680293367582579,2.1828876257262264,0.3393333333333333,14.25,109.33781133333332,88.084,1.4460000000000006,2025-S1,2,2025,4,-46.03066315819204,2.1828876257262264,-0.006811215802016157,-0.02202656196232944,1.4460000000000006,0.8,26.02,13.73,26.68,22.85,BAIXO
2025-04-22,5.80709981918335,5.776399978001913,97051535759,14475389659,67128298178.26667,1.00027596950531,111526925418,77880585957.43333,98.91999816894533,30.56999969482422,-4.802237818593847,5.567460925511847,0.7652231069180004,0.311,14.25,109.217368,88.054,1.106,2025-S1,2,2025,4,-12.90192992469209,0.7652231069180004,-0.034058398801151135,-0.11015707362765914,1.106,0.8,28.91,8.06,25.85,23.16,BAIXO
2025-04-23,5.719900131225586,5.774299987157186,89456481949,13860599906,67856849804.63333,1.0002959966659546,103317081855,78712386289.23334,99.83999633789062,28.450000762939453,-3.4802842406687406,2.3908701594227866,-1.089414081245954,0.3053333333333333,14.25,109.19327933333334,88.048,1.0380000000000005,2025-S1,2,2025,4,-15.661832623695759,-1.089414081245954,-0.0068140004996886105,-0.022055710650947802,1.0380000000000005,0.8,14.36,5.0,24.26,22.78,BAIXO
2025-04-24,5.703400135040283,5.769316657384237,70478465816,11129405830,68257573420.5,1.0002739429473877,81607871646,79182299498.6,99.29000091552734,26.46999931335449,-4.169481391155028,1.6151939017492123,-2.5542874894058154,0.2996666666666666,14.25,109.16919066666668,88.042,0.9699999999999998,2025-S1,2,2025,4,-32.801464549377954,-2.5542874894058154,-0.006814464837356926,-0.02206057626781277,0.9699999999999998,0.8,12.25,5.0,21.84,22.34,BAIXO
2025-04-25,5.678699970245361,5.764986658096314,82748542699,12976876537,69053431477.56667,1.0006020069122314,95725419236,80111892465.13333,99.47000122070312,24.84000015258789,-4.1991722367932365,1.962833363728412,-2.236338873064825,0.294,14.25,109.145102,88.036,0.902,2025-S1,2,2025,4,4.955157511915131,-2.236338873064825,-0.006814929238319056,-0.02206544403194899,0.902,0.8,16.42,39.69,19.65,22.2,BAIXO
2025-04-28,5.684700012207031,5.761216656366984,71418678616,10867333898,68893485564.13333,1.0002670288085938,82286012514,79847321230.3,99.01000213623048,25.149999618530277,-4.541071181102641,2.590330372007588,-1.9507408090950529,0.277,14.25,109.072836,88.018,0.6980000000000004,2025-S1,2,2025,4,2.762066633327853,-1.9507408090950529,-0.020446181107725003,-0.06621094183411058,0.6980000000000004,0.8,23.13,24.33,20.78,22.31,BAIXO
2025-04-29,5.652900218963623,5.756363328297933,58847439395,9391457251,69585552463.56667,1.0003050565719604,68238896646,80667583727.93333,99.23999786376952,24.170000076293945,-3.995361103876005,1.4843696312719534,-2.510991472604052,0.2713333333333333,14.25,109.04874733333332,88.012,0.6300000000000003,2025-S1,2,2025,4,-2.680395668546165,-2.5109914726040516,-0.006816787475294461,-0.022084936589228388,0.6300000000000003,0.8,11.47,5.0,18.94,22.07,BAIXO
2025-04-30,5.619999885559082,5.752343320846558,60565082309,9764127557,69605462543.83333,1.0001649856567385,70329209866,80647214543.23334,99.47000122070312,24.700000762939453,-3.651682217236296,1.5508526654603894,-2.100829551775907,0.2656666666666666,14.25,109.02465866666668,88.006,0.5620000000000003,2025-S1,2,2025,4,6.309655033757888,-2.100829551775907,-0.006817252192881096,-0.0220898151108595,0.5620000000000003,0.8,15.29,40.0,17.4,21.59,BAIXO
2025-05-01,5.672900199890137,5.752171023686727,63545852894,10463292535,69777986473.7,1.0002650022506714,74009145429,80870131525.5,100.25,24.600000381469727,-3.0745434552770123,2.983510488074237,-0.0910329672027754,0.26,14.25,109.00057,88.0,0.4939999999999998,2025-S1,2,2025,5,14.35510326493199,-0.09103296720277543,-0.006817716973839261,-0.022094695788343888,0.4939999999999998,0.8,20.32,40.0,16.18,21.6,BAIXO
2025-05-02,5.67710018157959,5.752337694168091,53577687728,8583953657,68509520691.73333,1.000324010848999,62161641385,79364947367.3,100.0,22.68000030517578,-3.7072686862681943,3.795421475918126,0.0881527896499312,0.2593548387096774,14.25,108.99303,88.04903225806451,0.4310215053763442,2025-S1,2,2025,5,-30.82686233055506,0.08815278964993123,0.055718475073307516,-0.0069173950191236955,0.4310215053763442,0.8,28.93,5.35,18.26,21.93,BAIXO
2025-05-05,5.666900157928467,5.752964369455973,52376592856,8446419371,66512675248.66666,0.9998720288276672,60823012227,76935022070.1,99.83000183105467,23.63999938964844,-4.092607029216722,4.425466910799747,0.3328598815830252,0.2574193548387097,14.25,108.97041,88.19612903225807,0.2722150537634409,2025-S1,2,2025,5,-15.048964887462224,0.33285988158302526,0.16706234063132985,-0.02075362066730202,0.2722150537634409,0.8,48.41,6.33,23.42,23.07,MEDIO
2025-05-06,5.686299800872803,5.753377691904704,56328642132,9735549194,65911428285.066666,0.9999769926071168,66064191326,76277004259.6,99.23999786376952,24.76000022888184,-4.814889861503735,5.033428665209683,0.2185388037059477,0.2567741935483871,14.25,108.96287,88.24516129032259,0.2293225806451615,2025-S1,2,2025,5,17.77642191357409,0.2185388037059477,0.05559456928838635,-0.006919309563035991,0.2293225806451615,0.8,37.36,40.87,26.42,23.76,MEDIO
2025-05-07,5.712800025939941,5.75281769434611,58714502443,9504150861,62552566941.43333,1.0001490116119385,68218653304,72388954644.43333,99.61000061035156,23.549999237060547,-4.386638204489602,4.093425294399733,-0.2932129100898684,0.2561290322580645,14.25,108.95533,88.2941935483871,0.1914516129032257,2025-S1,2,2025,5,-13.144141273383003,-0.2932129100898684,0.05556367890042768,-0.006919788364601054,0.1914516129032257,0.8,29.35,5.0,27.3,23.83,BAIXO
2025-05-08,5.74459981918335,5.752277692159017,113086692647,18666751902,63603315608.1,1.00006902217865,131753444549,73549958697.7,100.63999938964844,22.479999542236328,-3.7398407919449927,3.4586287044439445,-0.2812120875010482,0.2554838709677419,14.75,108.94779,88.34322580645161,0.1586021505376345,2025-S1,2,2025,5,93.45358482554515,-0.2812120875010482,0.055532822821069416,-0.006920267232457533,0.1586021505376345,0.8,36.2,40.0,30.84,24.36,MEDIO
2025-05-09,5.661600112915039,5.751051028569539,123013026162,20283556220,63052250493.13333,1.0000319480895996,143296582382,72914961152.43333,100.33999633789062,21.899999618530277,-3.5841293051518064,2.938335616549803,-0.6457936886020033,0.2548387096774193,14.75,108.94025,88.39225806451613,0.1307741935483868,2025-S1,2,2025,5,108.94712685602155,-0.6457936886020033,0.05550200099320168,-0.006920746166572123,0.1307741935483868,0.8,35.09,40.0,33.67,24.97,MEDIO
2025-05-12,5.648200035095215,5.74820769627889,130321621664,15429153390,66499848488.93333,1.0001150369644165,145750775054,76502837727.2,101.79000091552734,18.38999938964844,-2.16262973875484,0.6748828361171966,-1.4877469026376433,0.2529032258064516,14.75,108.91763,88.53935483870967,0.0774193548387094,2025-S1,2,2025,5,133.0865250436664,-1.4877469026376433,0.16641364007941029,-0.020763675501023204,0.0774193548387094,0.8,47.62,40.0,37.57,25.91,MEDIO
2025-05-13,5.6697998046875,5.745891030629476,104321151541,12265069905,67970761244.3,1.0002009868621826,116586221446,78102637033.46666,101.0,18.21999931335449,-3.08031773598868,1.869369149626088,-1.2109485863625924,0.252258064516129,14.75,108.91009,88.5883870967742,0.0696774193548388,2025-S1,2,2025,5,46.697886241733876,-1.2109485863625924,0.05537905505845764,-0.0069226625662,0.0696774193548388,0.8,30.63,40.0,37.81,26.33,MEDIO
2025-05-14,5.60046911239624,5.740636666615804,86030378330,11084092068,68656956471.26667,1.0002429485321045,97114470398,78782326588.16667,101.04000091552734,18.6200008392334,-3.0884338717888538,0.3508829520051715,-2.7375509197836823,0.2516129032258064,14.75,108.90255,88.63741935483871,0.0619354838709678,2025-S1,2,2025,5,43.461002678482345,-2.7375509197836823,0.05534840363552451,-0.0069231418319382065,0.0619354838709678,0.8,26.54,40.0,34.68,26.23,BAIXO
2025-05-15,5.636499881744385,5.738573328653971,90553673786,11937891647,69843836241.9,1.0000699758529663,102491565433,80045863629.9,100.87999725341795,17.829999923706055,-2.8224644774911933,1.7361922145539554,-1.086272262937238,0.2509677419354839,14.75,108.89501,88.68645161290323,0.0541935483870967,2025-S1,2,2025,5,55.13699563844205,-1.0862722629372379,0.0553177861239762,-0.00692362116406775,0.0541935483870967,0.8,30.56,40.0,33.71,26.67,MEDIO
2025-05-16,5.681300163269043,5.738573328653971,71549071733,9520953398,70237117263.66667,1.000251054763794,81070025131,80414548452.06667,101.08999633789062,17.239999771118164,-0.9601286958593858,0.9601286958593858,0.0,0.2503225806451613,14.75,108.88747,88.73548387096774,0.0464516129032257,2025-S1,2,2025,5,-21.916648889531608,0.0,0.05528720246754659,-0.006924100562555324,0.0464516129032257,0.8,20.95,5.0,32.51,26.55,BAIXO
2025-05-19,5.6586737632751465,5.73840578397115,94868169113,13501319705,74354469116.23334,1.0003060102462769,108369488818,84936261234.36667,100.43000030517578,18.13999938964844,-2.514071464071377,2.42532487804924,-0.088746586022137,0.2483870967741935,14.75,108.86485,88.88258064516128,0.023225806451613,2025-S1,2,2025,5,27.112901771864895,-0.08874658602213703,0.16576995783044168,-0.020773740082291603,0.023225806451613,0.8,49.16,40.0,34.36,27.51,MEDIO
2025-05-20,5.644499778747559,5.738869110743205,83143664164,11702597699,75891262305.76666,1.0002830028533936,94846261863,86713032323.93333,100.12000274658205,18.09000015258789,-3.0408670585788333,3.287728906728049,0.2468618481492157,0.2477419354838709,14.75,108.85731,88.9316129032258,0.0154838709677416,2025-S1,2,2025,5,4.425981298837334,0.24686184814921575,0.055165205272622586,-0.006926018820585522,0.0154838709677416,0.8,30.1,36.97,33.65,28.0,MEDIO
2025-05-21,5.667300224304199,5.733111445109049,123466069083,16330278133,77598471963.4,1.0003349781036377,139796347216,88616125762.73334,99.55999755859376,20.8700008392334,-3.302254813628547,0.3445651560995522,-2.9576896575289946,0.2470967741935484,14.75,108.84977,88.98064516129033,0.007741935483871,2025-S1,2,2025,5,-22.582265028740256,-2.9576896575289946,0.055134790052546734,-0.0069264985511741095,0.007741935483871,0.8,19.27,5.0,29.6,27.43,BAIXO
2025-05-22,5.644700050354004,5.724148114522298,110975437486,14980112894,78062602020.96666,0.9995790123939514,125955550380,89097079928.13333,99.95999908447266,20.280000686645508,-2.857145187375776,-1.6899990066786337,-4.547144194054409,0.2464516129032258,14.75,108.84223,89.02967741935484,0.0,2025-S1,2,2025,5,36.05894873833741,-4.547144194054409,0.05510440835265751,-0.006926978348231749,0.0,0.8,25.14,40.0,28.82,27.47,BAIXO
2025-05-23,5.71619987487793,5.714244778951009,120184388351,16085759239,79086865567.7,1.0000449419021606,136270147590,90195515452.63332,99.11000061035156,22.290000915527344,-1.7448221357266758,-3.1958937773903577,-4.9407159131170335,0.2458064516129032,14.75,108.83469,89.07870967741935,-0.007741935483871,2025-S1,2,2025,5,-13.874086559022182,-4.9407159131170335,0.055074060117688006,-0.006927458211769544,-0.007741935483871,0.8,18.35,5.0,27.65,26.93,BAIXO
2025-05-26,5.645199775695801,5.708481438954672,65825717009,10605358709,78680302587.93333,1.0003249645233154,76431075718,89637878466.1,98.93000030517578,,-0.8518726042492819,-2.1198913842635503,-2.971763988512832,0.2438709677419354,14.75,108.81207,89.2258064516129,-0.0309677419354836,2025-S1,2,2025,5,-17.885289952796434,-2.971763988512832,0.16513123587693634,-0.020783814425340275,-0.0309677419354836,0.8,36.56,5.0,28.5,27.3,MEDIO
2025-05-27,5.666600227355957,5.701224772135417,88511058748,12566362778,80109467243.96666,1.000349998474121,101077421526,91274230856.66669,99.5199966430664,18.959999084472656,-0.1204363180621448,-3.5792390213469027,-3.699675339409048,0.2432258064516129,14.75,108.80453,89.27483870967741,-0.0387096774193547,2025-S1,2,2025,5,26.604988201343804,-3.6996753394090476,0.05495300072306808,-0.006929378330922109,-0.0387096774193547,0.8,24.55,40.0,29.02,27.14,BAIXO
2025-05-28,5.637400150299072,5.693664773305257,75666999754,10577895466,80251077948.56667,1.0001959800720217,86244895220,91406193613.53334,99.87999725341795,19.309999465942383,-0.3392575964316746,-3.5282769427933847,-3.8675345392250593,0.2425806451612903,14.75,108.79699,89.32387096774193,-0.0464516129032257,2025-S1,2,2025,5,15.620067188847564,-3.8675345392250593,0.05492281898595852,-0.006929858527038313,-0.0464516129032257,0.8,23.59,40.0,25.37,26.87,BAIXO
2025-05-29,5.688700199127197,5.688148117065429,132016426246,12819165934,82690044176.93333,0.9997829794883728,144835592180,93959416798.0,99.27999877929688,19.18000030517578,-0.1006223353640312,-2.7264025426471217,-2.827024878011153,0.2419354838709677,14.75,108.78945,89.37290322580645,-0.0541935483870967,2025-S1,2,2025,5,140.26016327553376,-2.827024878011153,0.054892670383965836,-0.006930338789701285,-0.0541935483870967,0.8,27.61,40.0,25.01,27.28,BAIXO
2025-05-30,5.66510009765625,5.680831448237101,103196627033,14037798803,84111095667.73334,1.0001389980316162,117234425836,95522923997.0,99.33000183105467,18.56999969482422,-0.0503073291859612,-3.67976878114018,-3.7300761103261415,0.2412903225806451,14.75,108.78191,89.42193548387097,-0.0619354838709678,2025-S1,2,2025,5,72.71216704575649,-3.7300761103261526,0.05486255486255587,-0.006930819118955434,-0.0619354838709678,0.8,26.37,40.0,26.02,27.35,BAIXO
2025-06-02,5.720799922943115,5.676011451085409,66085098943,9976424446,85185058577.36667,1.0004700422286987,76061523389,96635948724.03334,98.6999969482422,18.36000061035156,0.4273485695583723,-2.892652190062517,-2.4653036205041445,0.24,14.75,108.76683,89.52,-0.084516129032258,2025-S1,2,2025,6,40.25216164035701,-2.4653036205041445,0.10966494473463317,-0.01386259902955711,-0.084516129032258,0.8,40.56,40.0,28.23,27.84,MEDIO
2025-06-03,5.672399997711182,5.671521457036336,71013728169,11229827940,86251528011.76666,1.000488042831421,82243556109,97891178114.76666,99.25,17.690000534057617,0.3336047686647525,-2.653176080788522,-2.3195713121237693,0.24,14.75,108.76683,89.52,-0.0909677419354837,2025-S1,2,2025,6,-26.828846536398476,-2.3195713121237693,0.0,0.0,-0.0909677419354837,0.8,3.0,5.0,26.03,26.97,BAIXO
2025-06-04,5.637800216674805,5.668784793217977,67119856911,8468630531,86742970146.93333,1.0004349946975708,75588487442,98383360621.93332,98.79000091552734,17.610000610351562,-1.0516781459103397,-0.3836601059341027,-1.4353382518444424,0.24,14.75,108.76683,89.52,-0.096774193548387,2025-S1,2,2025,6,-24.969263882671267,-1.4353382518444424,0.0,0.0,-0.096774193548387,0.8,3.0,5.0,21.24,26.59,BAIXO
2025-06-05,5.6321001052856445,5.666408125559489,92185172217,12971199685,87938187816.43333,1.0005370378494265,105156371902,99686433307.8,98.73999786376952,18.479999542236328,-0.5539359922312137,-0.6961960003777024,-1.250131992608916,0.24,14.75,108.76683,89.52,-0.1019354838709674,2025-S1,2,2025,6,30.799062025087597,-1.250131992608916,0.0,0.0,-0.1019354838709674,0.8,9.5,40.0,19.09,26.5,BAIXO
2025-06-06,5.58459997177124,5.663271458943685,72405540439,10624202500,88394555749.63333,1.0006680488586426,83029742939,100180136295.63332,99.19000244140624,16.770000457763672,-0.2814906764458724,-1.3755787050529933,-1.6570693814988655,0.24,14.75,108.76683,89.52,-0.1064516129032258,2025-S1,2,2025,6,-12.499316510772818,-1.6570693814988657,0.0,0.0,-0.1064516129032258,0.8,3.0,5.0,16.15,26.05,BAIXO
2025-06-09,5.562699794769287,5.659204785029093,78229739798,11121173460,83852165468.6,1.0004609823226929,89350913258,94727631287.63332,98.94000244140624,17.15999984741211,-0.0706996195474318,-2.0754156930595125,-2.1461153126069443,0.24,14.75,108.76683,89.52,-0.1161290322580645,2025-S1,2,2025,6,9.536806496548799,-2.1461153126069443,0.0,0.0,-0.1161290322580645,0.8,7.43,40.0,13.27,25.53,BAIXO
2025-06-10,5.557000160217285,5.656008116404215,96538967029,12534543490,84107633546.6,1.0000779628753662,109073510519,95082960414.2,99.0500030517578,16.950000762939453,-0.1914498348463578,-1.5050255146499047,-1.6964753494962626,0.24,14.75,108.76683,89.52,-0.1180645161290323,2025-S1,2,2025,6,64.04956277027489,-1.6964753494962626,0.0,0.0,-0.1180645161290323,0.8,10.85,40.0,11.05,25.51,BAIXO
2025-06-11,5.572100162506104,5.654411458969117,86823756798,12114377963,82657704717.73334,1.0001569986343384,98938134761,93522539071.1,98.62999725341795,17.260000228881836,-0.8444796993832937,-0.007828557349232,-0.8523082567325257,0.24,14.75,108.76683,89.52,-0.1193548387096772,2025-S1,2,2025,6,43.35612780154341,-0.8523082567325146,0.0,0.0,-0.1193548387096772,0.8,10.13,40.0,6.7,25.34,BAIXO
2025-06-12,5.535799980163574,5.649841451644898,83390494825,12038406500,81960016160.53334,1.0003069639205933,95428901325,92817295067.06668,97.91999816894533,18.020000457763672,-2.324191352673,-0.0925657714734407,-2.4167571241464403,0.24,14.75,108.76683,89.52,-0.1200000000000001,2025-S1,2,2025,6,31.228854484182598,-2.4167571241464403,0.0,0.0,-0.1200000000000001,0.8,9.53,40.0,7.63,24.98,BAIXO
2025-06-13,5.537300109863281,5.645181449254354,113707726435,15711024871,82882594430.7,1.000290036201477,129418751306,93894104430.66669,98.18000030517578,20.81999969482422,-1.8199996948242148,-0.6425263703298878,-2.4625260651541026,0.24,14.75,108.76683,89.52,-0.1200000000000001,2025-S1,2,2025,6,112.22962628074691,-2.4625260651541026,0.0,0.0,-0.1200000000000001,0.8,11.89,40.0,8.9,24.41,BAIXO
2025-06-16,5.538899898529053,5.64091477394104,81243114660,11821030209,81391969232.23334,1.0005040168762207,93064144869,92269469602.4,98.0,19.11000061035156,-1.833118098256325,-0.4256169391049891,-2.258735037361314,0.24,14.75,108.76683,89.52,-0.1200000000000001,2025-S1,2,2025,6,55.11340129237367,-2.2587350373613146,0.0,0.0,-0.1200000000000001,0.8,10.57,40.0,9.06,23.15,BAIXO
2025-06-17,5.490799903869629,5.634398110707601,88541509931,11930708142,81574003913.33333,1.0002230405807495,100472218073,92542310566.2,98.81999969482422,21.600000381469727,-0.423214609014666,-3.014871736224567,-3.438086345239233,0.24,14.75,108.76683,89.52,-0.1200000000000001,2025-S1,2,2025,6,57.187367882067306,-3.438086345239233,0.0,0.0,-0.1200000000000001,0.8,10.64,40.0,10.15,22.26,BAIXO
2025-06-18,5.493000030517578,5.627071444193522,72884896811,10252994413,80841228169.93333,1.0002059936523438,83137891224,91701257313.06668,98.91000366210938,20.13999938964844,-0.7027376206736435,-3.144762631817677,-3.84750025249132,0.24,14.75,108.76683,89.52,-0.1200000000000001,2025-S1,2,2025,6,24.134402538379017,-3.8475002524913204,0.0,0.0,-0.1200000000000001,0.8,9.06,40.0,10.38,21.58,BAIXO
2025-06-19,5.485199928283691,5.618424781163534,51812908672,7012804058,79796869653.53334,1.0001859664916992,58825712730,90500572341.96666,,,,,-4.515543276546885,0.24,15.0,108.76683,89.52,-0.1200000000000001,2025-S1,2,2025,6,-54.183018833406024,-4.515543276546885,0.0,0.0,-0.1200000000000001,0.8,,5.0,10.3,21.08,
2025-06-20,5.489999771118164,5.612704769770304,75209794639,10219555385,78188327172.06667,1.0001490116119385,85429350024,88688339102.23334,98.70999908447266,20.6200008392334,-1.917726864945013,-1.1132244275248726,-3.0309512924698856,0.24,15.0,108.76683,89.52,-0.1200000000000001,2025-S1,2,2025,6,-38.86030042058011,-3.0309512924698856,0.0,0.0,-0.1200000000000001,0.8,3.0,5.0,9.12,19.97,BAIXO
2025-06-23,5.518400192260742,5.608378108342489,98542704157,14686763043,77053178883.66667,1.0015660524368286,113229467200,87437667963.9,98.41999816894533,19.82999992370605,-1.913492364978564,-0.3845821017180562,-2.29807446669662,0.24,15.0,108.76683,89.52,-0.1200000000000001,2025-S1,2,2025,6,-24.384992375964732,-2.29807446669662,0.0,0.0,-0.1200000000000001,0.8,3.0,5.0,8.03,18.43,BAIXO
2025-06-24,5.493800163269043,5.60251145362854,75707901657,11980793061,77394165216.93333,1.0004520416259766,87688694718,87886588451.66667,97.86000061035156,17.479999542236328,-3.860890332869904,0.7567306185718881,-3.104159714298016,0.24,15.0,108.76683,89.52,-0.1200000000000001,2025-S1,2,2025,6,-27.4280425985851,-3.104159714298016,0.0,0.0,-0.1200000000000001,0.8,4.96,5.0,6.87,17.55,BAIXO
2025-06-25,5.510300159454346,5.5995058218638105,69356982500,9748172042,77511874066.63333,0.9999799728393556,79105154542,87975724412.46666,97.68000030517578,16.760000228881836,-3.287128410717044,1.6771034086629832,-1.6100250020540607,0.24,15.0,108.76683,89.52,-0.1200000000000001,2025-S1,2,2025,6,-19.380823557515093,-1.6100250020540607,0.0,0.0,-0.1200000000000001,0.8,7.35,5.0,6.34,16.89,BAIXO
2025-06-26,5.557899951934815,5.596885824203492,64207856832,9274454781,76701767336.1,1.0002130270004272,73482311613,87055887415.36667,97.1500015258789,16.59000015258789,-3.849959772764256,2.4554785972364934,-1.394481175527762,0.24,15.0,108.76683,89.52,-0.1200000000000001,2025-S1,2,2025,6,-29.094144778997556,-1.3944811755277509,0.0,0.0,-0.1200000000000001,0.8,9.38,5.0,6.12,16.16,BAIXO
2025-06-27,5.477099895477295,5.590079148610433,60543447346,8447973357,76197648922.5,1.0003290176391602,68991420703,86480771598.13333,97.4000015258789,16.31999969482422,-3.449638999094196,-0.1446134065778648,-3.5942524056720604,0.24,15.0,108.76683,89.52,-0.1200000000000001,2025-S1,2,2025,6,-15.381924769156674,-3.5942524056720604,0.0,0.0,-0.1200000000000001,0.8,3.0,5.0,5.12,15.54,BAIXO
